o tree
v 0.288 0 0
v 0.144 0.249415 0
v -0.144 0.249415 0
v -0.288 3.52698e-17 0
v -0.144 -0.249415 0
v 0.144 -0.249415 0
v 0.1404 0 0.836743
v 0.0702 0.12159 0.836743
v -0.0702 0.12159 0.836743
v -0.1404 1.7194e-17 0.836743
v -0.0702 -0.12159 0.836743
v 0.0702 -0.12159 0.836743
v 0.109512 0 1.67349
v 0.054756 0.0948402 1.67349
v -0.054756 0.0948402 1.67349
v -0.109512 1.34114e-17 1.67349
v -0.054756 -0.0948402 1.67349
v 0.054756 -0.0948402 1.67349
v 0.0854194 0 2.51023
v 0.0427097 0.0739753 2.51023
v -0.0427097 0.0739753 2.51023
v -0.0854194 1.04609e-17 2.51023
v -0.0427097 -0.0739753 2.51023
v 0.0427097 -0.0739753 2.51023
v 0.0666271 0 3.34697
v 0.0333136 0.0577008 3.34697
v -0.0333136 0.0577008 3.34697
v -0.0666271 8.15947e-18 3.34697
v -0.0333136 -0.0577008 3.34697
v 0.0333136 -0.0577008 3.34697
v 0 0.0830776 1.80189
v -0.109119 0.0415388 1.84925
v -0.109119 -0.0415388 1.94398
v -1.54305e-17 -0.0830776 1.99135
v 0.109119 -0.0415388 1.94398
v 0.109119 0.0415388 1.84925
v 0 0.420369 2.11686
v -0.0968433 0.386332 2.16121
v -0.0968433 0.318257 2.24993
v -1.36946e-17 0.28422 2.29429
v 0.0968433 0.318257 2.24993
v 0.0968433 0.386332 2.16121
v 0 0.778292 2.40963
v -0.0845674 0.751166 2.45023
v -0.0845674 0.696915 2.53142
v -1.19587e-17 0.669789 2.57202
v 0.0845674 0.696915 2.53142
v 0.0845674 0.751166 2.45023
v 0 1.15539 2.67886
v -0.0722915 1.13452 2.715
v -0.0722915 1.09278 2.7873
v -1.02227e-17 1.07191 2.82344
v 0.0722915 1.09278 2.7873
v 0.0722915 1.13452 2.715
v 0 1.5541 2.92542
v -0.0600156 1.53677 2.95543
v -0.0600156 1.50212 3.01545
v -8.4868e-18 1.4848 3.04545
v 0.0600156 1.50212 3.01545
v 0.0600156 1.53677 2.95543
v 0 1.49329 2.91358
v -0.0662259 1.50637 2.94951
v -0.0662259 1.53252 3.02137
v -9.36501e-18 1.5456 3.0573
v 0.0662259 1.53252 3.02137
v 0.0662259 1.50637 2.94951
v 0 1.74281 2.83192
v -0.0587755 1.75442 2.8638
v -0.0587755 1.77763 2.92758
v -8.31144e-18 1.78924 2.95947
v 0.0587755 1.77763 2.92758
v 0.0587755 1.75442 2.8638
v 0 1.99233 2.75025
v -0.0513251 2.00247 2.7781
v -0.0513251 2.02274 2.83379
v -7.25788e-18 2.03287 2.86164
v 0.0513251 2.02274 2.83379
v 0.0513251 2.00247 2.7781
v 0 2.24185 2.66859
v -0.0438747 2.25052 2.69239
v -0.0438747 2.26784 2.74
v -6.20432e-18 2.27651 2.7638
v 0.0438747 2.26784 2.74
v 0.0438747 2.25052 2.69239
v 0 2.49137 2.58693
v -0.0364242 2.49857 2.60669
v -0.0364242 2.51295 2.64621
v -5.15075e-18 2.52014 2.66597
v 0.0364242 2.51295 2.64621
v 0.0364242 2.49857 2.60669
v 0 2.48988 2.58284
v -0.0401934 2.49782 2.60464
v -0.0401934 2.51369 2.64826
v -5.68375e-18 2.52163 2.67006
v 0.0401934 2.51369 2.64826
v 0.0401934 2.49782 2.60464
v 0 2.62975 2.53749
v -0.0356716 2.6368 2.55684
v -0.0356716 2.65089 2.59554
v -5.04433e-18 2.65793 2.6149
v 0.0356716 2.65089 2.59554
v 0.0356716 2.6368 2.55684
v 0 2.76962 2.49213
v -0.0311499 2.77577 2.50903
v -0.0311499 2.78808 2.54283
v -4.4049e-18 2.79423 2.55973
v 0.0311499 2.78808 2.54283
v 0.0311499 2.77577 2.50903
v 0 2.90949 2.44678
v -0.0266281 2.91475 2.46123
v -0.0266281 2.92527 2.49012
v -3.76548e-18 2.93053 2.50457
v 0.0266281 2.92527 2.49012
v 0.0266281 2.91475 2.46123
v 0 3.04936 2.40143
v -0.0221064 3.05373 2.41342
v -0.0221064 3.06246 2.43741
v -3.12606e-18 3.06682 2.4494
v 0.0221064 3.06246 2.43741
v 0.0221064 3.05373 2.41342
v 0 3.04846 2.39895
v -0.0243939 3.05328 2.41218
v -0.0243939 3.06291 2.43865
v -3.44954e-18 3.06773 2.45189
v 0.0243939 3.06291 2.43865
v 0.0243939 3.05328 2.41218
v 0 3.12687 2.37378
v -0.0216496 3.13114 2.38553
v -0.0216496 3.13969 2.40902
v -3.06147e-18 3.14397 2.42076
v 0.0216496 3.13969 2.40902
v 0.0216496 3.13114 2.38553
v 0 3.20528 2.34861
v -0.0189053 3.20901 2.35887
v -0.0189053 3.21648 2.37938
v -2.6734e-18 3.22021 2.38964
v 0.0189053 3.21648 2.37938
v 0.0189053 3.20901 2.35887
v 0 3.28369 2.32345
v -0.016161 3.28688 2.33221
v -0.016161 3.29326 2.34975
v -2.28532e-18 3.29646 2.35852
v 0.016161 3.29326 2.34975
v 0.016161 3.28688 2.33221
v 0 3.3621 2.29828
v -0.0134166 3.36475 2.30556
v -0.0134166 3.37005 2.32012
v -1.89725e-18 3.3727 2.3274
v 0.0134166 3.37005 2.32012
v 0.0134166 3.36475 2.30556
v 0 3.07111 2.40044
v -0.0194785 3.05158 2.40614
v -0.0194785 3.03856 2.43112
v -2.75445e-18 3.04508 2.4504
v 0.0194785 3.06461 2.44469
v 0.0194785 3.07762 2.41971
v -0.0495381 3.12612 2.43277
v -0.0665867 3.10896 2.43906
v -0.0665867 3.0992 2.46208
v -0.0495381 3.10661 2.4788
v -0.0324895 3.12377 2.4725
v -0.0324895 3.13353 2.44948
v -0.100256 3.18288 2.46035
v -0.114968 3.16818 2.46698
v -0.114968 3.16132 2.48771
v -0.100256 3.16916 2.5018
v -0.0855447 3.18387 2.49517
v -0.0855447 3.19073 2.47445
v -0.151938 3.24119 2.48306
v -0.164395 3.22899 2.48972
v -0.164395 3.22462 2.50786
v -0.151938 3.23244 2.51934
v -0.139481 3.24464 2.51268
v -0.139481 3.24901 2.49454
v -0.204361 3.30211 2.501
v -0.214703 3.29199 2.50652
v -0.214703 3.28836 2.52159
v -0.204361 3.29485 2.53112
v -0.194019 3.30498 2.52559
v -0.194019 3.30861 2.51053
v 0 3.04195 2.40234
v -0.0129749 3.06695 2.40204
v -0.0129749 3.08309 2.42512
v -1.83478e-18 3.07424 2.4485
v 0.0129749 3.04924 2.4488
v 0.0129749 3.03309 2.42572
v 0.0696838 3.0784 2.38076
v 0.0577883 3.10033 2.37929
v 0.0577883 3.11589 2.39885
v 0.0696838 3.10952 2.41989
v 0.0815793 3.08758 2.42137
v 0.0815793 3.07202 2.40181
v 0.138439 3.11576 2.3551
v 0.128051 3.13491 2.35381
v 0.128051 3.1485 2.37089
v 0.138439 3.14293 2.38927
v 0.148826 3.12378 2.39056
v 0.148826 3.11019 2.37347
v 0.207193 3.15311 2.32943
v 0.198314 3.16949 2.32833
v 0.198314 3.18111 2.34294
v 0.207193 3.17635 2.35864
v 0.216073 3.15997 2.35975
v 0.216073 3.14836 2.34514
v 0.275948 3.19047 2.30377
v 0.268576 3.20407 2.30285
v 0.268576 3.21371 2.31498
v 0.275948 3.20976 2.32802
v 0.28332 3.19617 2.32893
v 0.28332 3.18652 2.31681
v 0 2.52321 2.58345
v -0.0331162 2.49338 2.59638
v -0.0331162 2.47593 2.63939
v -4.68297e-18 2.48831 2.66946
v 0.0331162 2.51814 2.65652
v 0.0331162 2.53559 2.61351
v -0.0832743 2.63041 2.63272
v -0.112395 2.60454 2.64611
v -0.112395 2.59208 2.68537
v -0.0832743 2.60548 2.71124
v -0.054154 2.63135 2.69784
v -0.054154 2.64381 2.65858
v -0.168145 2.74041 2.67323
v -0.193387 2.71856 2.68663
v -0.193387 2.71044 2.72167
v -0.168145 2.72415 2.74331
v -0.142903 2.746 2.72991
v -0.142903 2.75412 2.69487
v -0.254249 2.85279 2.70476
v -0.275713 2.83495 2.71765
v -0.275713 2.83043 2.74806
v -0.254249 2.84376 2.76558
v -0.232785 2.86161 2.75269
v -0.232785 2.86612 2.72228
v -0.341217 2.96919 2.72732
v -0.359036 2.95437 2.73802
v -0.359036 2.95062 2.76327
v -0.341217 2.96169 2.77782
v -0.323398 2.97651 2.76711
v -0.323398 2.98026 2.74186
v -0.341217 2.95458 2.72657
v -0.362866 2.94964 2.7439
v -0.362866 2.96049 2.76989
v -0.341217 2.9763 2.77856
v -0.319568 2.98124 2.76123
v -0.319568 2.97039 2.73524
v -0.37914 3.02319 2.70135
v -0.398354 3.01881 2.71673
v -0.398354 3.02844 2.7398
v -0.37914 3.04246 2.74749
v -0.359927 3.04685 2.73211
v -0.359927 3.03722 2.70904
v -0.417063 3.0918 2.67613
v -0.433841 3.08797 2.68956
v -0.433841 3.09638 2.70971
v -0.417063 3.10863 2.71642
v -0.400285 3.11246 2.70299
v -0.400285 3.10405 2.68285
v -0.454987 3.16041 2.65091
v -0.469329 3.15714 2.66239
v -0.469329 3.16433 2.67961
v -0.454987 3.1748 2.68535
v -0.440644 3.17807 2.67387
v -0.440644 3.17088 2.65665
v -0.49291 3.22903 2.62569
v -0.504817 3.2263 2.63522
v -0.504817 3.23228 2.64952
v -0.49291 3.24097 2.65428
v -0.481003 3.24369 2.64475
v -0.481003 3.23772 2.63046
v -0.341217 2.99354 2.75446
v -0.3556 2.98082 2.73385
v -0.3556 2.95271 2.73196
v -0.341217 2.93734 2.75067
v -0.326834 2.95006 2.77128
v -0.326834 2.97817 2.77317
v -0.407681 2.98711 2.80291
v -0.419279 2.97606 2.78372
v -0.419279 2.95113 2.78178
v -0.407681 2.93726 2.79904
v -0.396082 2.94831 2.81824
v -0.396082 2.97323 2.82017
v -0.477165 2.98052 2.84689
v -0.486233 2.97113 2.82939
v -0.486233 2.94939 2.82743
v -0.477165 2.93703 2.84297
v -0.468097 2.94642 2.86047
v -0.468097 2.96816 2.86243
v -0.557202 2.95523 2.8673
v -0.552635 2.93909 2.87547
v -0.544804 2.93909 2.89241
v -0.541541 2.95523 2.90118
v -0.546108 2.97138 2.89301
v -0.553939 2.97138 2.87607
v -0.630492 2.95158 2.90467
v -0.6267 2.93817 2.91145
v -0.620199 2.93817 2.92552
v -0.61749 2.95158 2.9328
v -0.621282 2.96498 2.92602
v -0.627783 2.96498 2.91196
v -0.341217 2.96526 2.7244
v -0.363572 2.97511 2.73842
v -0.363572 2.97529 2.76659
v -0.341217 2.96562 2.78073
v -0.318862 2.95577 2.76671
v -0.318862 2.95559 2.73855
v -0.308285 3.03891 2.72716
v -0.328135 3.04849 2.73895
v -0.328135 3.05044 2.76387
v -0.308285 3.04279 2.777
v -0.288436 3.03321 2.76521
v -0.288436 3.03126 2.74029
v -0.275437 3.11283 2.72463
v -0.292793 3.12186 2.73431
v -0.292793 3.1251 2.75589
v -0.275437 3.11931 2.7678
v -0.258081 3.11028 2.75812
v -0.258081 3.10704 2.73653
v -0.242813 3.1867 2.71678
v -0.25768 3.19492 2.7245
v -0.25768 3.199 2.74271
v -0.242813 3.19485 2.7532
v -0.227945 3.18663 2.74548
v -0.227945 3.18256 2.72727
v -0.210552 3.26127 2.70334
v -0.222894 3.2681 2.70976
v -0.222894 3.27148 2.72487
v -0.210552 3.26804 2.73358
v -0.198209 3.26121 2.72717
v -0.198209 3.25783 2.71205
v 0 2.48057 2.58747
v -0.0241309 2.52016 2.58952
v -0.0241309 2.54535 2.6285
v -3.41234e-18 2.53094 2.66543
v 0.0241309 2.49135 2.66338
v 0.0241309 2.46617 2.6244
v 0.117516 2.55664 2.54455
v 0.0958705 2.59167 2.54558
v 0.0958705 2.61489 2.57961
v 0.117516 2.60308 2.6126
v 0.139161 2.56805 2.61157
v 0.139161 2.54483 2.57755
v 0.234317 2.63324 2.49861
v 0.215416 2.66383 2.49951
v 0.215416 2.6841 2.52922
v 0.234317 2.67379 2.55803
v 0.253219 2.6432 2.55713
v 0.253219 2.62292 2.52742
v 0.351118 2.70983 2.45266
v 0.334961 2.73598 2.45343
v 0.334961 2.75331 2.47883
v 0.351118 2.74449 2.50346
v 0.367276 2.71835 2.50269
v 0.367276 2.70101 2.47729
v 0.46792 2.78643 2.40672
v 0.454506 2.80813 2.40735
v 0.454506 2.82252 2.42844
v 0.46792 2.8152 2.44889
v 0.481334 2.79349 2.44825
v 0.481334 2.77911 2.42716
v 0.46792 2.78452 2.45077
v 0.453501 2.77662 2.4279
v 0.453501 2.79292 2.40493
v 0.46792 2.81711 2.40483
v 0.482339 2.82501 2.4277
v 0.482339 2.80871 2.45067
v 0.534295 2.74668 2.42005
v 0.521498 2.73967 2.39975
v 0.521498 2.75413 2.37936
v 0.534295 2.77561 2.37927
v 0.547092 2.78262 2.39957
v 0.547092 2.76815 2.41996
v 0.600671 2.70884 2.38932
v 0.589496 2.70272 2.37159
v 0.589496 2.71535 2.35379
v 0.600671 2.73411 2.35371
v 0.611845 2.74023 2.37143
v 0.611845 2.72759 2.38924
v 0.667046 2.67101 2.35859
v 0.657494 2.66577 2.34343
v 0.657494 2.67657 2.32821
v 0.667046 2.6926 2.32815
v 0.676599 2.69783 2.3433
v 0.676599 2.68704 2.35852
v 0.733422 2.63317 2.32786
v 0.725491 2.62882 2.31528
v 0.725491 2.63779 2.30264
v 0.733422 2.6511 2.30259
v 0.741352 2.65544 2.31517
v 0.741352 2.64648 2.3278
v 0.46792 2.80163 2.39965
v 0.443548 2.80226 2.41375
v 0.443548 2.80144 2.44191
v 0.46792 2.8 2.45596
v 0.492291 2.79937 2.44185
v 0.492291 2.80018 2.41369
v 0.471424 2.88208 2.4052
v 0.449794 2.88346 2.41766
v 0.449794 2.88437 2.44264
v 0.471424 2.88391 2.45517
v 0.493054 2.88253 2.44271
v 0.493054 2.88162 2.41773
v 0.474927 2.96293 2.40546
v 0.456039 2.96484 2.41624
v 0.456039 2.96706 2.43796
v 0.474927 2.96738 2.4489
v 0.493815 2.96547 2.43812
v 0.493815 2.96325 2.4164
v 0.478414 3.04383 2.40041
v 0.462268 3.04606 2.40949
v 0.462268 3.04917 2.42789
v 0.478414 3.05005 2.43721
v 0.494561 3.04783 2.42812
v 0.494561 3.04472 2.40972
v 0.481871 3.12542 2.38982
v 0.468466 3.12727 2.39737
v 0.468466 3.12986 2.41264
v 0.481871 3.13059 2.42037
v 0.495276 3.12874 2.41283
v 0.495276 3.12616 2.39755
v 0.465255 2.80081 2.45584
v 0.457815 2.77807 2.44099
v 0.460479 2.77807 2.41295
v 0.470584 2.80081 2.39976
v 0.478025 2.82356 2.41461
v 0.47536 2.82356 2.44266
v 0.543695 2.77109 2.46005
v 0.536155 2.75091 2.44736
v 0.536768 2.75091 2.42237
v 0.544922 2.77109 2.41007
v 0.552462 2.79126 2.42276
v 0.551848 2.79126 2.44775
v 0.621973 2.74125 2.45875
v 0.614632 2.72363 2.44816
v 0.613635 2.72363 2.42635
v 0.619979 2.74125 2.41513
v 0.62732 2.75887 2.42573
v 0.628317 2.75887 2.44753
v 0.699751 2.71144 2.45198
v 0.692885 2.69636 2.44338
v 0.690728 2.69636 2.42485
v 0.695437 2.71144 2.4149
v 0.702303 2.72651 2.4235
v 0.70446 2.72651 2.44203
v 0.775625 2.68177 2.43996
v 0.769925 2.66925 2.43282
v 0.768134 2.66925 2.41743
v 0.772044 2.68177 2.40918
v 0.777744 2.69428 2.41631
v 0.779535 2.69428 2.4317
v 0 1.59075 2.95781
v -0.054721 1.54162 2.93684
v -0.054721 1.47032 2.96447
v -7.7381e-18 1.44814 3.01307
v 0.054721 1.49727 3.03403
v 0.054721 1.56858 3.00641
v -0.147802 1.65985 3.16017
v -0.194529 1.6144 3.14128
v -0.194529 1.55232 3.16873
v -0.147802 1.5357 3.21505
v -0.101074 1.58116 3.23394
v -0.101074 1.64323 3.2065
v -0.30697 1.73506 3.35174
v -0.346092 1.69364 3.33541
v -0.346092 1.64072 3.36208
v -0.30697 1.62921 3.40508
v -0.267849 1.67062 3.42142
v -0.267849 1.72355 3.39474
v -0.476824 1.81606 3.53176
v -0.508779 1.77911 3.51833
v -0.508779 1.7352 3.54359
v -0.476824 1.72824 3.58228
v -0.44487 1.76518 3.59571
v -0.44487 1.8091 3.57045
v -0.656637 1.9039 3.7017
v -0.683165 1.87323 3.69056
v -0.683165 1.83677 3.71153
v -0.656637 1.83099 3.74365
v -0.630109 1.86166 3.7548
v -0.630109 1.89812 3.73383
v -0.656637 1.86182 3.67661
v -0.69363 1.84903 3.70155
v -0.69363 1.85466 3.74762
v -0.656637 1.87307 3.76875
v -0.619643 1.88586 3.74381
v -0.619643 1.88023 3.69774
v -0.714094 1.99381 3.66585
v -0.746981 1.98419 3.68871
v -0.746981 1.99207 3.72914
v -0.714094 2.00957 3.74671
v -0.681206 2.01919 3.72385
v -0.681206 2.01131 3.68342
v -0.771006 2.12531 3.64563
v -0.799794 2.1185 3.66609
v -0.799794 2.12786 3.70082
v -0.771006 2.14402 3.7151
v -0.742218 2.15083 3.69464
v -0.742218 2.14148 3.6599
v -0.827129 2.25574 3.61599
v -0.851815 2.25134 3.63378
v -0.851815 2.2614 3.66284
v -0.827129 2.27586 3.6741
v -0.802444 2.28027 3.65631
v -0.802444 2.27021 3.62725
v -0.882224 2.38618 3.57635
v -0.902717 2.38252 3.59112
v -0.902717 2.39087 3.61525
v -0.882224 2.40288 3.62459
v -0.86173 2.40654 3.60982
v -0.86173 2.39819 3.5857
v -0.882224 2.38054 3.57602
v -0.899029 2.37219 3.59703
v -0.899029 2.38617 3.62148
v -0.882224 2.40851 3.62492
v -0.865419 2.41687 3.60392
v -0.865419 2.40289 3.57947
v -0.941872 2.43133 3.55063
v -0.956786 2.42391 3.56927
v -0.956786 2.43632 3.59097
v -0.941872 2.45615 3.59403
v -0.926958 2.46357 3.57539
v -0.926958 2.45115 3.55369
v -1.00152 2.48211 3.52523
v -1.01454 2.47563 3.54151
v -1.01454 2.48647 3.56046
v -1.00152 2.50378 3.56313
v -0.988497 2.51026 3.54685
v -0.988497 2.49942 3.52791
v -1.06117 2.53289 3.49984
v -1.0723 2.52735 3.51376
v -1.0723 2.53662 3.52995
v -1.06117 2.55142 3.53224
v -1.05004 2.55696 3.51832
v -1.05004 2.54769 3.50212
v -1.12082 2.58367 3.47445
v -1.13006 2.57908 3.486
v -1.13006 2.58677 3.49945
v -1.12082 2.59906 3.50134
v -1.11157 2.60365 3.48979
v -1.11157 2.59596 3.47634
v -0.882224 2.41467 3.58078
v -0.898145 2.39168 3.57741
v -0.898145 2.37154 3.59711
v -0.882224 2.37439 3.62017
v -0.866302 2.39738 3.62353
v -0.866302 2.41752 3.60384
v -0.944569 2.44844 3.61997
v -0.958058 2.42746 3.61834
v -0.958058 2.4111 3.63724
v -0.944569 2.41572 3.65777
v -0.931079 2.43671 3.6594
v -0.931079 2.45307 3.6405
v -1.00893 2.48358 3.65469
v -1.02019 2.46488 3.6547
v -1.02019 2.45215 3.67244
v -1.00893 2.45813 3.69016
v -0.997672 2.47683 3.69015
v -0.997672 2.48955 3.67241
v -1.07504 2.51999 3.68483
v -1.08426 2.50383 3.68629
v -1.08426 2.49451 3.70245
v -1.07504 2.50135 3.71716
v -1.06581 2.51751 3.71571
v -1.06581 2.52683 3.69954
v -1.1426 2.55911 3.71104
v -1.15026 2.54569 3.71224
v -1.15026 2.53796 3.72567
v -1.1426 2.54363 3.73788
v -1.13494 2.55704 3.73667
v -1.13494 2.56478 3.72325
v -0.882224 2.38238 3.57506
v -0.901567 2.40186 3.58136
v -0.901567 2.41401 3.60677
v -0.882224 2.40668 3.62589
v -0.862881 2.38719 3.61959
v -0.862881 2.37505 3.59418
v -0.832086 2.44262 3.54977
v -0.849253 2.45991 3.55536
v -0.849253 2.47069 3.57792
v -0.832086 2.46418 3.59488
v -0.814919 2.44689 3.58929
v -0.814919 2.43611 3.56674
v -0.781948 2.50285 3.52449
v -0.796939 2.51795 3.52937
v -0.796939 2.52737 3.54906
v -0.781948 2.52168 3.56388
v -0.766957 2.50658 3.559
v -0.766957 2.49717 3.5393
v -0.731811 2.56309 3.4992
v -0.744626 2.576 3.50337
v -0.744626 2.58405 3.52021
v -0.731811 2.57919 3.53287
v -0.718996 2.56628 3.5287
v -0.718996 2.55823 3.51187
v -0.681673 2.62333 3.47392
v -0.692312 2.63404 3.47738
v -0.692312 2.64072 3.49136
v -0.681673 2.63669 3.50187
v -0.671034 2.62597 3.49841
v -0.671034 2.61929 3.48443
v -0.656637 1.88913 3.76371
v -0.680047 1.90717 3.72792
v -0.680047 1.88549 3.68689
v -0.656637 1.84576 3.68165
v -0.633227 1.82772 3.71743
v -0.633227 1.8494 3.75846
v -0.776085 1.80703 3.80093
v -0.796183 1.82678 3.77089
v -0.796183 1.81153 3.73263
v -0.776085 1.77652 3.72441
v -0.755987 1.75678 3.75446
v -0.755987 1.77203 3.79272
v -0.897488 1.72433 3.82804
v -0.914584 1.74473 3.80384
v -0.914584 1.73527 3.76914
v -0.897488 1.70542 3.75863
v -0.880392 1.68502 3.78283
v -0.880392 1.69448 3.81753
v -1.02032 1.64158 3.84495
v -1.03468 1.6615 3.82645
v -1.03468 1.65698 3.79603
v -1.02032 1.63254 3.78412
v -1.00596 1.61262 3.80262
v -1.00596 1.61714 3.83303
v -1.14407 1.56242 3.85142
v -1.15599 1.57896 3.83607
v -1.15599 1.57521 3.81082
v -1.14407 1.55492 3.80093
v -1.13215 1.53839 3.81629
v -1.13215 1.54214 3.84154
v -1.14407 1.58639 3.83122
v -1.16552 1.57461 3.81728
v -1.16552 1.5469 3.81223
v -1.14407 1.53096 3.82113
v -1.12261 1.54274 3.83507
v -1.12261 1.57045 3.84012
v -1.18322 1.57016 3.90254
v -1.2016 1.56029 3.88876
v -1.2016 1.53583 3.88361
v -1.18322 1.52124 3.89223
v -1.16484 1.53111 3.906
v -1.16484 1.55557 3.91116
v -1.22671 1.55251 3.97087
v -1.24213 1.54448 3.95767
v -1.24213 1.52326 3.95253
v -1.22671 1.51008 3.9606
v -1.2113 1.51811 3.97381
v -1.2113 1.53933 3.97894
v -1.27435 1.5335 4.03593
v -1.28694 1.5272 4.02367
v -1.28694 1.50922 4.0187
v -1.27435 1.49753 4.02598
v -1.26176 1.50382 4.03823
v -1.26176 1.5218 4.0432
v -1.32594 1.51335 4.09687
v -1.33639 1.50813 4.0867
v -1.33639 1.4932 4.08257
v -1.32594 1.48349 4.08861
v -1.31549 1.48871 4.09878
v -1.31549 1.50364 4.10291
v -1.13431 1.55867 3.79975
v -1.14284 1.53459 3.81162
v -1.1526 1.53459 3.83804
v -1.15383 1.55867 3.8526
v -1.1453 1.58276 3.84073
v -1.13554 1.58276 3.81431
v -1.21161 1.5718 3.77458
v -1.21918 1.55042 3.78511
v -1.22784 1.55042 3.80856
v -1.22894 1.5718 3.82148
v -1.22137 1.59317 3.81095
v -1.21271 1.59317 3.7875
v -1.28892 1.58492 3.74941
v -1.29553 1.56625 3.7586
v -1.30309 1.56625 3.77908
v -1.30404 1.58492 3.79036
v -1.29743 1.60358 3.78117
v -1.28987 1.60358 3.76069
v -1.36622 1.59804 3.72424
v -1.37187 1.58208 3.7321
v -1.37834 1.58208 3.7496
v -1.37915 1.59804 3.75925
v -1.3735 1.61399 3.75139
v -1.36704 1.61399 3.73388
v -1.44352 1.61116 3.69906
v -1.44821 1.59792 3.70559
v -1.45358 1.59792 3.72012
v -1.45426 1.61116 3.72813
v -1.44957 1.62441 3.7216
v -1.4442 1.62441 3.70707
v -1.14407 1.56309 3.85399
v -1.16844 1.55981 3.84026
v -1.16844 1.55539 3.81244
v -1.14407 1.55425 3.79836
v -1.1197 1.55754 3.81209
v -1.1197 1.56196 3.83991
v -1.14038 1.47978 3.86397
v -1.16201 1.47766 3.85161
v -1.16201 1.47536 3.82672
v -1.14038 1.47519 3.81418
v -1.11876 1.47731 3.82654
v -1.11876 1.47961 3.85143
v -1.13667 1.39621 3.86845
v -1.15556 1.39506 3.85756
v -1.15556 1.39448 3.83574
v -1.13667 1.39505 3.82481
v -1.11778 1.39619 3.8357
v -1.11778 1.39677 3.85752
v -1.13294 1.31272 3.86746
v -1.14909 1.31236 3.8581
v -1.14909 1.31308 3.83946
v -1.13294 1.31418 3.83016
v -1.1168 1.31455 3.83952
v -1.1168 1.31382 3.85816
v -1.12921 1.23071 3.86109
v -1.14262 1.2304 3.85332
v -1.14262 1.231 3.83784
v -1.12921 1.23191 3.83012
v -1.11581 1.23222 3.83789
v -1.11581 1.23161 3.85337
v -0.656637 1.90413 3.69425
v -0.695853 1.89118 3.71542
v -0.695853 1.8545 3.74385
v -0.656637 1.83076 3.75111
v -0.61742 1.84371 3.72993
v -0.61742 1.88039 3.7015
v -0.62444 1.98612 3.80872
v -0.659104 1.97627 3.82867
v -0.659104 1.94542 3.85596
v -0.62444 1.92441 3.86329
v -0.589776 1.93426 3.84334
v -0.589776 1.96512 3.81606
v -0.58976 2.07519 3.91744
v -0.619906 2.0681 3.93573
v -0.619906 2.04277 3.96127
v -0.58976 2.02453 3.96851
v -0.559615 2.03163 3.95022
v -0.559615 2.05696 3.92468
v -0.552747 2.17099 4.01992
v -0.57841 2.16627 4.03618
v -0.57841 2.1461 4.05939
v -0.552747 2.13065 4.06633
v -0.527083 2.13538 4.05007
v -0.527083 2.15555 4.02686
v -0.513558 2.27446 4.11676
v -0.534864 2.27054 4.13026
v -0.534864 2.2538 4.14953
v -0.513558 2.24097 4.15529
v -0.492252 2.2449 4.14179
v -0.492252 2.26164 4.12252
v -0.513558 2.248 4.10959
v -0.537735 2.25591 4.12169
v -0.537735 2.26563 4.14812
v -0.513558 2.26744 4.16246
v -0.489381 2.25953 4.15036
v -0.489381 2.24981 4.12393
v -0.502604 2.32564 4.08442
v -0.524061 2.33266 4.09515
v -0.524061 2.34128 4.11862
v -0.502604 2.34289 4.13134
v -0.481147 2.33587 4.12061
v -0.481147 2.32725 4.09714
v -0.49165 2.40328 4.05925
v -0.510387 2.40941 4.06862
v -0.510387 2.41694 4.08911
v -0.49165 2.41835 4.10023
v -0.472913 2.41222 4.09085
v -0.472913 2.40468 4.07036
v -0.480696 2.48092 4.03408
v -0.496713 2.48616 4.04209
v -0.496713 2.4926 4.05961
v -0.480696 2.4938 4.06911
v -0.464679 2.48856 4.06109
v -0.464679 2.48212 4.04358
v -0.469742 2.55856 4.00891
v -0.483039 2.56291 4.01556
v -0.483039 2.56826 4.0301
v -0.469742 2.56925 4.03799
v -0.456445 2.5649 4.03133
v -0.456445 2.55956 4.01679
v -0.513558 2.28579 4.13373
v -0.534852 2.27079 4.12302
v -0.534852 2.24271 4.12531
v -0.513558 2.22964 4.13832
v -0.492265 2.24465 4.14903
v -0.492265 2.27272 4.14674
v -0.553707 2.28845 4.20527
v -0.571885 2.2749 4.19473
v -0.571885 2.25001 4.19709
v -0.553707 2.23867 4.20997
v -0.535529 2.25222 4.2205
v -0.535529 2.27711 4.21815
v -0.598403 2.29177 4.27405
v -0.613583 2.2797 4.26402
v -0.613583 2.25799 4.26638
v -0.598403 2.24836 4.27876
v -0.583224 2.26043 4.28879
v -0.583224 2.28213 4.28643
v -0.647456 2.29572 4.33979
v -0.659786 2.28517 4.33057
v -0.659786 2.26665 4.33287
v -0.647456 2.25868 4.34439
v -0.635126 2.26923 4.35361
v -0.635126 2.28775 4.35131
v -0.700655 2.30032 4.40248
v -0.710891 2.29156 4.39483
v -0.710891 2.27619 4.39674
v -0.700655 2.26957 4.4063
v -0.690419 2.27832 4.41395
v -0.690419 2.2937 4.41204
v -0.514805 2.25772 4.16417
v -0.508314 2.23404 4.15036
v -0.507067 2.23404 4.12222
v -0.512311 2.25772 4.10789
v -0.518802 2.28139 4.1217
v -0.520049 2.28139 4.14984
v -0.433189 2.27753 4.16455
v -0.428264 2.25652 4.15194
v -0.428842 2.25652 4.12694
v -0.434346 2.27753 4.11457
v -0.439272 2.29854 4.12719
v -0.438693 2.29854 4.15218
v -0.351949 2.29736 4.15945
v -0.348416 2.279 4.14817
v -0.350391 2.279 4.12643
v -0.355898 2.29736 4.11597
v -0.359431 2.31571 4.12725
v -0.357456 2.31571 4.14899
v -0.271432 2.31711 4.14891
v -0.269099 2.30141 4.13909
v -0.272035 2.30141 4.12067
v -0.277303 2.31711 4.11206
v -0.279637 2.33281 4.12188
v -0.276701 2.33281 4.14031
v -0.193004 2.33671 4.13321
v -0.191067 2.32368 4.12506
v -0.193504 2.32368 4.10976
v -0.197878 2.33671 4.10261
v -0.199815 2.34974 4.11077
v -0.197378 2.34974 4.12607
v 0 1.54364 2.9129
v -0.0418414 1.58024 2.96541
v -0.0418414 1.55604 3.03795
v -5.91679e-18 1.49525 3.05798
v 0.0418414 1.45865 3.00547
v 0.0418414 1.48285 2.93292
v 0.203397 1.69151 2.97166
v 0.166898 1.72907 3.01483
v 0.166898 1.71427 3.08106
v 0.203397 1.66191 3.10413
v 0.239896 1.62435 3.06097
v 0.239896 1.63915 2.99473
v 0.409073 1.84253 3.01455
v 0.377549 1.87937 3.04863
v 0.377549 1.87259 3.1075
v 0.409073 1.82896 3.1323
v 0.440597 1.79211 3.09823
v 0.440597 1.7989 3.03935
v 0.616147 1.99626 3.04122
v 0.589309 2.03076 3.06683
v 0.589309 2.03036 3.11749
v 0.616147 1.99544 3.14254
v 0.642984 1.96094 3.11693
v 0.642984 1.96135 3.06627
v 0.823732 2.1567 3.05111
v 0.801451 2.18534 3.07238
v 0.801451 2.185 3.11443
v 0.823732 2.15602 3.13523
v 0.846012 2.12737 3.11397
v 0.846012 2.12771 3.07191
v 0.823732 2.13283 3.05317
v 0.796617 2.17017 3.05813
v 0.796617 2.1937 3.09813
v 0.823732 2.17989 3.13318
v 0.850847 2.14255 3.12822
v 0.850847 2.11902 3.08821
v 0.932203 2.22092 3.00741
v 0.908138 2.25406 3.01181
v 0.908138 2.27494 3.04732
v 0.932203 2.26269 3.07842
v 0.956267 2.22955 3.07402
v 0.956267 2.20867 3.03851
v 1.04067 2.30901 2.96165
v 1.01966 2.33795 2.9655
v 1.01966 2.35619 2.9965
v 1.04067 2.34549 3.02366
v 1.06169 2.31655 3.01982
v 1.06169 2.29831 2.98881
v 1.14914 2.39711 2.91589
v 1.13118 2.42185 2.91918
v 1.13118 2.43743 2.94568
v 1.14914 2.42829 2.9689
v 1.16711 2.40355 2.96561
v 1.16711 2.38796 2.93911
v 1.25762 2.4852 2.87014
v 1.2427 2.50574 2.87286
v 1.2427 2.51868 2.89487
v 1.25762 2.51109 2.91414
v 1.27253 2.49055 2.91141
v 1.27253 2.47761 2.88941
v 1.25762 2.47847 2.9123
v 1.24567 2.47309 2.88736
v 1.24567 2.49276 2.8672
v 1.25762 2.51782 2.87198
v 1.26956 2.5232 2.89692
v 1.26956 2.50353 2.91707
v 1.32937 2.45185 2.88188
v 1.31876 2.44707 2.85975
v 1.31876 2.46453 2.84186
v 1.32937 2.48677 2.84611
v 1.33997 2.49155 2.86824
v 1.33997 2.47409 2.88612
v 1.40112 2.42523 2.85147
v 1.39186 2.42106 2.83215
v 1.39186 2.43631 2.81652
v 1.40112 2.45573 2.82023
v 1.41037 2.4599 2.83955
v 1.41037 2.44465 2.85517
v 1.47287 2.39861 2.82106
v 1.46495 2.39504 2.80454
v 1.46495 2.40808 2.79119
v 1.47287 2.42468 2.79435
v 1.48078 2.42824 2.81087
v 1.48078 2.41521 2.82422
v 1.54462 2.37199 2.79065
v 1.53805 2.36903 2.77693
v 1.53805 2.37985 2.76585
v 1.54462 2.39363 2.76847
v 1.55118 2.39659 2.78219
v 1.55118 2.38577 2.79328
v 1.25762 2.50083 2.8641
v 1.23323 2.49886 2.87806
v 1.23323 2.49617 2.9061
v 1.25762 2.49545 2.92018
v 1.282 2.49743 2.90622
v 1.282 2.50012 2.87818
v 1.25549 2.58078 2.87501
v 1.23385 2.57985 2.88749
v 1.23385 2.57909 2.91247
v 1.25549 2.57928 2.92498
v 1.27713 2.58021 2.91251
v 1.27713 2.58097 2.88752
v 1.25336 2.66148 2.88066
v 1.23446 2.66138 2.89159
v 1.23446 2.66215 2.91341
v 1.25336 2.66302 2.9243
v 1.27225 2.66313 2.91337
v 1.27225 2.66236 2.89155
v 1.25122 2.74259 2.88101
v 1.23507 2.74311 2.89034
v 1.23507 2.74499 2.9089
v 1.25122 2.74634 2.91815
v 1.26738 2.74582 2.90882
v 1.26738 2.74394 2.89025
v 1.2491 2.82475 2.87589
v 1.23568 2.82519 2.88363
v 1.23568 2.82674 2.89905
v 1.2491 2.82787 2.90672
v 1.26251 2.82743 2.89898
v 1.26251 2.82588 2.88356
v 1.25698 2.49814 2.9203
v 1.25004 2.47485 2.90606
v 1.25068 2.47485 2.8779
v 1.25825 2.49814 2.86398
v 1.26519 2.52143 2.87822
v 1.26455 2.52143 2.90638
v 1.33731 2.47366 2.91888
v 1.33031 2.45299 2.90669
v 1.32915 2.45299 2.88172
v 1.33501 2.47366 2.86893
v 1.34201 2.49433 2.88112
v 1.34316 2.49433 2.90609
v 1.41714 2.4492 2.91197
v 1.41034 2.43114 2.90177
v 1.40784 2.43114 2.88008
v 1.41215 2.4492 2.8686
v 1.41895 2.46726 2.8788
v 1.42145 2.46726 2.90049
v 1.49613 2.42486 2.89965
v 1.48978 2.40941 2.89134
v 1.48638 2.40941 2.87299
v 1.48934 2.42486 2.86295
v 1.49569 2.44031 2.87126
v 1.49909 2.44031 2.88961
v 1.57292 2.40074 2.88221
v 1.56764 2.38792 2.87531
v 1.56482 2.38792 2.86008
v 1.56728 2.40074 2.85175
v 1.57256 2.41357 2.85865
v 1.57538 2.41357 2.87388
v 0.823732 2.18241 3.05476
v 0.783833 2.1734 3.07669
v 0.783833 2.14735 3.1151
v 0.823732 2.13031 3.13158
v 0.863631 2.13931 3.10965
v 0.863631 2.16536 3.07124
v 0.841482 2.29791 3.13951
v 0.806094 2.29137 3.15955
v 0.806094 2.27054 3.19508
v 0.841482 2.25626 3.21058
v 0.87687 2.2628 3.19054
v 0.87687 2.28363 3.15501
v 0.859973 2.41896 3.2166
v 0.829088 2.41453 3.2345
v 0.829088 2.39843 3.26666
v 0.859973 2.38674 3.28092
v 0.890857 2.39117 3.26302
v 0.890857 2.40727 3.23086
v 0.879125 2.54505 3.28566
v 0.852738 2.54238 3.30122
v 0.852738 2.53045 3.32956
v 0.879125 2.52119 3.34234
v 0.905512 2.52386 3.32678
v 0.905512 2.53579 3.29845
v 0.898858 2.67723 3.34697
v 0.876951 2.67501 3.35988
v 0.876951 2.66511 3.38341
v 0.898858 2.65742 3.39402
v 0.920764 2.65964 3.38111
v 0.920764 2.66954 3.35758
v 0.898858 2.65766 3.34404
v 0.87454 2.66431 3.3566
v 0.87454 2.67398 3.38306
v 0.898858 2.67699 3.39695
v 0.923175 2.67034 3.38439
v 0.923175 2.66068 3.35793
v 0.905384 2.7358 3.31887
v 0.883803 2.7417 3.33002
v 0.883803 2.75028 3.3535
v 0.905384 2.75295 3.36583
v 0.926966 2.74705 3.35468
v 0.926966 2.73848 3.3312
v 0.911911 2.81394 3.2937
v 0.893065 2.81909 3.30344
v 0.893065 2.82658 3.32394
v 0.911911 2.82892 3.33471
v 0.930757 2.82377 3.32497
v 0.930757 2.81628 3.30447
v 0.918437 2.89208 3.26853
v 0.902327 2.89648 3.27686
v 0.902327 2.90288 3.29439
v 0.918437 2.90488 3.30359
v 0.934548 2.90048 3.29526
v 0.934548 2.89407 3.27774
v 0.924964 2.97022 3.24336
v 0.91159 2.97387 3.25028
v 0.91159 2.97919 3.26483
v 0.924964 2.98085 3.27247
v 0.938339 2.97719 3.26556
v 0.938339 2.97187 3.25101
v 0.898858 2.69351 3.3601
v 0.878615 2.67539 3.35264
v 0.878615 2.64921 3.36304
v 0.898858 2.64115 3.38089
v 0.9191 2.65926 3.38835
v 0.9191 2.68544 3.37795
v 0.852936 2.7153 3.42364
v 0.835634 2.69854 3.41695
v 0.835634 2.67577 3.42726
v 0.852936 2.66976 3.44428
v 0.870238 2.68652 3.45097
v 0.870238 2.70929 3.44065
v 0.803474 2.73907 3.48384
v 0.788972 2.72381 3.47807
v 0.788972 2.70441 3.48809
v 0.803474 2.70028 3.50388
v 0.817976 2.71555 3.50964
v 0.817976 2.73494 3.49962
v 0.750684 2.76473 3.54046
v 0.738823 2.75112 3.53575
v 0.738823 2.73504 3.54522
v 0.750684 2.73258 3.55942
v 0.762545 2.74619 3.56414
v 0.762545 2.76227 3.55466
v 0.694791 2.79268 3.59409
v 0.684944 2.78137 3.59018
v 0.684944 2.76803 3.59805
v 0.694791 2.76599 3.60983
v 0.704638 2.77729 3.61375
v 0.704638 2.79063 3.60588
v 0.898482 2.66733 3.39866
v 0.907946 2.64477 3.3847
v 0.908321 2.64477 3.35654
v 0.899233 2.66733 3.34233
v 0.889769 2.68989 3.35629
v 0.889394 2.68989 3.38445
v 0.976392 2.69862 3.39647
v 0.983883 2.67859 3.38352
v 0.982449 2.67859 3.35856
v 0.973523 2.69862 3.34655
v 0.966032 2.71865 3.3595
v 0.967466 2.71865 3.38446
v 1.05374 2.72987 3.38879
v 1.05943 2.71237 3.37706
v 1.05664 2.71237 3.3554
v 1.04817 2.72987 3.34549
v 1.04248 2.74738 3.35723
v 1.04527 2.74738 3.37888
v 1.13021 2.76095 3.3757
v 1.13429 2.74596 3.36536
v 1.13061 2.74596 3.34707
v 1.12285 2.76095 3.33911
v 1.11876 2.77594 3.34945
v 1.12244 2.77594 3.36775
v 1.2044 2.79172 3.35754
v 1.20779 2.77927 3.34896
v 1.20474 2.77927 3.33377
v 1.19829 2.79172 3.32716
v 1.1949 2.80416 3.33575
v 1.19796 2.80416 3.35093
v 0.830469 2.15636 3.13909
v 0.815485 2.11792 3.11784
v 0.808748 2.11792 3.07192
v 0.816995 2.15636 3.04725
v 0.831978 2.1948 3.06851
v 0.838715 2.1948 3.11443
v 0.971528 2.11344 3.11302
v 0.957089 2.07929 3.09508
v 0.948342 2.07929 3.05483
v 0.954035 2.11344 3.03252
v 0.968474 2.14759 3.05046
v 0.977221 2.14759 3.09071
v 1.11027 2.07101 3.07744
v 1.09676 2.04114 3.06264
v 1.08675 2.04114 3.02809
v 1.09025 2.07101 3.00835
v 1.10376 2.10087 3.02316
v 1.11377 2.10087 3.05771
v 1.24612 2.02924 3.03256
v 1.23388 2.00367 3.02066
v 1.22334 2.00367 2.99178
v 1.22503 2.02924 2.97479
v 1.23727 2.05482 2.98669
v 1.24781 2.05482 3.01558
v 1.3769 1.98832 2.97926
v 1.36674 1.96709 2.96938
v 1.35799 1.96709 2.9454
v 1.3594 1.98832 2.9313
v 1.36955 2.00955 2.94118
v 1.37831 2.00955 2.96516
v 1.36815 2.01568 2.96199
v 1.35314 1.99741 2.97731
v 1.35314 1.97006 2.97059
v 1.36815 1.96096 2.94856
v 1.38316 1.97923 2.93325
v 1.38316 2.00658 2.93996
v 1.43301 2.00031 3.01125
v 1.42077 1.98343 3.02504
v 1.42077 1.95937 3.01825
v 1.43301 1.95219 2.99767
v 1.44525 1.96907 2.98388
v 1.44525 1.99313 2.99067
v 1.50089 1.98436 3.05601
v 1.49119 1.96894 3.06804
v 1.49119 1.94819 3.06124
v 1.50089 1.94287 3.04243
v 1.5106 1.95829 3.03041
v 1.5106 1.97903 3.0372
v 1.57151 1.96789 3.09607
v 1.56407 1.95403 3.10611
v 1.56407 1.93661 3.09941
v 1.57151 1.93305 3.08268
v 1.57895 1.94691 3.07263
v 1.57895 1.96433 3.07933
v 1.64456 1.95134 3.1303
v 1.63838 1.93983 3.13863
v 1.63838 1.92537 3.13307
v 1.64456 1.92241 3.11918
v 1.65074 1.93392 3.11084
v 1.65074 1.94838 3.1164
v 1.36815 1.97863 2.98173
v 1.34389 1.98106 2.96762
v 1.34389 1.99075 2.94117
v 1.36815 1.99801 2.92883
v 1.39241 1.99558 2.94294
v 1.39241 1.98589 2.96939
v 1.37682 1.90288 2.95061
v 1.35529 1.90504 2.93809
v 1.35529 1.91364 2.91461
v 1.37682 1.92008 2.90366
v 1.39835 1.91792 2.91618
v 1.39835 1.90932 2.93965
v 1.38548 1.82713 2.91949
v 1.36668 1.82902 2.90855
v 1.36668 1.83653 2.88805
v 1.38548 1.84215 2.87849
v 1.40428 1.84027 2.88942
v 1.40428 1.83276 2.90992
v 1.39415 1.75138 2.88837
v 1.37808 1.75299 2.87902
v 1.37808 1.75941 2.8615
v 1.39415 1.76422 2.85332
v 1.41022 1.76261 2.86267
v 1.41022 1.75619 2.88019
v 1.40282 1.67563 2.85725
v 1.38948 1.67697 2.84949
v 1.38948 1.6823 2.83494
v 1.40282 1.68629 2.82815
v 1.41616 1.68495 2.83591
v 1.41616 1.67963 2.85046
v 1.36815 1.97894 2.92872
v 1.35056 1.99957 2.93637
v 1.35056 2.00895 2.96293
v 1.36815 1.9977 2.98184
v 1.38574 1.97707 2.97419
v 1.38574 1.96769 2.94763
v 1.42517 2.03392 2.91275
v 1.4093 2.0525 2.91804
v 1.4093 2.06284 2.9408
v 1.42517 2.0546 2.95828
v 1.44104 2.03602 2.95299
v 1.44104 2.02569 2.93022
v 1.48115 2.08911 2.8912
v 1.46713 2.1054 2.89504
v 1.46713 2.11547 2.91441
v 1.48115 2.10925 2.92994
v 1.49517 2.09296 2.9261
v 1.49517 2.08289 2.90673
v 1.53634 2.14473 2.86587
v 1.52436 2.15865 2.86915
v 1.52436 2.16726 2.8857
v 1.53634 2.16194 2.89898
v 1.54833 2.14802 2.8957
v 1.54833 2.13941 2.87914
v 1.59154 2.20034 2.84053
v 1.58159 2.2119 2.84326
v 1.58159 2.21905 2.857
v 1.59154 2.21463 2.86803
v 1.60149 2.20307 2.8653
v 1.60149 2.19593 2.85156
v 0 0.0964454 2.70288
v -0.0939947 0.0838895 2.61991
v -0.0939947 -0.0125559 2.53883
v -1.32918e-17 -0.0964454 2.54071
v 0.0939947 -0.0838895 2.62368
v 0.0939947 0.0125559 2.70476
v -0.238007 -0.179103 3.00823
v -0.319765 -0.183458 2.93206
v -0.319765 -0.264093 2.85458
v -0.238007 -0.340374 2.85327
v -0.156249 -0.336019 2.92944
v -0.156249 -0.255384 3.00692
v -0.489155 -0.468244 3.28836
v -0.559119 -0.465832 3.22028
v -0.559119 -0.531407 3.14792
v -0.489155 -0.599394 3.14364
v -0.419191 -0.601806 3.21172
v -0.419191 -0.536231 3.28408
v -0.752369 -0.769601 3.54205
v -0.810996 -0.762034 3.48311
v -0.810996 -0.813499 3.41739
v -0.752369 -0.872533 3.41061
v -0.693743 -0.880101 3.46954
v -0.693743 -0.828635 3.53527
v -1.02652 -1.07753 3.76518
v -1.07519 -1.07124 3.71625
v -1.07519 -1.11397 3.66169
v -1.02652 -1.16298 3.65605
v -0.977852 -1.16926 3.70498
v -0.977852 -1.12654 3.75955
v -1.02652 -1.04402 3.70454
v -1.08616 -1.08443 3.67886
v -1.08616 -1.16066 3.68494
v -1.02652 -1.19648 3.71669
v -0.966889 -1.15608 3.74237
v -0.966889 -1.07985 3.73629
v -1.14065 -1.0339 3.93984
v -1.19182 -1.07038 3.91421
v -1.19182 -1.13795 3.92052
v -1.14065 -1.16905 3.95246
v -1.08948 -1.13257 3.97809
v -1.08948 -1.065 3.97179
v -1.26974 -1.02132 4.16725
v -1.31271 -1.05379 4.14253
v -1.31271 -1.11271 4.1489
v -1.26974 -1.13916 4.17999
v -1.22677 -1.10668 4.20471
v -1.22677 -1.04776 4.19834
v -1.41323 -1.00635 4.3858
v -1.44835 -1.03473 4.36282
v -1.44835 -1.08501 4.36906
v -1.41323 -1.10691 4.39828
v -1.37811 -1.07853 4.42126
v -1.37811 -1.02825 4.41502
v -1.5705 -0.989013 4.5953
v -1.59966 -1.01257 4.57623
v -1.59966 -1.05431 4.58141
v -1.5705 -1.07249 4.60567
v -1.54135 -1.04893 4.62474
v -1.54135 -1.00719 4.61956
v -1.5705 -1.01624 4.5564
v -1.60813 -1.03692 4.57402
v -1.60813 -1.05143 4.61811
v -1.5705 -1.04527 4.64457
v -1.53288 -1.02459 4.62695
v -1.53288 -1.01007 4.58286
v -1.62217 -0.88996 4.60359
v -1.65548 -0.907399 4.62041
v -1.65548 -0.917528 4.66034
v -1.62217 -0.91022 4.68344
v -1.58886 -0.892781 4.66661
v -1.58886 -0.882651 4.62669
v -1.67476 -0.760703 4.64186
v -1.70378 -0.775013 4.65755
v -1.70378 -0.7814 4.69295
v -1.67476 -0.773478 4.71265
v -1.64573 -0.759168 4.69696
v -1.64573 -0.75278 4.66156
v -1.72804 -0.628998 4.67101
v -1.75282 -0.640345 4.68524
v -1.75282 -0.64367 4.71581
v -1.72804 -0.635648 4.73214
v -1.70326 -0.624301 4.71791
v -1.70326 -0.620977 4.68735
v -1.7818 -0.493605 4.69099
v -1.80237 -0.503025 4.7028
v -1.80237 -0.505786 4.72818
v -1.7818 -0.499126 4.74174
v -1.76122 -0.489706 4.72993
v -1.76122 -0.486946 4.70455
v -1.7818 -0.506444 4.69006
v -1.80512 -0.508091 4.70577
v -1.80512 -0.498013 4.73208
v -1.7818 -0.486288 4.74267
v -1.75848 -0.48464 4.72695
v -1.75848 -0.494718 4.70065
v -1.80595 -0.431853 4.66488
v -1.82665 -0.433315 4.67882
v -1.82665 -0.424371 4.70217
v -1.80595 -0.413964 4.71156
v -1.78526 -0.412502 4.69762
v -1.78526 -0.421446 4.67427
v -1.83011 -0.357262 4.63969
v -1.84818 -0.358538 4.65187
v -1.84818 -0.350728 4.67225
v -1.83011 -0.341641 4.68046
v -1.81204 -0.340364 4.66828
v -1.81204 -0.348174 4.6479
v -1.85426 -0.28267 4.6145
v -1.86971 -0.283762 4.62491
v -1.86971 -0.277085 4.64234
v -1.85426 -0.269317 4.64936
v -1.83881 -0.268226 4.63895
v -1.83881 -0.274902 4.62152
v -1.87842 -0.208079 4.58932
v -1.89124 -0.208986 4.59796
v -1.89124 -0.203443 4.61243
v -1.87842 -0.196994 4.61825
v -1.86559 -0.196088 4.60961
v -1.86559 -0.20163 4.59514
v -1.7818 -0.469477 4.70797
v -1.79742 -0.488502 4.69429
v -1.79742 -0.515391 4.70268
v -1.7818 -0.523254 4.72476
v -1.76617 -0.50423 4.73844
v -1.76617 -0.477341 4.73005
v -1.84499 -0.457128 4.75825
v -1.85783 -0.474773 4.74606
v -1.85783 -0.498307 4.75449
v -1.84499 -0.504196 4.77512
v -1.83215 -0.48655 4.78731
v -1.83215 -0.463016 4.77888
v -1.91124 -0.444031 4.80428
v -1.92153 -0.460186 4.79381
v -1.92153 -0.480352 4.80217
v -1.91124 -0.484364 4.82099
v -1.90094 -0.46821 4.83146
v -1.90094 -0.448043 4.82311
v -1.98026 -0.430253 4.84589
v -1.98826 -0.444775 4.83732
v -1.98826 -0.461566 4.84546
v -1.98026 -0.463835 4.86217
v -1.97226 -0.449313 4.87073
v -1.97226 -0.432522 4.86259
v -2.05176 -0.415334 4.88392
v -2.0584 -0.42739 4.87681
v -2.0584 -0.44133 4.88357
v -2.05176 -0.443214 4.89744
v -2.04512 -0.431158 4.90455
v -2.04512 -0.417218 4.89779
v -1.7818 -0.498375 4.68827
v -1.80096 -0.482307 4.70124
v -1.80096 -0.480298 4.72934
v -1.7818 -0.494357 4.74446
v -1.76264 -0.510424 4.73149
v -1.76264 -0.512433 4.70339
v -1.73086 -0.435749 4.68705
v -1.74792 -0.420661 4.69736
v -1.74792 -0.416817 4.72206
v -1.73086 -0.428061 4.73646
v -1.71379 -0.443149 4.72616
v -1.71379 -0.446993 4.70145
v -1.68021 -0.372935 4.68056
v -1.6952 -0.35918 4.68847
v -1.6952 -0.354064 4.70969
v -1.68021 -0.362703 4.723
v -1.66522 -0.376458 4.71509
v -1.66522 -0.381574 4.69387
v -1.63008 -0.310209 4.66876
v -1.643 -0.298078 4.6746
v -1.643 -0.292251 4.69232
v -1.63008 -0.298555 4.70422
v -1.61715 -0.310686 4.69838
v -1.61715 -0.316513 4.68066
v -1.58067 -0.246703 4.65122
v -1.5914 -0.236632 4.65607
v -1.5914 -0.231794 4.67078
v -1.58067 -0.237028 4.68066
v -1.56994 -0.247099 4.67581
v -1.56994 -0.251937 4.6611
v -1.5705 -1.0203 4.64571
v -1.59485 -0.994369 4.6159
v -1.59485 -1.00482 4.57068
v -1.5705 -1.0412 4.55527
v -1.54616 -1.06713 4.58507
v -1.54616 -1.05669 4.63029
v -1.68742 -1.11258 4.66142
v -1.70877 -1.08666 4.63757
v -1.70877 -1.09156 4.59667
v -1.68742 -1.12239 4.57963
v -1.66607 -1.14831 4.60348
v -1.66607 -1.1434 4.64438
v -1.80514 -1.20445 4.66696
v -1.8237 -1.17961 4.64873
v -1.8237 -1.17997 4.61277
v -1.80514 -1.20516 4.59503
v -1.78658 -1.23 4.61326
v -1.78658 -1.22965 4.64923
v -1.92316 -1.29542 4.66246
v -1.93907 -1.27264 4.64929
v -1.93907 -1.26958 4.61869
v -1.92316 -1.28929 4.60127
v -1.90724 -1.31206 4.61444
v -1.90724 -1.31513 4.64503
v -2.04096 -1.38229 4.64852
v -2.05418 -1.36338 4.63758
v -2.05418 -1.36084 4.61218
v -2.04096 -1.3772 4.59772
v -2.02775 -1.39611 4.60865
v -2.02775 -1.39865 4.63405
v -2.04096 -1.35485 4.6363
v -2.06288 -1.36228 4.62024
v -2.06288 -1.38718 4.60705
v -2.04096 -1.40464 4.60993
v -2.01905 -1.39721 4.626
v -2.01905 -1.37232 4.63918
v -2.07712 -1.39296 4.70139
v -2.09616 -1.39831 4.6861
v -2.09616 -1.4197 4.67316
v -2.07712 -1.43573 4.6755
v -2.05807 -1.43037 4.69079
v -2.05807 -1.40898 4.70373
v -2.11628 -1.43385 4.76276
v -2.13253 -1.43735 4.74862
v -2.13253 -1.45532 4.73622
v -2.11628 -1.46978 4.73796
v -2.10002 -1.46628 4.7521
v -2.10002 -1.44832 4.7645
v -2.15828 -1.47735 4.82014
v -2.17185 -1.47926 4.80748
v -2.17185 -1.49392 4.79594
v -2.15828 -1.50668 4.79706
v -2.1447 -1.50477 4.80972
v -2.1447 -1.49011 4.82126
v -2.20294 -1.52258 4.87249
v -2.21421 -1.52416 4.86198
v -2.21421 -1.53634 4.8524
v -2.20294 -1.54693 4.85333
v -2.19167 -1.54535 4.86384
v -2.19167 -1.53317 4.87342
v -2.04096 -1.40159 4.60533
v -2.05172 -1.40449 4.6312
v -2.05172 -1.38265 4.64898
v -2.04096 -1.35791 4.6409
v -2.0302 -1.355 4.61504
v -2.0302 -1.37684 4.59725
v -2.11482 -1.37621 4.57918
v -2.12437 -1.37879 4.60214
v -2.12437 -1.3594 4.61793
v -2.11482 -1.33744 4.61076
v -2.10527 -1.33486 4.5878
v -2.10527 -1.35425 4.57201
v -2.18867 -1.35083 4.55304
v -2.19701 -1.35308 4.57309
v -2.19701 -1.33615 4.58688
v -2.18867 -1.31698 4.58061
v -2.18033 -1.31472 4.56056
v -2.18033 -1.33165 4.54678
v -2.26252 -1.32545 4.5269
v -2.26965 -1.32737 4.54404
v -2.26965 -1.3129 4.55582
v -2.26252 -1.29651 4.55047
v -2.25539 -1.29459 4.53333
v -2.25539 -1.30906 4.52154
v -2.33637 -1.30007 4.50075
v -2.34229 -1.30167 4.51498
v -2.34229 -1.28966 4.52477
v -2.33637 -1.27605 4.52032
v -2.33045 -1.27445 4.50609
v -2.33045 -1.28646 4.49631
v -2.04096 -1.38227 4.65117
v -2.0652 -1.38379 4.63689
v -2.0652 -1.38127 4.60884
v -2.04096 -1.37723 4.59506
v -2.01673 -1.37571 4.60934
v -2.01673 -1.37823 4.63739
v -2.03155 -1.46504 4.6405
v -2.05306 -1.46553 4.62777
v -2.05306 -1.46166 4.60307
v -2.03155 -1.4573 4.59111
v -2.01004 -1.45681 4.60383
v -2.01004 -1.46068 4.62853
v -2.02222 -1.54673 4.62444
v -2.041 -1.5464 4.61333
v -2.041 -1.54161 4.59203
v -2.02222 -1.53715 4.58185
v -2.00343 -1.53748 4.59296
v -2.00343 -1.54227 4.61426
v -2.01299 -1.627 4.60309
v -2.02906 -1.62607 4.59364
v -2.02906 -1.62078 4.57574
v -2.01299 -1.61643 4.5673
v -1.99693 -1.61737 4.57675
v -1.99693 -1.62265 4.59465
v -2.00393 -1.70454 4.57689
v -2.01726 -1.70377 4.56904
v -2.01726 -1.69938 4.55418
v -2.00393 -1.69577 4.54717
v -1.99059 -1.69655 4.55502
v -1.99059 -1.70093 4.56988
v -1.5705 -0.985637 4.58959
v -1.60799 -1.00479 4.60914
v -1.60799 -1.0499 4.62003
v -1.5705 -1.07587 4.61138
v -1.53302 -1.05671 4.59183
v -1.53302 -1.0116 4.58094
v -1.51747 -0.958965 4.72244
v -1.55 -0.974771 4.74217
v -1.55 -1.01439 4.75343
v -1.51747 -1.03821 4.74496
v -1.48495 -1.0224 4.72523
v -1.48495 -0.982781 4.71398
v -1.45711 -0.927816 4.8513
v -1.48478 -0.940415 4.87052
v -1.48478 -0.974572 4.88179
v -1.45711 -0.996131 4.87384
v -1.42943 -0.983532 4.85463
v -1.42943 -0.949374 4.84336
v -1.38966 -0.892322 4.97564
v -1.41264 -0.901919 4.99367
v -1.41264 -0.930663 5.00459
v -1.38966 -0.949811 4.99747
v -1.36668 -0.940215 4.97944
v -1.36668 -0.911471 4.96852
v -1.31543 -0.85218 5.09604
v -1.33451 -0.860146 5.11102
v -1.33451 -0.88401 5.12008
v -1.31543 -0.899906 5.11417
v -1.29635 -0.891939 5.0992
v -1.29635 -0.868076 5.09014
v -1.31543 -0.875151 5.07695
v -1.33902 -0.869413 5.09123
v -1.33902 -0.870305 5.11938
v -1.31543 -0.876935 5.13326
v -1.29183 -0.882673 5.11899
v -1.29183 -0.881781 5.09083
v -1.29456 -0.797384 5.08264
v -1.3155 -0.791447 5.09494
v -1.3155 -0.790548 5.11992
v -1.29456 -0.795585 5.13261
v -1.27361 -0.801521 5.12032
v -1.27361 -0.802421 5.09533
v -1.27369 -0.719195 5.08305
v -1.29198 -0.713318 5.09341
v -1.29198 -0.71106 5.11512
v -1.27369 -0.714678 5.12647
v -1.25539 -0.720555 5.11611
v -1.25539 -0.722813 5.0944
v -1.25291 -0.64092 5.07814
v -1.26856 -0.635345 5.08664
v -1.26856 -0.632165 5.10503
v -1.25291 -0.634561 5.11491
v -1.23726 -0.640136 5.10641
v -1.23726 -0.643316 5.08802
v -1.23231 -0.561875 5.06768
v -1.2453 -0.557246 5.07474
v -1.2453 -0.554606 5.09001
v -1.23231 -0.556595 5.09822
v -1.21932 -0.561224 5.09115
v -1.21932 -0.563864 5.07589
v -1.31543 -0.850258 5.11645
v -1.33879 -0.86033 5.10436
v -1.33879 -0.886115 5.09302
v -1.31543 -0.901828 5.09377
v -1.29206 -0.891756 5.10585
v -1.29206 -0.865971 5.11719
v -1.33906 -0.885509 5.18863
v -1.35957 -0.893481 5.17676
v -1.35957 -0.915745 5.16539
v -1.33906 -0.930036 5.16589
v -1.31856 -0.922064 5.17776
v -1.31856 -0.8998 5.18913
v -1.36547 -0.924399 5.25773
v -1.38315 -0.930426 5.24645
v -1.38315 -0.949246 5.23539
v -1.36547 -0.962039 5.23561
v -1.34778 -0.956011 5.2469
v -1.34778 -0.937192 5.25796
v -1.39452 -0.966746 5.32346
v -1.40945 -0.971025 5.31311
v -1.40945 -0.986509 5.30269
v -1.39452 -0.997714 5.30263
v -1.3796 -0.993434 5.31299
v -1.3796 -0.97795 5.3234
v -1.42611 -1.01178 5.38474
v -1.4385 -1.01534 5.37614
v -1.4385 -1.02819 5.3675
v -1.42611 -1.03749 5.36745
v -1.41373 -1.03394 5.37604
v -1.41373 -1.02109 5.38469
v -1.31271 -0.876043 5.13314
v -1.3124 -0.900379 5.11896
v -1.31512 -0.900379 5.09093
v -1.31814 -0.876043 5.07707
v -1.31845 -0.851707 5.09125
v -1.31574 -0.851707 5.11929
v -1.22968 -0.870386 5.12187
v -1.23024 -0.891986 5.10929
v -1.23428 -0.891986 5.08462
v -1.23775 -0.870386 5.07252
v -1.23719 -0.848787 5.0851
v -1.23315 -0.848787 5.10977
v -1.14777 -0.864778 5.10521
v -1.14899 -0.88364 5.09429
v -1.15392 -0.88364 5.07302
v -1.15762 -0.864778 5.06268
v -1.1564 -0.845915 5.0736
v -1.15147 -0.845915 5.09486
v -1.06731 -0.859241 5.08327
v -1.06899 -0.875366 5.07403
v -1.07438 -0.875366 5.05617
v -1.07811 -0.859241 5.04754
v -1.07643 -0.843115 5.05679
v -1.07104 -0.843115 5.07465
v -0.989628 -0.853799 5.0565
v -0.991018 -0.867187 5.04883
v -0.995497 -0.867187 5.034
v -0.998586 -0.853799 5.02684
v -0.997196 -0.840412 5.03451
v -0.992717 -0.840412 5.04934
v -1.02652 -1.16261 3.77429
v -1.06742 -1.09806 3.7713
v -1.06742 -1.05571 3.70763
v -1.02652 -1.0779 3.64694
v -0.985626 -1.14245 3.64993
v -0.985626 -1.1848 3.7136
v -1.23291 -1.29277 3.67738
v -1.26921 -1.23548 3.67473
v -1.26921 -1.19789 3.61822
v -1.23291 -1.21759 3.56436
v -1.19662 -1.27487 3.56701
v -1.19662 -1.31246 3.62352
v -1.4393 -1.42292 3.58047
v -1.471 -1.3729 3.57815
v -1.471 -1.34008 3.52881
v -1.4393 -1.35728 3.48178
v -1.4076 -1.4073 3.48409
v -1.4076 -1.44012 3.53344
v -1.64569 -1.55308 3.48356
v -1.67278 -1.51032 3.48158
v -1.67278 -1.48226 3.4394
v -1.64569 -1.49697 3.39919
v -1.61859 -1.53973 3.40117
v -1.61859 -1.56779 3.44335
v -1.85208 -1.68324 3.38665
v -1.87457 -1.64774 3.385
v -1.87457 -1.62445 3.34998
v -1.85208 -1.63665 3.31661
v -1.82958 -1.67216 3.31825
v -1.82958 -1.69545 3.35327
v -1.85208 -1.63751 3.39225
v -1.88763 -1.63231 3.36287
v -1.88763 -1.65475 3.32225
v -1.85208 -1.68239 3.311
v -1.81653 -1.68758 3.34038
v -1.81653 -1.66514 3.38101
v -1.92064 -1.75645 3.45187
v -1.95193 -1.74954 3.426
v -1.95193 -1.7668 3.3886
v -1.92064 -1.79098 3.37707
v -1.88934 -1.79789 3.40295
v -1.88934 -1.78063 3.44035
v -1.99117 -1.87812 3.50217
v -2.0183 -1.87011 3.47995
v -2.0183 -1.88275 3.44628
v -1.99117 -1.9034 3.43482
v -1.96404 -1.91141 3.45703
v -1.96404 -1.89877 3.49071
v -2.06338 -2.00195 3.54297
v -2.08643 -1.99347 3.52447
v -2.08643 -2.0021 3.49496
v -2.06338 -2.01922 3.48395
v -2.04033 -2.02769 3.50245
v -2.04033 -2.01906 3.53196
v -2.13695 -2.12549 3.57368
v -2.15609 -2.11846 3.55833
v -2.15609 -2.12562 3.53383
v -2.13695 -2.13983 3.52469
v -2.11782 -2.14687 3.54004
v -2.11782 -2.1397 3.56454
v -2.13695 -2.10517 3.5553
v -2.16022 -2.11732 3.54507
v -2.16022 -2.14481 3.53895
v -2.13695 -2.16016 3.54307
v -2.11369 -2.14801 3.5533
v -2.11369 -2.12051 3.55941
v -2.16173 -2.12555 3.63222
v -2.18201 -2.13567 3.62166
v -2.18201 -2.15983 3.61523
v -2.16173 -2.17386 3.61934
v -2.14146 -2.16374 3.6299
v -2.14146 -2.13958 3.63633
v -2.19059 -2.14872 3.70677
v -2.20793 -2.15689 3.69632
v -2.20793 -2.17772 3.68979
v -2.19059 -2.19039 3.69372
v -2.17325 -2.18222 3.70417
v -2.17325 -2.16139 3.7107
v -2.2234 -2.17458 3.77864
v -2.23787 -2.18089 3.76869
v -2.23787 -2.19843 3.76231
v -2.2234 -2.20966 3.76588
v -2.20892 -2.20335 3.77583
v -2.20892 -2.18581 3.78221
v -2.26001 -2.20275 3.84681
v -2.27203 -2.20799 3.83855
v -2.27203 -2.22254 3.83326
v -2.26001 -2.23186 3.83622
v -2.248 -2.22663 3.84448
v -2.248 -2.21207 3.84977
v -2.13695 -2.15207 3.5696
v -2.14906 -2.12702 3.57398
v -2.14906 -2.10761 3.55357
v -2.13695 -2.11325 3.52877
v -2.12485 -2.1383 3.52439
v -2.12485 -2.15771 3.5448
v -2.20839 -2.17949 3.53916
v -2.21914 -2.15725 3.54305
v -2.21914 -2.14003 3.52493
v -2.20839 -2.14504 3.50292
v -2.19765 -2.16727 3.49903
v -2.19765 -2.18449 3.51715
v -2.27983 -2.2069 3.50871
v -2.28921 -2.18749 3.51211
v -2.28921 -2.17245 3.49629
v -2.27983 -2.17682 3.47708
v -2.27045 -2.19623 3.47368
v -2.27045 -2.21128 3.4895
v -2.35127 -2.23432 3.47827
v -2.35929 -2.21772 3.48118
v -2.35929 -2.20486 3.46766
v -2.35127 -2.2086 3.45123
v -2.34325 -2.2252 3.44832
v -2.34325 -2.23806 3.46184
v -2.4227 -2.26173 3.44783
v -2.42936 -2.24796 3.45025
v -2.42936 -2.23728 3.43902
v -2.4227 -2.24038 3.42538
v -2.41604 -2.25416 3.42297
v -2.41604 -2.26484 3.43419
v -2.13695 -2.12441 3.57612
v -2.15799 -2.14034 3.56627
v -2.15799 -2.14859 3.53933
v -2.13695 -2.14091 3.52225
v -2.11592 -2.12498 3.5321
v -2.11592 -2.11673 3.55903
v -2.0953 -2.19502 3.59435
v -2.11387 -2.20862 3.58461
v -2.11387 -2.21412 3.56022
v -2.0953 -2.20602 3.54558
v -2.07672 -2.19242 3.55533
v -2.07672 -2.18692 3.57971
v -2.05302 -2.26622 3.6071
v -2.06918 -2.27751 3.59772
v -2.06918 -2.28068 3.57612
v -2.05302 -2.27256 3.5639
v -2.03686 -2.26126 3.57327
v -2.03686 -2.25809 3.59487
v -2.0103 -2.33769 3.61433
v -2.02409 -2.34675 3.6056
v -2.02409 -2.34804 3.58698
v -2.0103 -2.34027 3.57709
v -1.99652 -2.3312 3.58582
v -1.99652 -2.32991 3.60443
v -1.96733 -2.40791 3.61601
v -1.97877 -2.41544 3.60877
v -1.97877 -2.41651 3.59332
v -1.96733 -2.41006 3.5851
v -1.95589 -2.40253 3.59235
v -1.95589 -2.40146 3.6078
v -1.85208 -1.68905 3.31547
v -1.874 -1.70074 3.35467
v -1.874 -1.67164 3.39083
v -1.85208 -1.63085 3.38778
v -1.83015 -1.61916 3.34858
v -1.83015 -1.64826 3.31243
v -1.97524 -1.62334 3.26928
v -1.99469 -1.63371 3.30407
v -1.99469 -1.60789 3.33616
v -1.97524 -1.57168 3.33346
v -1.95578 -1.56131 3.29867
v -1.95578 -1.58713 3.26658
v -2.0984 -1.55762 3.22309
v -2.11539 -1.56668 3.25347
v -2.11539 -1.54413 3.28149
v -2.0984 -1.51252 3.27913
v -2.08141 -1.50345 3.24875
v -2.08141 -1.52601 3.22073
v -2.22156 -1.49191 3.1769
v -2.23608 -1.49965 3.20287
v -2.23608 -1.48038 3.22682
v -2.22156 -1.45335 3.2248
v -2.20703 -1.4456 3.19883
v -2.20703 -1.46488 3.17488
v -2.34472 -1.4262 3.13071
v -2.35678 -1.43263 3.15227
v -2.35678 -1.41662 3.17215
v -2.34472 -1.39418 3.17048
v -2.33266 -1.38775 3.14892
v -2.33266 -1.40376 3.12903
v -2.34472 -1.42446 3.17488
v -2.36118 -1.40181 3.17186
v -2.36118 -1.38754 3.14757
v -2.34472 -1.39592 3.12631
v -2.32825 -1.41857 3.12933
v -2.32825 -1.43284 3.15362
v -2.40543 -1.47075 3.144
v -2.42004 -1.45064 3.14132
v -2.42004 -1.43798 3.11977
v -2.40543 -1.44541 3.1009
v -2.39082 -1.46552 3.10358
v -2.39082 -1.47818 3.12513
v -2.46614 -1.51703 3.11313
v -2.4789 -1.49947 3.11078
v -2.4789 -1.48841 3.09196
v -2.46614 -1.49491 3.07548
v -2.45338 -1.51246 3.07783
v -2.45338 -1.52353 3.09665
v -2.52685 -1.56331 3.08225
v -2.53776 -1.54831 3.08025
v -2.53776 -1.53885 3.06416
v -2.52685 -1.5444 3.05007
v -2.51594 -1.55941 3.05207
v -2.51594 -1.56887 3.06816
v -2.58757 -1.6096 3.05137
v -2.59662 -1.59714 3.04971
v -2.59662 -1.58929 3.03635
v -2.58757 -1.5939 3.02466
v -2.57851 -1.60636 3.02632
v -2.57851 -1.61421 3.03968
v -2.34472 -1.38419 3.13975
v -2.3601 -1.40448 3.1277
v -2.3601 -1.43048 3.13854
v -2.34472 -1.43619 3.16144
v -2.32934 -1.4159 3.17349
v -2.32934 -1.3899 3.16265
v -2.40859 -1.36769 3.18765
v -2.42126 -1.38656 3.17724
v -2.42126 -1.40909 3.18807
v -2.40859 -1.41275 3.20931
v -2.39592 -1.39388 3.21972
v -2.39592 -1.37135 3.20889
v -2.47531 -1.3503 3.23123
v -2.48551 -1.3676 3.22266
v -2.48551 -1.38665 3.23332
v -2.47531 -1.38841 3.25254
v -2.46512 -1.37111 3.26111
v -2.46512 -1.35206 3.25045
v -2.54461 -1.33212 3.27035
v -2.55258 -1.34764 3.26376
v -2.55258 -1.36322 3.27403
v -2.54461 -1.36327 3.2909
v -2.53663 -1.34774 3.2975
v -2.53663 -1.33216 3.28722
v -2.61617 -1.31238 3.306
v -2.62279 -1.32528 3.30053
v -2.62279 -1.33821 3.30906
v -2.61617 -1.33825 3.32307
v -2.60954 -1.32536 3.32854
v -2.60954 -1.31242 3.32001
v -2.34472 -1.41984 3.12413
v -2.36906 -1.4135 3.13681
v -2.36906 -1.40384 3.16327
v -2.34472 -1.40053 3.17706
v -2.32038 -1.40688 3.16438
v -2.32038 -1.41654 3.13792
v -2.33926 -1.34162 3.09897
v -2.36086 -1.33599 3.11022
v -2.36086 -1.32742 3.1337
v -2.33926 -1.32449 3.14593
v -2.31766 -1.33012 3.13468
v -2.31766 -1.33869 3.1112
v -2.33381 -1.2634 3.0738
v -2.35267 -1.25849 3.08362
v -2.35267 -1.251 3.10413
v -2.33381 -1.24844 3.11481
v -2.31494 -1.25336 3.10499
v -2.31494 -1.26084 3.08448
v -2.32835 -1.18518 3.04863
v -2.34447 -1.18098 3.05703
v -2.34447 -1.17458 3.07456
v -2.32835 -1.17239 3.08369
v -2.31222 -1.1766 3.07529
v -2.31222 -1.18299 3.05776
v -2.32289 -1.10696 3.02346
v -2.33628 -1.10347 3.03043
v -2.33628 -1.09816 3.04499
v -2.32289 -1.09634 3.05257
v -2.30951 -1.09983 3.0456
v -2.30951 -1.10514 3.03104
v -1.85208 -1.67585 3.39523
v -1.89221 -1.67005 3.37264
v -1.89221 -1.65415 3.32904
v -1.85208 -1.64405 3.30802
v -1.81195 -1.64985 3.33061
v -1.81195 -1.66575 3.37421
v -1.8437 -1.81189 3.34007
v -1.87931 -1.80674 3.32002
v -1.87931 -1.79263 3.28132
v -1.8437 -1.78367 3.26267
v -1.80809 -1.78881 3.28272
v -1.80809 -1.80292 3.32141
v -1.83533 -1.94793 3.2849
v -1.86642 -1.94344 3.2674
v -1.86642 -1.93111 3.23361
v -1.83533 -1.92329 3.21732
v -1.80423 -1.92778 3.23482
v -1.80423 -1.9401 3.26862
v -1.82695 -2.08397 3.22974
v -1.85353 -2.08013 3.21478
v -1.85353 -2.0696 3.18589
v -1.82695 -2.0629 3.17197
v -1.80036 -2.06674 3.18693
v -1.80036 -2.07728 3.21582
v -1.81857 -2.22001 3.17458
v -1.84064 -2.21682 3.16215
v -1.84064 -2.20808 3.13817
v -1.81857 -2.20252 3.12661
v -1.7965 -2.20571 3.13904
v -1.7965 -2.21445 3.16302
v -1.81857 -2.19461 3.17331
v -1.84296 -2.20353 3.16238
v -1.84296 -2.22019 3.13967
v -1.81857 -2.22792 3.12788
v -1.79419 -2.219 3.1388
v -1.79419 -2.20235 3.16152
v -1.8161 -2.26416 3.22032
v -1.83774 -2.27145 3.21014
v -1.83774 -2.28488 3.18906
v -1.8161 -2.29103 3.17815
v -1.79446 -2.28374 3.18833
v -1.79446 -2.2703 3.20941
v -1.81352 -2.33646 3.26257
v -1.83242 -2.34225 3.2533
v -1.83242 -2.35275 3.23416
v -1.81352 -2.35746 3.2243
v -1.79463 -2.35167 3.23357
v -1.79463 -2.34117 3.25271
v -1.81084 -2.41117 3.29991
v -1.82699 -2.41561 3.29169
v -1.82699 -2.4235 3.27477
v -1.81084 -2.42695 3.26609
v -1.79469 -2.42251 3.27431
v -1.79469 -2.41462 3.29123
v -1.80806 -2.48705 3.3318
v -1.82147 -2.49073 3.32497
v -1.82147 -2.49728 3.31093
v -1.80806 -2.50015 3.30372
v -1.79465 -2.49646 3.31055
v -1.79465 -2.48991 3.32459
v -1.81857 -2.22893 3.17253
v -1.83188 -2.20417 3.17439
v -1.83188 -2.18651 3.15245
v -1.81857 -2.1936 3.12865
v -1.80527 -2.21836 3.1268
v -1.80527 -2.23602 3.14874
v -1.88755 -2.2619 3.14192
v -1.89935 -2.23993 3.14357
v -1.89935 -2.22425 3.12409
v -1.88755 -2.23054 3.10298
v -1.87574 -2.25252 3.10133
v -1.87574 -2.26819 3.1208
v -1.95652 -2.29487 3.11131
v -1.96683 -2.27568 3.11274
v -1.96683 -2.26199 3.09574
v -1.95652 -2.26749 3.0773
v -1.94621 -2.28667 3.07587
v -1.94621 -2.30036 3.09287
v -2.0255 -2.32783 3.0807
v -2.03431 -2.31143 3.08192
v -2.03431 -2.29973 3.06739
v -2.0255 -2.30443 3.05163
v -2.01669 -2.32083 3.0504
v -2.01669 -2.33253 3.06493
v -2.09447 -2.3608 3.05008
v -2.10179 -2.34718 3.0511
v -2.10179 -2.33747 3.03903
v -2.09447 -2.34137 3.02595
v -2.08716 -2.35499 3.02493
v -2.08716 -2.3647 3.037
v -1.81857 -2.22016 3.17732
v -1.83002 -2.23615 3.15715
v -1.83002 -2.22725 3.13043
v -1.81857 -2.20237 3.12387
v -1.80713 -2.18638 3.14404
v -1.80713 -2.19528 3.17076
v -1.74591 -2.25878 3.1609
v -1.75648 -2.27035 3.14143
v -1.75648 -2.25947 3.11892
v -1.74591 -2.23702 3.11589
v -1.73533 -2.22546 3.13536
v -1.73533 -2.23634 3.15787
v -1.67411 -2.29584 3.1393
v -1.68381 -2.30365 3.12137
v -1.68381 -2.29191 3.10297
v -1.67411 -2.27236 3.1025
v -1.6644 -2.26455 3.12042
v -1.6644 -2.2763 3.13883
v -1.60348 -2.33136 3.11276
v -1.61225 -2.33614 3.097
v -1.61225 -2.3245 3.08242
v -1.60348 -2.30806 3.0836
v -1.59472 -2.30328 3.09937
v -1.59472 -2.31492 3.11395
v -1.53434 -2.36424 3.08245
v -1.54161 -2.36821 3.06936
v -1.54161 -2.35855 3.05725
v -1.53434 -2.3449 3.05823
v -1.52707 -2.34093 3.07132
v -1.52707 -2.3506 3.08343
v -1.02652 -1.07294 3.77069
v -1.09055 -1.10991 3.75114
v -1.09055 -1.15722 3.69106
v -1.02652 -1.16757 3.65054
v -0.962501 -1.1306 3.67009
v -0.962501 -1.08329 3.73017
v -0.959392 -1.2812 3.92356
v -1.01602 -1.31336 3.90445
v -1.01602 -1.3517 3.84845
v -0.959392 -1.35789 3.81156
v -0.902762 -1.32573 3.83067
v -0.902762 -1.28739 3.88666
v -0.889127 -1.498 4.06144
v -0.93842 -1.52538 4.0432
v -0.93842 -1.55552 3.99217
v -0.889127 -1.55827 3.95938
v -0.839833 -1.53089 3.97763
v -0.839833 -1.50076 4.02866
v -0.81603 -1.72237 4.18383
v -0.858044 -1.74505 4.16688
v -0.858044 -1.76781 4.12162
v -0.81603 -1.7679 4.09331
v -0.774017 -1.74522 4.11026
v -0.774017 -1.72246 4.15552
v -0.740414 -1.95072 4.28904
v -0.775293 -1.96954 4.27497
v -0.775293 -1.98844 4.2374
v -0.740414 -1.98851 4.21389
v -0.705535 -1.96969 4.22797
v -0.705535 -1.95079 4.26554
v -0.740414 -1.92384 4.2591
v -0.779656 -1.94815 4.26386
v -0.779656 -1.99393 4.25623
v -0.740414 -2.0154 4.24384
v -0.701173 -1.99108 4.23908
v -0.701173 -1.9453 4.24671
v -0.708625 -1.95288 4.40143
v -0.743007 -1.97499 4.40651
v -0.743007 -2.0153 4.39806
v -0.708625 -2.03351 4.38454
v -0.674243 -2.01141 4.37946
v -0.674243 -1.97109 4.3879
v -0.66947 -1.98739 4.54048
v -0.699029 -2.00724 4.54556
v -0.699029 -2.0421 4.53669
v -0.66947 -2.0571 4.52274
v -0.63991 -2.03725 4.51765
v -0.63991 -2.00239 4.52652
v -0.623117 -2.0272 4.67563
v -0.647928 -2.04471 4.68044
v -0.647928 -2.07414 4.67155
v -0.623117 -2.08606 4.65785
v -0.598306 -2.06855 4.65304
v -0.598306 -2.03912 4.66193
v -0.569766 -2.07177 4.80519
v -0.590363 -2.08631 4.80919
v -0.590363 -2.11075 4.80181
v -0.569766 -2.12064 4.79044
v -0.549168 -2.10611 4.78644
v -0.549168 -2.08167 4.79382
v -0.569766 -2.07761 4.77666
v -0.593702 -2.08338 4.79034
v -0.593702 -2.10198 4.8115
v -0.569766 -2.11481 4.81897
v -0.545829 -2.10904 4.80529
v -0.545829 -2.09044 4.78413
v -0.553911 -2.02033 4.83131
v -0.57511 -2.02446 4.8439
v -0.57511 -2.0397 4.86372
v -0.553911 -2.0508 4.87095
v -0.532712 -2.04667 4.85836
v -0.532712 -2.03143 4.83854
v -0.537209 -1.95955 4.88208
v -0.555683 -1.96227 4.89339
v -0.555683 -1.9744 4.91154
v -0.537209 -1.98381 4.91838
v -0.518735 -1.98108 4.90708
v -0.518735 -1.96895 4.88893
v -0.51973 -1.8955 4.92874
v -0.535491 -1.89707 4.93861
v -0.535491 -1.90638 4.95478
v -0.51973 -1.91413 4.96108
v -0.503968 -1.91257 4.95121
v -0.503968 -1.90325 4.93504
v -0.501549 -1.82754 4.97155
v -0.514634 -1.82884 4.97974
v -0.514634 -1.83657 4.99316
v -0.501549 -1.84301 4.9984
v -0.488464 -1.84171 4.9902
v -0.488464 -1.83398 4.97678
v -0.569766 -2.08387 4.82314
v -0.592376 -2.08181 4.80647
v -0.592376 -2.09414 4.78114
v -0.569766 -2.10854 4.77249
v -0.547155 -2.11061 4.78916
v -0.547155 -2.09827 4.81449
v -0.600651 -2.15543 4.8544
v -0.620628 -2.15237 4.83968
v -0.620628 -2.16172 4.8165
v -0.600651 -2.17413 4.80803
v -0.580674 -2.1772 4.82275
v -0.580674 -2.16784 4.84593
v -0.632367 -2.22847 4.88039
v -0.649744 -2.22475 4.86771
v -0.649744 -2.23148 4.84695
v -0.632367 -2.24192 4.83886
v -0.61499 -2.24564 4.85153
v -0.61499 -2.23892 4.8723
v -0.664778 -2.30268 4.90104
v -0.679585 -2.29863 4.89043
v -0.679585 -2.30311 4.87231
v -0.664778 -2.31163 4.8648
v -0.649971 -2.31568 4.87542
v -0.649971 -2.31121 4.89353
v -0.697745 -2.37664 4.91605
v -0.710038 -2.37328 4.90724
v -0.710038 -2.37699 4.8922
v -0.697745 -2.38407 4.88597
v -0.685452 -2.38743 4.89478
v -0.685452 -2.38371 4.90982
v -0.572671 -2.09621 4.82583
v -0.57053 -2.12059 4.8119
v -0.567624 -2.12059 4.78388
v -0.56686 -2.09621 4.7698
v -0.569001 -2.07182 4.78374
v -0.571907 -2.07182 4.81175
v -0.488894 -2.09387 4.83128
v -0.487804 -2.11551 4.81881
v -0.486858 -2.11551 4.79383
v -0.487002 -2.09387 4.78132
v -0.488092 -2.07223 4.79379
v -0.489038 -2.07223 4.81877
v -0.405148 -2.09153 4.83124
v -0.404911 -2.11042 4.82031
v -0.405513 -2.11042 4.79849
v -0.406354 -2.09153 4.78759
v -0.406591 -2.07263 4.79852
v -0.405989 -2.07263 4.82034
v -0.321792 -2.08918 4.82572
v -0.322202 -2.10533 4.81639
v -0.323936 -2.10533 4.79781
v -0.325261 -2.08918 4.78856
v -0.324851 -2.07302 4.7979
v -0.323116 -2.07302 4.81648
v -0.240186 -2.08684 4.81492
v -0.240527 -2.10025 4.80717
v -0.241967 -2.10025 4.79175
v -0.243066 -2.08684 4.78407
v -0.242726 -2.07343 4.79182
v -0.241286 -2.07343 4.80725
v -0.740414 -1.98375 4.29567
v -0.777937 -1.96296 4.27796
v -0.777937 -1.94882 4.23376
v -0.740414 -1.95548 4.20726
v -0.702892 -1.97627 4.22498
v -0.702892 -1.99041 4.26918
v -0.793089 -2.11532 4.24802
v -0.826486 -2.09613 4.23343
v -0.826486 -2.08108 4.19508
v -0.793089 -2.08523 4.17133
v -0.759691 -2.10442 4.18593
v -0.759691 -2.11946 4.22427
v -0.844718 -2.24148 4.1929
v -0.873882 -2.22472 4.18016
v -0.873882 -2.21158 4.14667
v -0.844718 -2.2152 4.12593
v -0.815555 -2.23196 4.13868
v -0.815555 -2.2451 4.17216
v -0.896348 -2.36764 4.13778
v -0.921279 -2.35332 4.12689
v -0.921279 -2.34208 4.09827
v -0.896348 -2.34518 4.08054
v -0.871418 -2.3595 4.09143
v -0.871418 -2.37074 4.12005
v -0.947978 -2.4938 4.08266
v -0.968675 -2.48191 4.07362
v -0.968675 -2.47259 4.04986
v -0.947978 -2.47515 4.03514
v -0.927281 -2.48705 4.04418
v -0.927281 -2.49637 4.06794
v -0.947978 -2.46776 4.08157
v -0.971952 -2.47249 4.06756
v -0.971952 -2.48921 4.04489
v -0.947978 -2.5012 4.03623
v -0.924004 -2.49646 4.05024
v -0.924004 -2.47975 4.07291
v -0.963181 -2.53609 4.12795
v -0.984423 -2.53931 4.11517
v -0.984423 -2.55279 4.09412
v -0.963181 -2.56304 4.08584
v -0.941939 -2.55983 4.09862
v -0.941939 -2.54635 4.11968
v -0.979065 -2.60705 4.16955
v -0.997587 -2.60899 4.15816
v -0.997587 -2.61952 4.13903
v -0.979065 -2.6281 4.1313
v -0.960544 -2.62616 4.14269
v -0.960544 -2.61563 4.16181
v -0.995563 -2.68032 4.2062
v -1.01137 -2.68123 4.19633
v -1.01137 -2.68912 4.17942
v -0.995563 -2.6961 4.17237
v -0.979753 -2.69519 4.18225
v -0.979753 -2.6873 4.19916
v -1.0126 -2.75462 4.23736
v -1.02573 -2.75537 4.22917
v -1.02573 -2.76192 4.21513
v -1.0126 -2.76771 4.20928
v -0.999478 -2.76696 4.21748
v -0.999478 -2.76041 4.23152
v -0.938343 -2.48448 4.03243
v -0.942829 -2.50887 4.04579
v -0.952464 -2.50887 4.07226
v -0.957613 -2.48448 4.08537
v -0.953128 -2.46009 4.07201
v -0.943493 -2.46009 4.04555
v -1.01674 -2.48567 4.00727
v -1.02073 -2.50732 4.01912
v -1.02928 -2.50732 4.04261
v -1.03385 -2.48567 4.05425
v -1.02987 -2.46402 4.04239
v -1.02131 -2.46402 4.0189
v -1.09515 -2.48686 3.9821
v -1.09862 -2.50577 3.99245
v -1.10609 -2.50577 4.01296
v -1.11008 -2.48686 4.02312
v -1.1066 -2.46796 4.01277
v -1.09914 -2.46796 3.99226
v -1.17355 -2.48805 3.95693
v -1.17652 -2.50421 3.96578
v -1.1829 -2.50421 3.98331
v -1.18631 -2.48805 3.992
v -1.18334 -2.4719 3.98315
v -1.17696 -2.4719 3.96562
v -1.25195 -2.48925 3.93176
v -1.25442 -2.50266 3.93911
v -1.25972 -2.50266 3.95367
v -1.26255 -2.48925 3.96088
v -1.26008 -2.47583 3.95353
v -1.25478 -2.47583 3.93898
v -0.947978 -2.49437 4.08528
v -0.967084 -2.50362 4.06676
v -0.967084 -2.49374 4.04039
v -0.947978 -2.47459 4.03253
v -0.928872 -2.46533 4.05104
v -0.928872 -2.47522 4.07741
v -0.896815 -2.55545 4.0589
v -0.91399 -2.56207 4.04199
v -0.91399 -2.55144 4.01936
v -0.896815 -2.5342 4.01365
v -0.879639 -2.52758 4.03056
v -0.879639 -2.53821 4.05319
v -0.846718 -2.61332 4.02823
v -0.861732 -2.61899 4.01343
v -0.861732 -2.60959 3.99372
v -0.846718 -2.59452 3.98882
v -0.831703 -2.58885 4.00362
v -0.831703 -2.59825 4.02332
v -0.796712 -2.67094 3.99722
v -0.809547 -2.67578 3.98457
v -0.809547 -2.66774 3.96773
v -0.796712 -2.65486 3.96354
v -0.783878 -2.65002 3.97619
v -0.783878 -2.65805 3.99303
v -0.746707 -2.72855 3.96622
v -0.757362 -2.73258 3.95571
v -0.757362 -2.7259 3.94173
v -0.746707 -2.71521 3.93825
v -0.736052 -2.71119 3.94875
v -0.736052 -2.71786 3.96274
v -0.747149 -1.96962 4.29739
v -0.753779 -2.00852 4.27296
v -0.747044 -2.00852 4.22704
v -0.733679 -1.96962 4.20555
v -0.727049 -1.93071 4.22997
v -0.733784 -1.93071 4.27589
v -0.602904 -2.00656 4.31317
v -0.610302 -2.04107 4.29194
v -0.607092 -2.04107 4.25087
v -0.596483 -2.00656 4.23104
v -0.589084 -1.97205 4.25228
v -0.592294 -1.97205 4.29334
v -0.458341 -2.04376 4.31915
v -0.466063 -2.07389 4.30109
v -0.46569 -2.07389 4.26512
v -0.457595 -2.04376 4.24722
v -0.449873 -2.01363 4.26529
v -0.450246 -2.01363 4.30125
v -0.314084 -2.08107 4.31536
v -0.321704 -2.10683 4.3004
v -0.323465 -2.10683 4.2697
v -0.317606 -2.08107 4.25396
v -0.309986 -2.05531 4.26893
v -0.308225 -2.05531 4.29962
v -0.172472 -2.11832 4.302
v -0.178798 -2.13971 4.28958
v -0.18026 -2.13971 4.2641
v -0.175396 -2.11832 4.25104
v -0.169069 -2.09694 4.26346
v -0.167608 -2.09694 4.28894
v -0.173934 -2.09057 4.28135
v -0.193725 -2.10689 4.29298
v -0.193725 -2.13464 4.28815
v -0.173934 -2.14607 4.27169
v -0.154142 -2.12975 4.26005
v -0.154142 -2.102 4.26489
v -0.125829 -2.10526 4.34718
v -0.142568 -2.1202 4.3582
v -0.142568 -2.14471 4.35332
v -0.125829 -2.15429 4.33741
v -0.10909 -2.13935 4.32639
v -0.10909 -2.11483 4.33127
v -0.0736425 -2.12091 4.40953
v -0.0874852 -2.1344 4.41967
v -0.0874852 -2.15569 4.41483
v -0.0736425 -2.16349 4.39986
v -0.0597997 -2.14999 4.38972
v -0.0597997 -2.1287 4.39456
v -0.0175975 -2.13747 4.46813
v -0.0287275 -2.14944 4.47713
v -0.0287275 -2.16751 4.47246
v -0.0175975 -2.1736 4.45878
v -0.00646737 -2.16164 4.44977
v -0.00646737 -2.14357 4.45445
v 0.0420661 -2.15475 4.5222
v 0.032826 -2.16468 4.52968
v 0.032826 -2.17968 4.52579
v 0.0420661 -2.18474 4.51443
v 0.0513061 -2.1748 4.50696
v 0.0513061 -2.15981 4.51084
v -0.173934 -2.1287 4.30271
v -0.196581 -2.13194 4.28627
v -0.196581 -2.12156 4.26009
v -0.173934 -2.10795 4.25033
v -0.151286 -2.10471 4.26677
v -0.151286 -2.11508 4.29295
v -0.143357 -2.19856 4.27162
v -0.163457 -2.20143 4.25703
v -0.163457 -2.19222 4.23379
v -0.143357 -2.18014 4.22513
v -0.123258 -2.17726 4.23972
v -0.123258 -2.18647 4.26296
v -0.112781 -2.26841 4.24052
v -0.130333 -2.27092 4.22779
v -0.130333 -2.26288 4.20749
v -0.112781 -2.25233 4.19994
v -0.0952291 -2.24982 4.21267
v -0.0952291 -2.25786 4.23297
v -0.0822044 -2.33827 4.20943
v -0.0972083 -2.34042 4.19855
v -0.0972083 -2.33354 4.1812
v -0.0822044 -2.32452 4.17474
v -0.0672005 -2.32238 4.18562
v -0.0672005 -2.32925 4.20297
v -0.051628 -2.40813 4.17834
v -0.0640841 -2.40991 4.16931
v -0.0640841 -2.4042 4.1549
v -0.051628 -2.39671 4.14954
v -0.0391719 -2.39493 4.15858
v -0.0391719 -2.40064 4.17298
v -0.173934 -2.11953 4.24838
v -0.191218 -2.10173 4.26171
v -0.191218 -2.10052 4.28985
v -0.173934 -2.11712 4.30466
v -0.156649 -2.13492 4.29133
v -0.156649 -2.13612 4.26318
v -0.115865 -2.06343 4.24925
v -0.131267 -2.04667 4.25959
v -0.131267 -2.04331 4.28437
v -0.115865 -2.05671 4.2988
v -0.100463 -2.07347 4.28846
v -0.100463 -2.07683 4.26368
v -0.0580357 -2.00694 4.24488
v -0.0715952 -1.99166 4.25257
v -0.0715952 -1.98678 4.27385
v -0.0580357 -1.99717 4.28743
v -0.0444762 -2.01245 4.27974
v -0.0444762 -2.01734 4.25847
v -0.000693566 -1.95031 4.2352
v -0.0124228 -1.93685 4.24063
v -0.0124228 -1.93107 4.25838
v -0.000693566 -1.93876 4.27069
v 0.0110357 -1.95222 4.26526
v 0.0110357 -1.95799 4.24752
v 0.0559159 -1.89254 4.21972
v 0.0461784 -1.88137 4.22423
v 0.0461784 -1.87657 4.23896
v 0.0559159 -1.88295 4.24919
v 0.0656534 -1.89412 4.24468
v 0.0656534 -1.89892 4.22995
v 0 0.125382 3.33451
v -0.0723017 0.0707736 3.42207
v -0.0723017 -0.0546087 3.43453
v -1.02242e-17 -0.125382 3.35943
v 0.0723017 -0.0707736 3.27188
v 0.0723017 0.0546087 3.25942
v 0.350954 0.141815 3.64331
v 0.29162 0.0948977 3.72567
v 0.29162 -0.0162128 3.73829
v 0.350954 -0.0804061 3.66855
v 0.410287 -0.0334888 3.58619
v 0.410287 0.0776218 3.57357
v 0.721286 0.159934 3.92855
v 0.673904 0.120579 4.00432
v 0.673904 0.0237495 4.01695
v 0.721286 -0.0337254 3.95381
v 0.768667 0.00562933 3.87803
v 0.768667 0.102459 3.8654
v 1.10941 0.179601 4.18904
v 1.07285 0.14764 4.25694
v 1.07285 0.0651004 4.2694
v 1.10941 0.014521 4.21396
v 1.14597 0.0464814 4.14607
v 1.14597 0.129021 4.13361
v 1.51366 0.200952 4.42545
v 1.48332 0.174419 4.48182
v 1.48332 0.105895 4.49216
v 1.51366 0.0639049 4.44614
v 1.54401 0.0904381 4.38977
v 1.54401 0.158962 4.37942
v 1.51366 0.145604 4.36047
v 1.45884 0.175616 4.40453
v 1.45884 0.162441 4.47986
v 1.51366 0.119253 4.51112
v 1.56849 0.0892411 4.46706
v 1.56849 0.102416 4.39173
v 1.66088 0.352776 4.40565
v 1.61239 0.382654 4.44256
v 1.61239 0.376272 4.51012
v 1.66088 0.340012 4.54078
v 1.70937 0.310135 4.50388
v 1.70937 0.316517 4.43631
v 1.80917 0.562796 4.43432
v 1.76689 0.591445 4.46438
v 1.76689 0.590567 4.52363
v 1.80917 0.56104 4.55283
v 1.85146 0.532392 4.52277
v 1.85146 0.53327 4.46351
v 1.9579 0.774807 4.44622
v 1.92173 0.801225 4.4699
v 1.92173 0.804496 4.52045
v 1.9579 0.781348 4.54733
v 1.99407 0.75493 4.52366
v 1.99407 0.75166 4.4731
v 2.10643 0.991232 4.44084
v 2.0764 1.01316 4.4605
v 2.0764 1.01588 4.50247
v 2.10643 0.996662 4.52478
v 2.13646 0.97473 4.50513
v 2.13646 0.972015 4.46316
v 2.10643 0.974536 4.44066
v 2.07356 1.00525 4.45206
v 2.07356 1.02467 4.49422
v 2.10643 1.01336 4.52497
v 2.1393 0.982639 4.51357
v 2.1393 0.963228 4.47141
v 2.19101 1.08587 4.39514
v 2.16184 1.11313 4.40526
v 2.16184 1.13036 4.44267
v 2.19101 1.12032 4.46997
v 2.22018 1.09306 4.45985
v 2.22018 1.07583 4.42243
v 2.27559 1.1972 4.34962
v 2.25011 1.22101 4.35846
v 2.25011 1.23605 4.39113
v 2.27559 1.22729 4.41497
v 2.30106 1.20348 4.40613
v 2.30106 1.18844 4.37346
v 2.36017 1.30854 4.30411
v 2.33839 1.32889 4.31166
v 2.33839 1.34175 4.33959
v 2.36017 1.33426 4.35997
v 2.38194 1.3139 4.35241
v 2.38194 1.30104 4.32448
v 2.44474 1.41987 4.25859
v 2.42667 1.43676 4.26486
v 2.42667 1.44744 4.28805
v 2.44474 1.44122 4.30497
v 2.46282 1.42433 4.29869
v 2.46282 1.41365 4.27551
v 2.45438 1.43054 4.30825
v 2.45025 1.40616 4.29476
v 2.44061 1.40616 4.2683
v 2.43511 1.43054 4.25531
v 2.43924 1.45493 4.2688
v 2.44888 1.45493 4.29526
v 2.53058 1.43301 4.27712
v 2.52692 1.41137 4.26516
v 2.51836 1.41137 4.24167
v 2.51348 1.43301 4.23015
v 2.51714 1.45465 4.24211
v 2.5257 1.45465 4.2656
v 2.60679 1.43548 4.246
v 2.60359 1.41658 4.23555
v 2.59612 1.41658 4.21504
v 2.59185 1.43548 4.20498
v 2.59505 1.45437 4.21543
v 2.60252 1.45437 4.23594
v 2.68299 1.43794 4.21488
v 2.68025 1.42179 4.20595
v 2.67387 1.42179 4.18841
v 2.67022 1.43794 4.17981
v 2.67296 1.4541 4.18874
v 2.67934 1.4541 4.20628
v 2.75919 1.44041 4.18376
v 2.75692 1.427 4.17634
v 2.75162 1.427 4.16178
v 2.74859 1.44041 4.15464
v 2.75086 1.45382 4.16206
v 2.75617 1.45382 4.17662
v 2.44474 1.43642 4.25423
v 2.42081 1.42886 4.26702
v 2.42081 1.42299 4.29457
v 2.44474 1.42467 4.30933
v 2.46868 1.43223 4.29654
v 2.46868 1.4381 4.26899
v 2.4288 1.51307 4.27387
v 2.40757 1.50709 4.28563
v 2.40757 1.50352 4.31038
v 2.4288 1.50593 4.32335
v 2.45003 1.51191 4.31159
v 2.45003 1.51549 4.28685
v 2.41268 1.59104 4.28837
v 2.39414 1.58648 4.29897
v 2.39414 1.58481 4.32073
v 2.41268 1.5877 4.3319
v 2.43121 1.59225 4.32131
v 2.43121 1.59392 4.29954
v 2.39644 1.66999 4.29765
v 2.3806 1.6667 4.30695
v 2.3806 1.66651 4.32561
v 2.39644 1.66962 4.33497
v 2.41228 1.67291 4.32567
v 2.41228 1.67309 4.30701
v 2.38015 1.75061 4.30161
v 2.367 1.74788 4.30933
v 2.367 1.74773 4.32482
v 2.38015 1.75031 4.33259
v 2.3933 1.75304 4.32487
v 2.3933 1.75319 4.30938
v 2.4475 1.43054 4.30981
v 2.44343 1.4063 4.29606
v 2.44068 1.4063 4.26803
v 2.44199 1.43054 4.25375
v 2.44605 1.45479 4.2675
v 2.44881 1.45479 4.29553
v 2.53021 1.42143 4.29845
v 2.52583 1.39991 4.2865
v 2.52175 1.39991 4.26184
v 2.52206 1.42143 4.24912
v 2.52644 1.44295 4.26106
v 2.53052 1.44295 4.28573
v 2.6118 1.41239 4.2817
v 2.60732 1.3936 4.27154
v 2.60235 1.3936 4.25028
v 2.60186 1.41239 4.23919
v 2.60634 1.43119 4.24935
v 2.61131 1.43119 4.27061
v 2.69192 1.40348 4.25968
v 2.68756 1.38741 4.25125
v 2.68213 1.38741 4.2334
v 2.68106 1.40348 4.22397
v 2.68542 1.41954 4.2324
v 2.69085 1.41954 4.25025
v 2.76928 1.39471 4.23283
v 2.76565 1.38137 4.22583
v 2.76114 1.38137 4.21101
v 2.76026 1.39471 4.20318
v 2.76388 1.40805 4.21018
v 2.76839 1.40805 4.225
v 2.10643 1.0172 4.44264
v 2.06662 1.00081 4.45997
v 2.06662 0.977557 4.50014
v 2.10643 0.970698 4.52298
v 2.14624 0.987087 4.50565
v 2.14624 1.01034 4.46549
v 2.0863 1.13817 4.5188
v 2.05099 1.12451 4.53502
v 2.05099 1.10627 4.57196
v 2.0863 1.10169 4.59266
v 2.12161 1.11534 4.57644
v 2.12161 1.13358 4.5395
v 2.06547 1.26411 4.58692
v 2.03465 1.25303 4.60179
v 2.03465 1.23926 4.63502
v 2.06547 1.23658 4.65338
v 2.09628 1.24767 4.6385
v 2.09628 1.26143 4.60527
v 2.04401 1.39451 4.64667
v 2.01768 1.38581 4.65995
v 2.01768 1.37594 4.68907
v 2.04401 1.37478 4.70491
v 2.07034 1.38349 4.69163
v 2.07034 1.39335 4.66251
v 2.02202 1.53045 4.69824
v 2.00017 1.52322 4.70926
v 2.00017 1.51503 4.73344
v 2.02202 1.51406 4.74659
v 2.04388 1.52129 4.73556
v 2.04388 1.52948 4.71139
v 2.02202 1.51258 4.69596
v 1.99774 1.51527 4.70997
v 1.99774 1.52494 4.73643
v 2.02202 1.53193 4.74887
v 2.04631 1.52924 4.73485
v 2.04631 1.51956 4.7084
v 2.01431 1.59061 4.67079
v 1.99275 1.593 4.68323
v 1.99275 1.60158 4.7067
v 2.01431 1.60778 4.71775
v 2.03586 1.6054 4.70531
v 2.03586 1.59681 4.68183
v 2.0066 1.66864 4.64562
v 1.98777 1.67072 4.65648
v 1.98777 1.67822 4.67698
v 2.0066 1.68364 4.68663
v 2.02542 1.68155 4.67577
v 2.02542 1.67405 4.65526
v 1.99888 1.74667 4.62045
v 1.98279 1.74845 4.62974
v 1.98279 1.75486 4.64726
v 1.99888 1.75949 4.65551
v 2.01497 1.75771 4.64622
v 2.01497 1.75129 4.6287
v 1.99117 1.8247 4.59529
v 1.97781 1.82618 4.60299
v 1.97781 1.8315 4.61754
v 1.99117 1.83534 4.62438
v 2.00452 1.83386 4.61668
v 2.00452 1.82854 4.60213
v 2.02202 1.54938 4.71483
v 2.00456 1.53123 4.70222
v 2.00456 1.5041 4.7098
v 2.02202 1.49513 4.73
v 2.03949 1.51328 4.74261
v 2.03949 1.54041 4.73502
v 1.96456 1.56194 4.77154
v 1.95001 1.54516 4.76008
v 1.95001 1.52134 4.76768
v 1.96456 1.51431 4.78674
v 1.97912 1.53109 4.79821
v 1.97912 1.5549 4.79061
v 1.90365 1.57545 4.82436
v 1.8918 1.56014 4.81427
v 1.8918 1.53964 4.82176
v 1.90365 1.53444 4.83934
v 1.9155 1.54974 4.84943
v 1.9155 1.57025 4.84194
v 1.83955 1.58985 4.87308
v 1.83017 1.57614 4.86457
v 1.83017 1.55894 4.8718
v 1.83955 1.55544 4.88755
v 1.84892 1.56915 4.89607
v 1.84892 1.58635 4.88883
v 1.77252 1.60544 4.91832
v 1.76474 1.59406 4.91125
v 1.76474 1.57978 4.91726
v 1.77252 1.57687 4.93033
v 1.78031 1.58825 4.9374
v 1.78031 1.60253 4.9314
v 2.02202 1.52513 4.69439
v 2.00685 1.5427 4.71035
v 2.00685 1.53982 4.73837
v 2.02202 1.51938 4.75043
v 2.03719 1.50181 4.73447
v 2.03719 1.50469 4.70645
v 2.08647 1.57308 4.70264
v 2.07305 1.59011 4.71508
v 2.07305 1.59019 4.74008
v 2.08647 1.57324 4.75263
v 2.09989 1.55621 4.74019
v 2.09989 1.55613 4.71519
v 2.15104 1.6218 4.70577
v 2.13928 1.6377 4.71502
v 2.13928 1.64006 4.73672
v 2.15104 1.62653 4.74918
v 2.1628 1.61063 4.73993
v 2.1628 1.60827 4.71823
v 2.21547 1.67112 4.70369
v 2.20531 1.68538 4.71016
v 2.20531 1.68931 4.7284
v 2.21547 1.67899 4.74017
v 2.22563 1.66473 4.7337
v 2.22563 1.6608 4.71546
v 2.27948 1.72235 4.69589
v 2.27104 1.73418 4.70126
v 2.27104 1.73745 4.7164
v 2.27948 1.72888 4.72618
v 2.28791 1.71704 4.7208
v 2.28791 1.71378 4.70566
v 2.11279 0.993947 4.52879
v 2.10986 0.953754 4.50577
v 2.1035 0.953754 4.45979
v 2.10007 0.993947 4.43684
v 2.103 1.03414 4.45986
v 2.10936 1.03414 4.50583
v 2.26029 0.994868 4.50302
v 2.25635 0.959197 4.4828
v 2.24805 0.959197 4.44246
v 2.24369 0.994868 4.42233
v 2.24762 1.03054 4.44255
v 2.25592 1.03054 4.48289
v 2.40545 0.995779 4.46774
v 2.40087 0.96463 4.45035
v 2.39133 0.96463 4.41567
v 2.38638 0.995779 4.39838
v 2.39096 1.02693 4.41577
v 2.4005 1.02693 4.45045
v 2.54767 0.996676 4.42315
v 2.54279 0.970049 4.40857
v 2.53271 0.970049 4.37952
v 2.52752 0.996676 4.36505
v 2.53241 1.0233 4.37963
v 2.54248 1.0233 4.40868
v 2.68479 0.997555 4.37007
v 2.68074 0.975449 4.35797
v 2.67237 0.975449 4.33385
v 2.66806 0.997555 4.32184
v 2.67212 1.01966 4.33394
v 2.68049 1.01966 4.35806
v 2.67643 1.02572 4.34581
v 2.66171 1.01174 4.36533
v 2.66171 0.983573 4.36548
v 2.67643 0.969388 4.3461
v 2.69115 0.98337 4.32658
v 2.69115 1.01154 4.32643
v 2.74204 1.02281 4.39547
v 2.73013 1.01042 4.41362
v 2.73013 0.985424 4.41377
v 2.74204 0.972816 4.39577
v 2.75395 0.985207 4.37762
v 2.75395 1.01021 4.37746
v 2.81076 1.01992 4.44073
v 2.80141 1.00912 4.45724
v 2.80141 0.987286 4.4574
v 2.81076 0.976257 4.44104
v 2.8201 0.987057 4.42453
v 2.8201 1.00889 4.42438
v 2.88229 1.01703 4.48141
v 2.87524 1.00782 4.49603
v 2.87524 0.989157 4.49618
v 2.88229 0.979709 4.48171
v 2.88935 0.98892 4.4671
v 2.88935 1.00758 4.46695
v 2.95633 1.01415 4.51735
v 2.95048 1.00651 4.52948
v 2.95048 0.991015 4.52961
v 2.95633 0.98317 4.5176
v 2.96219 0.990818 4.50546
v 2.96219 1.00631 4.50534
v 2.67643 0.987087 4.3721
v 2.65398 0.983462 4.35548
v 2.65398 0.99393 4.32933
v 2.67643 1.00802 4.3198
v 2.69888 1.01165 4.33643
v 2.69888 1.00118 4.36258
v 2.70862 0.917956 4.34102
v 2.68869 0.914739 4.32627
v 2.68869 0.924029 4.30306
v 2.70862 0.936537 4.2946
v 2.72854 0.939754 4.30935
v 2.72854 0.930463 4.33256
v 2.74081 0.848825 4.30993
v 2.72341 0.846016 4.29705
v 2.72341 0.854129 4.27678
v 2.74081 0.86505 4.2694
v 2.75821 0.86786 4.28228
v 2.75821 0.859747 4.30255
v 2.773 0.779694 4.27884
v 2.75812 0.777293 4.26783
v 2.75812 0.784228 4.25051
v 2.773 0.793564 4.2442
v 2.78787 0.795966 4.25521
v 2.78787 0.78903 4.27253
v 2.80518 0.710563 4.24776
v 2.79284 0.708569 4.23862
v 2.79284 0.714327 4.22423
v 2.80518 0.722078 4.21899
v 2.81753 0.724071 4.22813
v 2.81753 0.718314 4.24252
v 2.67643 0.992528 4.31824
v 2.65514 1.00676 4.32997
v 2.65514 1.01179 4.35769
v 2.67643 1.00258 4.37367
v 2.69772 0.988349 4.36194
v 2.69772 0.983322 4.33422
v 2.71661 1.06194 4.30894
v 2.69764 1.07518 4.31842
v 2.69764 1.08146 4.34261
v 2.71661 1.07449 4.35733
v 2.73557 1.06125 4.34786
v 2.73557 1.05497 4.32366
v 2.75629 1.13097 4.29436
v 2.73964 1.14297 4.30181
v 2.73964 1.14999 4.32248
v 2.75629 1.14502 4.3357
v 2.77293 1.13302 4.32825
v 2.77293 1.126 4.30758
v 2.79529 1.19939 4.2745
v 2.78098 1.20992 4.28021
v 2.78098 1.21713 4.29742
v 2.79529 1.21381 4.30893
v 2.8096 1.20328 4.30322
v 2.8096 1.19607 4.28601
v 2.83351 1.26784 4.24928
v 2.82163 1.27658 4.25402
v 2.82163 1.28256 4.26831
v 2.83351 1.2798 4.27786
v 2.8454 1.27106 4.27312
v 2.8454 1.26508 4.25883
v 1.51366 0.197923 4.47527
v 1.45098 0.154142 4.47384
v 1.45098 0.0886469 4.43436
v 1.51366 0.0669338 4.39632
v 1.57635 0.110715 4.39775
v 1.57635 0.17621 4.43722
v 1.59836 0.060083 4.68705
v 1.54333 0.0204262 4.68477
v 1.54333 -0.0354326 4.64622
v 1.59836 -0.0516347 4.60996
v 1.65339 -0.0119779 4.61224
v 1.65339 0.0438809 4.65078
v 1.69054 -0.0887515 4.88737
v 1.64303 -0.124046 4.8843
v 1.64303 -0.170607 4.84763
v 1.69054 -0.181875 4.81404
v 1.73805 -0.146581 4.81712
v 1.73805 -0.100019 4.85378
v 1.78982 -0.247886 5.07538
v 1.74968 -0.278569 5.07165
v 1.74968 -0.31627 5.0378
v 1.78982 -0.323287 5.0077
v 1.82996 -0.292604 5.01144
v 1.82996 -0.254903 5.04528
v 1.89576 -0.414653 5.24828
v 1.86244 -0.440126 5.24518
v 1.86244 -0.471425 5.21708
v 1.89576 -0.47725 5.19209
v 1.92908 -0.451777 5.1952
v 1.92908 -0.420479 5.22329
v 1.89576 -0.40192 5.20552
v 1.85708 -0.420481 5.22322
v 1.85708 -0.464512 5.23789
v 1.89576 -0.489983 5.23486
v 1.93444 -0.471423 5.21715
v 1.93444 -0.427391 5.20248
v 1.93572 -0.362922 5.33926
v 1.90182 -0.37802 5.35713
v 1.90182 -0.416348 5.37222
v 1.93572 -0.439578 5.36943
v 1.96962 -0.424479 5.35156
v 1.96962 -0.386151 5.33647
v 1.98145 -0.317404 5.4693
v 1.95225 -0.329223 5.48668
v 1.95225 -0.361921 5.50167
v 1.98145 -0.3828 5.49928
v 2.01064 -0.370981 5.4819
v 2.01064 -0.338283 5.46691
v 2.03274 -0.265543 5.59511
v 2.00817 -0.27434 5.61136
v 2.00817 -0.301525 5.62573
v 2.03274 -0.319913 5.62384
v 2.05731 -0.311116 5.60758
v 2.05731 -0.283931 5.59321
v 2.08937 -0.206804 5.71743
v 2.06898 -0.214107 5.73092
v 2.06898 -0.236676 5.74285
v 2.08937 -0.251941 5.74128
v 2.10977 -0.244638 5.72778
v 2.10977 -0.22207 5.71586
v 2.08937 -0.231157 5.70124
v 2.06544 -0.225582 5.715
v 2.06544 -0.223798 5.74311
v 2.08937 -0.227589 5.75746
v 2.11331 -0.233163 5.74371
v 2.11331 -0.234947 5.71559
v 2.1052 -0.152024 5.69945
v 2.08395 -0.1463 5.71131
v 2.08395 -0.143058 5.7361
v 2.1052 -0.14554 5.74903
v 2.12645 -0.151264 5.73717
v 2.12645 -0.154506 5.71238
v 2.12093 -0.072958 5.69235
v 2.10237 -0.0673182 5.70236
v 2.10237 -0.0630522 5.72377
v 2.12093 -0.0644259 5.73517
v 2.1395 -0.0700657 5.72517
v 2.1395 -0.0743317 5.70376
v 2.1365 0.00569818 5.67995
v 2.12062 0.0110335 5.68818
v 2.12062 0.0158896 5.7062
v 2.1365 0.0154104 5.71599
v 2.15237 0.0100751 5.70776
v 2.15237 0.005219 5.68975
v 2.15183 0.084586 5.66197
v 2.13865 0.0890153 5.6688
v 2.13865 0.0930468 5.68376
v 2.15183 0.092649 5.69189
v 2.16501 0.0882197 5.68506
v 2.16501 0.0841882 5.6701
v 2.08937 -0.202517 5.73785
v 2.06696 -0.213039 5.72442
v 2.06696 -0.239896 5.71592
v 2.08937 -0.256229 5.72086
v 2.11179 -0.245706 5.73429
v 2.11179 -0.21885 5.74278
v 2.05688 -0.228706 5.81005
v 2.03745 -0.237149 5.79678
v 2.03745 -0.260615 5.78816
v 2.05688 -0.275639 5.79282
v 2.07631 -0.267197 5.80609
v 2.07631 -0.24373 5.8147
v 2.02059 -0.257523 5.87926
v 2.00406 -0.264008 5.86657
v 2.00406 -0.284116 5.85807
v 2.02059 -0.29774 5.86227
v 2.03712 -0.291256 5.87496
v 2.03712 -0.271147 5.88346
v 1.98067 -0.28884 5.94517
v 1.96694 -0.293531 5.93344
v 1.96694 -0.310332 5.92532
v 1.98067 -0.322441 5.92892
v 1.9944 -0.317749 5.94066
v 1.9944 -0.300949 5.94878
v 1.93729 -0.322132 6.00674
v 1.92589 -0.326026 5.997
v 1.92589 -0.339974 5.99026
v 1.93729 -0.350026 5.99326
v 1.94869 -0.346132 6.003
v 1.94869 -0.332184 6.00974
v 2.089 -0.229373 5.75752
v 2.09229 -0.253568 5.74348
v 2.09267 -0.253568 5.71531
v 2.08975 -0.229373 5.70119
v 2.08646 -0.205177 5.71523
v 2.08608 -0.205177 5.74339
v 2.1723 -0.218896 5.75541
v 2.17439 -0.24037 5.74278
v 2.17308 -0.24037 5.71782
v 2.16967 -0.218896 5.70548
v 2.16758 -0.197422 5.71811
v 2.16889 -0.197422 5.74307
v 2.25508 -0.208432 5.74783
v 2.25616 -0.227186 5.73671
v 2.25358 -0.227186 5.71503
v 2.24991 -0.208432 5.70448
v 2.24883 -0.189679 5.7156
v 2.25141 -0.189679 5.73728
v 2.33698 -0.198027 5.73484
v 2.33725 -0.214061 5.7253
v 2.33383 -0.214061 5.70695
v 2.33013 -0.198027 5.69815
v 2.32985 -0.181993 5.7077
v 2.33327 -0.181993 5.72604
v 2.41665 -0.187724 5.71675
v 2.41688 -0.201035 5.70882
v 2.41404 -0.201035 5.69359
v 2.41096 -0.187724 5.68629
v 2.41073 -0.174413 5.69421
v 2.41358 -0.174413 5.70944
v 1.89576 -0.441683 5.2664
v 1.85714 -0.432734 5.24227
v 1.85714 -0.437002 5.19606
v 1.89576 -0.45022 5.17397
v 1.93438 -0.459169 5.1981
v 1.93438 -0.454901 5.24432
v 1.85507 -0.585564 5.27435
v 1.8208 -0.576146 5.25353
v 1.8208 -0.577134 5.21235
v 1.85507 -0.58754 5.192
v 1.88933 -0.596958 5.21282
v 1.88933 -0.59597 5.254
v 1.81422 -0.729254 5.27249
v 1.7843 -0.719817 5.25491
v 1.7843 -0.718229 5.21897
v 1.81422 -0.726079 5.20062
v 1.84415 -0.735517 5.21821
v 1.84415 -0.737105 5.25414
v 1.77341 -0.872137 5.26088
v 1.74782 -0.863101 5.24643
v 1.74782 -0.859657 5.21588
v 1.77341 -0.865248 5.19977
v 1.799 -0.874284 5.21423
v 1.799 -0.877728 5.24478
v 1.73279 -1.01188 5.23987
v 1.71155 -1.00438 5.22788
v 1.71155 -1.00152 5.20251
v 1.73279 -1.00617 5.18914
v 1.75404 -1.01367 5.20114
v 1.75404 -1.01653 5.22651
v 1.73279 -0.98719 5.2323
v 1.70867 -0.995792 5.22056
v 1.70867 -1.01763 5.20277
v 1.73279 -1.03086 5.19671
v 1.75691 -1.02226 5.20845
v 1.75691 -1.00042 5.22625
v 1.72043 -1.04211 5.2946
v 1.69906 -1.04888 5.28352
v 1.69906 -1.06719 5.2665
v 1.72043 -1.07873 5.26055
v 1.74179 -1.07196 5.27162
v 1.74179 -1.05365 5.28865
v 1.70713 -1.10074 5.35292
v 1.6885 -1.10586 5.34275
v 1.6885 -1.12084 5.32687
v 1.70713 -1.1307 5.32117
v 1.72575 -1.12558 5.33134
v 1.72575 -1.1106 5.34722
v 1.69294 -1.16279 5.40706
v 1.67705 -1.16646 5.39799
v 1.67705 -1.17835 5.3836
v 1.69294 -1.18656 5.37829
v 1.70883 -1.18289 5.38735
v 1.70883 -1.171 5.40174
v 1.67794 -1.22718 5.45615
v 1.66475 -1.23023 5.44862
v 1.66475 -1.2401 5.43668
v 1.67794 -1.24692 5.43227
v 1.69113 -1.24387 5.4398
v 1.69113 -1.234 5.45174
v 1.73279 -1.02988 5.23344
v 1.72152 -1.00491 5.23999
v 1.72152 -0.984054 5.22106
v 1.73279 -0.988171 5.19557
v 1.74406 -1.01314 5.18902
v 1.74406 -1.03399 5.20796
v 1.65981 -1.05309 5.20317
v 1.64981 -1.03093 5.20898
v 1.64981 -1.01242 5.19218
v 1.65981 -1.01607 5.16956
v 1.66981 -1.03823 5.16375
v 1.66981 -1.05674 5.18055
v 1.58683 -1.0763 5.17289
v 1.57809 -1.05694 5.17797
v 1.57809 -1.04078 5.1633
v 1.58683 -1.04397 5.14354
v 1.59556 -1.06332 5.13847
v 1.59556 -1.07949 5.15314
v 1.51385 -1.0995 5.14262
v 1.50638 -1.08296 5.14696
v 1.50638 -1.06915 5.13441
v 1.51385 -1.07187 5.11753
v 1.52131 -1.08842 5.11319
v 1.52131 -1.10223 5.12574
v 1.44086 -1.12271 5.11234
v 1.43466 -1.10898 5.11595
v 1.43466 -1.09751 5.10553
v 1.44086 -1.09977 5.09152
v 1.44706 -1.11351 5.08791
v 1.44706 -1.12498 5.09833
v 1.73279 -1.01178 5.24254
v 1.71512 -1.02713 5.22688
v 1.71512 -1.02438 5.19885
v 1.73279 -1.00627 5.18648
v 1.75047 -0.990915 5.20214
v 1.75047 -0.993672 5.23017
v 1.7895 -1.07303 5.23323
v 1.77372 -1.08525 5.21819
v 1.77372 -1.08059 5.19363
v 1.7895 -1.0637 5.18411
v 1.80529 -1.05147 5.19916
v 1.80529 -1.05614 5.22372
v 1.84583 -1.13325 5.21848
v 1.83192 -1.14259 5.2045
v 1.83192 -1.13664 5.18349
v 1.84583 -1.12135 5.17648
v 1.85975 -1.11201 5.19046
v 1.85975 -1.11796 5.21147
v 1.90153 -1.19219 5.19843
v 1.88948 -1.19896 5.18589
v 1.88948 -1.19235 5.16844
v 1.90153 -1.17897 5.16353
v 1.91358 -1.1722 5.17607
v 1.91358 -1.17881 5.19352
v 1.95637 -1.24844 5.17373
v 1.94637 -1.25406 5.16332
v 1.94637 -1.24857 5.14883
v 1.95637 -1.23747 5.14475
v 1.96637 -1.23185 5.15517
v 1.96637 -1.23734 5.16965
v 1.88978 -0.445952 5.26621
v 1.88965 -0.486022 5.2428
v 1.89563 -0.486022 5.19677
v 1.90174 -0.445952 5.17416
v 1.90186 -0.405881 5.19758
v 1.89588 -0.405881 5.24361
v 2.03842 -0.457436 5.28017
v 2.03693 -0.492997 5.25944
v 2.03954 -0.492997 5.21833
v 2.04365 -0.457436 5.19795
v 2.04514 -0.421875 5.21869
v 2.04253 -0.421875 5.25979
v 2.18731 -0.468993 5.28433
v 2.18481 -0.500046 5.26635
v 2.18474 -0.500046 5.23038
v 2.18715 -0.468993 5.21239
v 2.18965 -0.43794 5.23037
v 2.18972 -0.43794 5.26634
v 2.3358 -0.480573 5.27873
v 2.33267 -0.507119 5.26353
v 2.33059 -0.507119 5.23285
v 2.33163 -0.480573 5.21737
v 2.33476 -0.454028 5.23257
v 2.33685 -0.454028 5.26325
v 2.4816 -0.492127 5.2636
v 2.479 -0.514165 5.25098
v 2.47727 -0.514165 5.22551
v 2.47814 -0.492127 5.21266
v 2.48074 -0.470089 5.22528
v 2.48247 -0.470089 5.25075
v 2.47987 -0.464001 5.23966
v 2.46052 -0.47887 5.25373
v 2.46052 -0.506997 5.2522
v 2.47987 -0.520253 5.2366
v 2.49922 -0.505384 5.22253
v 2.49922 -0.477258 5.22406
v 2.52998 -0.47072 5.30486
v 2.5137 -0.48408 5.31833
v 2.5137 -0.509031 5.31678
v 2.52998 -0.520621 5.30176
v 2.54626 -0.507261 5.28829
v 2.54626 -0.48231 5.28984
v 2.58423 -0.477732 5.3666
v 2.57086 -0.489564 5.37916
v 2.57086 -0.511339 5.37762
v 2.58423 -0.521282 5.36352
v 2.59761 -0.50945 5.35096
v 2.59761 -0.487675 5.3525
v 2.6424 -0.48502 5.42462
v 2.63174 -0.495298 5.43598
v 2.63174 -0.513898 5.43447
v 2.6424 -0.522221 5.42162
v 2.65307 -0.511943 5.41027
v 2.65307 -0.493342 5.41177
v 2.70423 -0.49255 5.47849
v 2.69538 -0.501083 5.48792
v 2.69538 -0.516525 5.48667
v 2.70423 -0.523434 5.476
v 2.71308 -0.514902 5.46658
v 2.71308 -0.49946 5.46782
v 2.47987 -0.503368 5.26396
v 2.45896 -0.509272 5.24603
v 2.45896 -0.498031 5.2202
v 2.47987 -0.480887 5.2123
v 2.50078 -0.474983 5.23023
v 2.50078 -0.486223 5.25606
v 2.52227 -0.566771 5.23291
v 2.50371 -0.572011 5.21699
v 2.50371 -0.562035 5.19407
v 2.52227 -0.546819 5.18706
v 2.54082 -0.54158 5.20297
v 2.54082 -0.551556 5.2259
v 2.56467 -0.630175 5.20186
v 2.54846 -0.63475 5.18796
v 2.54846 -0.626038 5.16794
v 2.56467 -0.612752 5.16182
v 2.58087 -0.608176 5.17572
v 2.58087 -0.616888 5.19574
v 2.60706 -0.693578 5.17081
v 2.59321 -0.697489 5.15893
v 2.59321 -0.690042 5.14182
v 2.60706 -0.678684 5.13658
v 2.62091 -0.674773 5.14846
v 2.62091 -0.68222 5.16557
v 2.64946 -0.756981 5.13976
v 2.63796 -0.760228 5.12989
v 2.63796 -0.754046 5.11569
v 2.64946 -0.744617 5.11135
v 2.66096 -0.74137 5.12121
v 2.66096 -0.747552 5.13541
v 2.47987 -0.493104 5.20998
v 2.45983 -0.478713 5.22357
v 2.45983 -0.477736 5.25172
v 2.47987 -0.491151 5.26628
v 2.49991 -0.505541 5.25269
v 2.49991 -0.506518 5.22454
v 2.5268 -0.427419 5.21095
v 2.50898 -0.413778 5.22197
v 2.50898 -0.410929 5.2468
v 2.5268 -0.421721 5.26062
v 2.54462 -0.435361 5.2496
v 2.54462 -0.43821 5.22477
v 2.57354 -0.361476 5.20664
v 2.55791 -0.348929 5.21531
v 2.55791 -0.344736 5.23673
v 2.57354 -0.35309 5.24949
v 2.58916 -0.365636 5.24082
v 2.58916 -0.36983 5.2194
v 2.61989 -0.29556 5.19703
v 2.60645 -0.284399 5.20361
v 2.60645 -0.279393 5.22158
v 2.61989 -0.285549 5.23298
v 2.63332 -0.29671 5.22641
v 2.63332 -0.301716 5.20843
v 2.66565 -0.228827 5.18174
v 2.6545 -0.219561 5.1872
v 2.6545 -0.215405 5.20212
v 2.66565 -0.220515 5.21158
v 2.6768 -0.229781 5.20612
v 2.6768 -0.233936 5.1912
v 1.53982 0.132428 4.50765
v 1.52775 0.0662113 4.47135
v 1.5016 0.0662113 4.3995
v 1.48751 0.132428 4.36393
v 1.49957 0.198646 4.40023
v 1.52573 0.198646 4.47209
v 1.78342 0.136691 4.40982
v 1.77271 0.0779236 4.37761
v 1.7495 0.0779236 4.31383
v 1.73699 0.136691 4.28227
v 1.7477 0.195459 4.31449
v 1.77092 0.195459 4.37826
v 2.02702 0.140954 4.31199
v 2.01767 0.0896358 4.28386
v 1.99739 0.0896358 4.22817
v 1.98647 0.140954 4.20061
v 1.99583 0.192272 4.22874
v 2.0161 0.192272 4.28443
v 2.27062 0.145217 4.21416
v 2.26262 0.101348 4.19011
v 2.24529 0.101348 4.14251
v 2.23596 0.145217 4.11895
v 2.24395 0.189086 4.14299
v 2.26128 0.189086 4.1906
v 2.51422 0.14948 4.11633
v 2.50758 0.11306 4.09636
v 2.49319 0.11306 4.05684
v 2.48544 0.14948 4.03728
v 2.49208 0.185899 4.05725
v 2.50647 0.185899 4.09677
v 2.49983 0.195883 4.07594
v 2.47897 0.173325 4.11072
v 2.47897 0.126922 4.11159
v 2.49983 0.103077 4.07767
v 2.52068 0.125634 4.04289
v 2.52068 0.172037 4.04202
v 2.62545 0.192089 4.15213
v 2.60897 0.17219 4.18422
v 2.60897 0.13101 4.18512
v 2.62545 0.109728 4.15393
v 2.64192 0.129627 4.12185
v 2.64192 0.170808 4.12095
v 2.7413 0.152391 4.25381
v 2.74884 0.121243 4.23748
v 2.76332 0.121243 4.20455
v 2.77027 0.152391 4.18796
v 2.76273 0.18354 4.20429
v 2.74824 0.18354 4.23721
v 2.87976 0.153921 4.30896
v 2.88528 0.127295 4.29461
v 2.8958 0.127295 4.26571
v 2.90079 0.153921 4.25117
v 2.89527 0.180548 4.26552
v 2.88475 0.180548 4.29441
v 3.01962 0.155492 4.35431
v 3.02421 0.133387 4.34239
v 3.03294 0.133387 4.31841
v 3.03708 0.155492 4.30633
v 3.03249 0.177597 4.31825
v 3.02376 0.177597 4.34223
v 3.02835 0.183659 4.33011
v 3.00466 0.169619 4.33601
v 3.00466 0.141452 4.33622
v 3.02835 0.127325 4.33053
v 3.05205 0.141365 4.32463
v 3.05205 0.169532 4.32442
v 3.0479 0.181092 4.41001
v 3.02726 0.168656 4.41664
v 3.02726 0.143658 4.41688
v 3.0479 0.131096 4.41049
v 3.06855 0.143532 4.40386
v 3.06855 0.16853 4.40362
v 3.07264 0.178684 4.48847
v 3.05502 0.167852 4.49545
v 3.05502 0.146023 4.49571
v 3.07264 0.135027 4.48899
v 3.09026 0.145859 4.48201
v 3.09026 0.167688 4.48175
v 3.10246 0.176432 4.56515
v 3.08781 0.167201 4.57212
v 3.08781 0.148542 4.57238
v 3.10246 0.139114 4.56569
v 3.1171 0.148346 4.55873
v 3.1171 0.167005 4.55846
v 3.13722 0.174334 4.63978
v 3.12506 0.16667 4.64556
v 3.12506 0.151179 4.64578
v 3.13722 0.143353 4.64022
v 3.14938 0.151017 4.63444
v 3.14938 0.166507 4.63422
v 3.02835 0.141584 4.35481
v 3.01145 0.133239 4.33388
v 3.01145 0.147147 4.30939
v 3.02835 0.1694 4.30583
v 3.04525 0.177745 4.32676
v 3.04525 0.163838 4.35125
v 3.0877 0.0935798 4.32391
v 3.0727 0.0861731 4.30534
v 3.0727 0.0985163 4.2836
v 3.0877 0.118266 4.28044
v 3.1027 0.125673 4.29902
v 3.1027 0.11333 4.32075
v 3.14705 0.0455753 4.29301
v 3.13395 0.0391076 4.27679
v 3.13395 0.0498861 4.25781
v 3.14705 0.0671324 4.25505
v 3.16015 0.0736001 4.27127
v 3.16015 0.0628216 4.29025
v 3.2064 -0.00242914 4.26211
v 3.1952 -0.00795804 4.24824
v 3.1952 0.00125585 4.23202
v 3.2064 0.0159987 4.22966
v 3.21759 0.0215276 4.24353
v 3.21759 0.0123137 4.25975
v 3.26575 -0.0504336 4.23121
v 3.25645 -0.0550236 4.2197
v 3.25645 -0.0473744 4.20623
v 3.26575 -0.0351351 4.20427
v 3.27504 -0.030545 4.21578
v 3.27504 -0.0381943 4.22925
v 3.02835 0.160978 4.30269
v 3.00646 0.168796 4.3186
v 3.00646 0.163311 4.34623
v 3.02835 0.150006 4.35795
v 3.05024 0.142188 4.34204
v 3.05024 0.147673 4.31441
v 3.06467 0.230988 4.31989
v 3.04529 0.239026 4.33348
v 3.04529 0.235955 4.35829
v 3.06467 0.224846 4.36951
v 3.08406 0.216808 4.35592
v 3.08406 0.219879 4.33111
v 3.10134 0.30212 4.33195
v 3.08444 0.31003 4.34327
v 3.08444 0.308938 4.36508
v 3.10134 0.299936 4.37555
v 3.11824 0.292025 4.36423
v 3.11824 0.293118 4.34243
v 3.13819 0.374079 4.33878
v 3.12375 0.381537 4.34794
v 3.12375 0.381969 4.36659
v 3.13819 0.374943 4.37609
v 3.15264 0.367486 4.36693
v 3.15264 0.367054 4.34827
v 3.17508 0.447694 4.34024
v 3.16308 0.453885 4.34785
v 3.16308 0.454244 4.36333
v 3.17508 0.448411 4.37122
v 3.18707 0.44222 4.36361
v 3.18707 0.441861 4.34812
v 2.49983 0.131165 4.11945
v 2.46499 0.1219 4.09022
v 2.46499 0.140215 4.04757
v 2.49983 0.167795 4.03416
v 2.53466 0.17706 4.06339
v 2.53466 0.158745 4.10604
v 2.57313 0.0162033 4.06439
v 2.54221 0.00798071 4.03845
v 2.54221 0.0242352 4.0006
v 2.57313 0.0487124 3.9887
v 2.60405 0.0569351 4.01465
v 2.60405 0.0406805 4.05249
v 2.64643 -0.0987581 4.00934
v 2.61943 -0.105938 3.98668
v 2.61943 -0.0917443 3.95363
v 2.64643 -0.0703698 3.94324
v 2.67343 -0.0631895 3.9659
v 2.67343 -0.0773836 3.99895
v 2.71973 -0.213719 3.95428
v 2.69665 -0.219857 3.93491
v 2.69665 -0.207724 3.90666
v 2.71973 -0.189452 3.89778
v 2.74281 -0.183314 3.91715
v 2.74281 -0.195448 3.9454
v 2.79303 -0.328681 3.89923
v 2.77387 -0.333777 3.88315
v 2.77387 -0.323703 3.85969
v 2.79303 -0.308534 3.85232
v 2.81219 -0.303439 3.8684
v 2.81219 -0.313512 3.89185
v 2.79303 -0.301903 3.89845
v 2.76949 -0.3154 3.8909
v 2.76949 -0.332104 3.86822
v 2.79303 -0.335312 3.85309
v 2.81657 -0.321815 3.86064
v 2.81657 -0.305111 3.88332
v 2.81459 -0.369104 3.94394
v 2.79376 -0.380816 3.93659
v 2.79376 -0.394265 3.91551
v 2.81459 -0.396 3.90179
v 2.83541 -0.384288 3.90915
v 2.83541 -0.37084 3.93022
v 2.83708 -0.438798 3.9846
v 2.81895 -0.448741 3.9776
v 2.81895 -0.459222 3.95845
v 2.83708 -0.459759 3.9463
v 2.85521 -0.449817 3.9533
v 2.85521 -0.439336 3.97245
v 2.86041 -0.510669 4.02027
v 2.84496 -0.518877 4.01379
v 2.84496 -0.526709 3.99685
v 2.86041 -0.526334 3.9864
v 2.87586 -0.518126 3.99288
v 2.87586 -0.510294 4.00982
v 2.88449 -0.583422 4.05042
v 2.87166 -0.590236 4.04504
v 2.87166 -0.596738 4.03098
v 2.88449 -0.596427 4.0223
v 2.89731 -0.589613 4.02768
v 2.89731 -0.58311 4.04175
v 2.79303 -0.329704 3.90166
v 2.77185 -0.31303 3.89349
v 2.77185 -0.301934 3.8676
v 2.79303 -0.307511 3.84988
v 2.81421 -0.324185 3.85806
v 2.81421 -0.335282 3.88395
v 2.7522 -0.394122 3.8706
v 2.7334 -0.379324 3.86335
v 2.7334 -0.369476 3.84037
v 2.7522 -0.374426 3.82465
v 2.77099 -0.389224 3.83191
v 2.77099 -0.399072 3.85488
v 2.71136 -0.45854 3.83955
v 2.69495 -0.445618 3.83321
v 2.69495 -0.437018 3.81315
v 2.71136 -0.441341 3.79942
v 2.72778 -0.454263 3.80575
v 2.72778 -0.462863 3.82582
v 2.67053 -0.522958 3.80849
v 2.6565 -0.511912 3.80307
v 2.6565 -0.504561 3.78592
v 2.67053 -0.508256 3.77419
v 2.68456 -0.519302 3.7796
v 2.68456 -0.526654 3.79675
v 2.6297 -0.587377 3.77743
v 2.61805 -0.578206 3.77294
v 2.61805 -0.572103 3.7587
v 2.6297 -0.57517 3.74895
v 2.64135 -0.584341 3.75345
v 2.64135 -0.590444 3.76769
v 2.79295 -0.318608 3.90394
v 2.7922 -0.342989 3.88985
v 2.79227 -0.342989 3.86169
v 2.79311 -0.318608 3.8476
v 2.79387 -0.294227 3.86169
v 2.79379 -0.294227 3.88986
v 2.87684 -0.321291 3.90095
v 2.87536 -0.34293 3.88852
v 2.87379 -0.34293 3.86357
v 2.87371 -0.321291 3.85105
v 2.8752 -0.299653 3.86348
v 2.87676 -0.299653 3.88843
v 2.96015 -0.32397 3.8925
v 2.95815 -0.342865 3.88175
v 2.95536 -0.342865 3.8601
v 2.95457 -0.32397 3.84919
v 2.95657 -0.305075 3.85994
v 2.95936 -0.305075 3.88159
v 3.04252 -0.326632 3.87864
v 3.04022 -0.342785 3.86959
v 3.03663 -0.342785 3.85127
v 3.03534 -0.326632 3.84202
v 3.03764 -0.310479 3.85108
v 3.04124 -0.310479 3.86939
v 3.12262 -0.329266 3.8597
v 3.12071 -0.342675 3.85219
v 3.11773 -0.342675 3.83698
v 3.11666 -0.329266 3.8293
v 3.11857 -0.315856 3.83682
v 3.12155 -0.315856 3.85202
v 2.49983 0.139006 4.03159
v 2.46613 0.16559 4.04925
v 2.46613 0.176063 4.09447
v 2.49983 0.159953 4.12202
v 2.53352 0.13337 4.10436
v 2.53352 0.122896 4.05914
v 2.57994 0.257136 4.00971
v 2.54985 0.281591 4.02361
v 2.54985 0.293946 4.06291
v 2.57994 0.281845 4.0883
v 2.61003 0.25739 4.0744
v 2.61003 0.245035 4.03511
v 2.65887 0.374372 3.97843
v 2.63239 0.396287 3.98904
v 2.63239 0.409648 4.02243
v 2.65887 0.401093 4.04522
v 2.68534 0.379177 4.03462
v 2.68534 0.365816 4.00123
v 2.73628 0.491372 3.93727
v 2.71356 0.510262 3.94578
v 2.71356 0.522589 3.97395
v 2.73628 0.516025 3.9936
v 2.75899 0.497135 3.98509
v 2.75899 0.484808 3.95692
v 2.81294 0.608312 3.89179
v 2.79408 0.623994 3.89886
v 2.79408 0.634228 3.92224
v 2.81294 0.628779 3.93856
v 2.8318 0.613097 3.93149
v 2.8318 0.602863 3.90811
v 2.82269 0.618546 3.9416
v 2.82136 0.594446 3.92708
v 2.81161 0.594446 3.90065
v 2.80319 0.618546 3.88875
v 2.80452 0.642645 3.90327
v 2.81427 0.642645 3.9297
v 2.89786 0.63129 3.91048
v 2.89668 0.609902 3.8976
v 2.88803 0.609902 3.87414
v 2.88056 0.63129 3.86358
v 2.88174 0.652678 3.87647
v 2.89039 0.652678 3.89992
v 2.97304 0.644035 3.87937
v 2.972 0.625357 3.86811
v 2.96445 0.625357 3.84763
v 2.95792 0.644035 3.83841
v 2.95895 0.662712 3.84966
v 2.96651 0.662712 3.87014
v 3.04821 0.656779 3.84825
v 3.04733 0.640813 3.83863
v 3.04087 0.640813 3.82112
v 3.03529 0.656779 3.81323
v 3.03617 0.672745 3.82285
v 3.04263 0.672745 3.84036
v 3.12338 0.669524 3.81713
v 3.12265 0.656269 3.80914
v 3.11729 0.656269 3.79461
v 3.11265 0.669524 3.78806
v 3.11339 0.682778 3.79605
v 3.11875 0.682778 3.81058
v 2.81294 0.625176 3.8878
v 2.78927 0.616111 3.90009
v 2.78927 0.60948 3.92747
v 2.81294 0.611915 3.94255
v 2.83661 0.62098 3.93026
v 2.83661 0.627611 3.90288
v 2.79298 0.70037 3.90933
v 2.772 0.693009 3.92075
v 2.772 0.688774 3.94539
v 2.79298 0.6919 3.95861
v 2.81397 0.69926 3.94719
v 2.81397 0.703495 3.92255
v 2.77276 0.776987 3.92577
v 2.75445 0.771206 3.93614
v 2.75445 0.768967 3.95786
v 2.77276 0.77251 3.9692
v 2.79108 0.77829 3.95882
v 2.79108 0.780529 3.9371
v 2.75236 0.854705 3.93701
v 2.73671 0.850356 3.94619
v 2.73671 0.8497 3.96484
v 2.75236 0.853393 3.97431
v 2.76802 0.857742 3.96512
v 2.76802 0.858398 3.94647
v 2.73188 0.934243 3.94298
v 2.71888 0.930632 3.9506
v 2.71888 0.930088 3.96608
v 2.73188 0.933154 3.97394
v 2.74487 0.936764 3.96632
v 2.74487 0.937309 3.95083
v 2.81646 0.618546 3.94312
v 2.81345 0.594184 3.92931
v 2.80993 0.594184 3.90136
v 2.80942 0.618546 3.88723
v 2.81243 0.642907 3.90105
v 2.81595 0.642907 3.92899
v 2.89922 0.614307 3.92944
v 2.89576 0.592686 3.91738
v 2.89102 0.592686 3.89284
v 2.88973 0.614307 3.88036
v 2.89319 0.635929 3.89242
v 2.89793 0.635929 3.91696
v 2.9807 0.610113 3.91042
v 2.97702 0.591231 3.90011
v 2.97148 0.591231 3.87899
v 2.96963 0.610113 3.86819
v 2.97332 0.628994 3.87851
v 2.97885 0.628994 3.89962
v 3.06057 0.60598 3.88616
v 3.05686 0.589839 3.87756
v 3.05096 0.589839 3.85986
v 3.04876 0.60598 3.85076
v 3.05247 0.622122 3.85936
v 3.05837 0.622122 3.87706
v 3.13753 0.601927 3.85715
v 3.13445 0.588527 3.85001
v 3.12955 0.588527 3.83532
v 3.12773 0.601927 3.82776
v 3.13081 0.615328 3.8349
v 3.13571 0.615328 3.84959
f 6 5 4 3 2 1
f 1 2 8 7
f 2 3 9 8
f 3 4 10 9
f 4 5 11 10
f 5 6 12 11
f 6 1 7 12
f 7 8 14 13
f 8 9 15 14
f 9 10 16 15
f 10 11 17 16
f 11 12 18 17
f 12 7 13 18
f 13 14 20 19
f 14 15 21 20
f 15 16 22 21
f 16 17 23 22
f 17 18 24 23
f 18 13 19 24
f 19 20 26 25
f 20 21 27 26
f 21 22 28 27
f 22 23 29 28
f 23 24 30 29
f 24 19 25 30
f 25 26 27 28 29 30
f 36 35 34 33 32 31
f 31 32 38 37
f 32 33 39 38
f 33 34 40 39
f 34 35 41 40
f 35 36 42 41
f 36 31 37 42
f 37 38 44 43
f 38 39 45 44
f 39 40 46 45
f 40 41 47 46
f 41 42 48 47
f 42 37 43 48
f 43 44 50 49
f 44 45 51 50
f 45 46 52 51
f 46 47 53 52
f 47 48 54 53
f 48 43 49 54
f 49 50 56 55
f 50 51 57 56
f 51 52 58 57
f 52 53 59 58
f 53 54 60 59
f 54 49 55 60
f 55 56 57 58 59 60
f 66 65 64 63 62 61
f 61 62 68 67
f 62 63 69 68
f 63 64 70 69
f 64 65 71 70
f 65 66 72 71
f 66 61 67 72
f 67 68 74 73
f 68 69 75 74
f 69 70 76 75
f 70 71 77 76
f 71 72 78 77
f 72 67 73 78
f 73 74 80 79
f 74 75 81 80
f 75 76 82 81
f 76 77 83 82
f 77 78 84 83
f 78 73 79 84
f 79 80 86 85
f 80 81 87 86
f 81 82 88 87
f 82 83 89 88
f 83 84 90 89
f 84 79 85 90
f 85 86 87 88 89 90
f 96 95 94 93 92 91
f 91 92 98 97
f 92 93 99 98
f 93 94 100 99
f 94 95 101 100
f 95 96 102 101
f 96 91 97 102
f 97 98 104 103
f 98 99 105 104
f 99 100 106 105
f 100 101 107 106
f 101 102 108 107
f 102 97 103 108
f 103 104 110 109
f 104 105 111 110
f 105 106 112 111
f 106 107 113 112
f 107 108 114 113
f 108 103 109 114
f 109 110 116 115
f 110 111 117 116
f 111 112 118 117
f 112 113 119 118
f 113 114 120 119
f 114 109 115 120
f 115 116 117 118 119 120
f 126 125 124 123 122 121
f 121 122 128 127
f 122 123 129 128
f 123 124 130 129
f 124 125 131 130
f 125 126 132 131
f 126 121 127 132
f 127 128 134 133
f 128 129 135 134
f 129 130 136 135
f 130 131 137 136
f 131 132 138 137
f 132 127 133 138
f 133 134 140 139
f 134 135 141 140
f 135 136 142 141
f 136 137 143 142
f 137 138 144 143
f 138 133 139 144
f 139 140 146 145
f 140 141 147 146
f 141 142 148 147
f 142 143 149 148
f 143 144 150 149
f 144 139 145 150
f 145 146 147 148 149 150
f 156 155 154 153 152 151
f 151 152 158 157
f 152 153 159 158
f 153 154 160 159
f 154 155 161 160
f 155 156 162 161
f 156 151 157 162
f 157 158 164 163
f 158 159 165 164
f 159 160 166 165
f 160 161 167 166
f 161 162 168 167
f 162 157 163 168
f 163 164 170 169
f 164 165 171 170
f 165 166 172 171
f 166 167 173 172
f 167 168 174 173
f 168 163 169 174
f 169 170 176 175
f 170 171 177 176
f 171 172 178 177
f 172 173 179 178
f 173 174 180 179
f 174 169 175 180
f 175 176 177 178 179 180
f 186 185 184 183 182 181
f 181 182 188 187
f 182 183 189 188
f 183 184 190 189
f 184 185 191 190
f 185 186 192 191
f 186 181 187 192
f 187 188 194 193
f 188 189 195 194
f 189 190 196 195
f 190 191 197 196
f 191 192 198 197
f 192 187 193 198
f 193 194 200 199
f 194 195 201 200
f 195 196 202 201
f 196 197 203 202
f 197 198 204 203
f 198 193 199 204
f 199 200 206 205
f 200 201 207 206
f 201 202 208 207
f 202 203 209 208
f 203 204 210 209
f 204 199 205 210
f 205 206 207 208 209 210
f 216 215 214 213 212 211
f 211 212 218 217
f 212 213 219 218
f 213 214 220 219
f 214 215 221 220
f 215 216 222 221
f 216 211 217 222
f 217 218 224 223
f 218 219 225 224
f 219 220 226 225
f 220 221 227 226
f 221 222 228 227
f 222 217 223 228
f 223 224 230 229
f 224 225 231 230
f 225 226 232 231
f 226 227 233 232
f 227 228 234 233
f 228 223 229 234
f 229 230 236 235
f 230 231 237 236
f 231 232 238 237
f 232 233 239 238
f 233 234 240 239
f 234 229 235 240
f 235 236 237 238 239 240
f 246 245 244 243 242 241
f 241 242 248 247
f 242 243 249 248
f 243 244 250 249
f 244 245 251 250
f 245 246 252 251
f 246 241 247 252
f 247 248 254 253
f 248 249 255 254
f 249 250 256 255
f 250 251 257 256
f 251 252 258 257
f 252 247 253 258
f 253 254 260 259
f 254 255 261 260
f 255 256 262 261
f 256 257 263 262
f 257 258 264 263
f 258 253 259 264
f 259 260 266 265
f 260 261 267 266
f 261 262 268 267
f 262 263 269 268
f 263 264 270 269
f 264 259 265 270
f 265 266 267 268 269 270
f 276 275 274 273 272 271
f 271 272 278 277
f 272 273 279 278
f 273 274 280 279
f 274 275 281 280
f 275 276 282 281
f 276 271 277 282
f 277 278 284 283
f 278 279 285 284
f 279 280 286 285
f 280 281 287 286
f 281 282 288 287
f 282 277 283 288
f 283 284 290 289
f 284 285 291 290
f 285 286 292 291
f 286 287 293 292
f 287 288 294 293
f 288 283 289 294
f 289 290 296 295
f 290 291 297 296
f 291 292 298 297
f 292 293 299 298
f 293 294 300 299
f 294 289 295 300
f 295 296 297 298 299 300
f 306 305 304 303 302 301
f 301 302 308 307
f 302 303 309 308
f 303 304 310 309
f 304 305 311 310
f 305 306 312 311
f 306 301 307 312
f 307 308 314 313
f 308 309 315 314
f 309 310 316 315
f 310 311 317 316
f 311 312 318 317
f 312 307 313 318
f 313 314 320 319
f 314 315 321 320
f 315 316 322 321
f 316 317 323 322
f 317 318 324 323
f 318 313 319 324
f 319 320 326 325
f 320 321 327 326
f 321 322 328 327
f 322 323 329 328
f 323 324 330 329
f 324 319 325 330
f 325 326 327 328 329 330
f 336 335 334 333 332 331
f 331 332 338 337
f 332 333 339 338
f 333 334 340 339
f 334 335 341 340
f 335 336 342 341
f 336 331 337 342
f 337 338 344 343
f 338 339 345 344
f 339 340 346 345
f 340 341 347 346
f 341 342 348 347
f 342 337 343 348
f 343 344 350 349
f 344 345 351 350
f 345 346 352 351
f 346 347 353 352
f 347 348 354 353
f 348 343 349 354
f 349 350 356 355
f 350 351 357 356
f 351 352 358 357
f 352 353 359 358
f 353 354 360 359
f 354 349 355 360
f 355 356 357 358 359 360
f 366 365 364 363 362 361
f 361 362 368 367
f 362 363 369 368
f 363 364 370 369
f 364 365 371 370
f 365 366 372 371
f 366 361 367 372
f 367 368 374 373
f 368 369 375 374
f 369 370 376 375
f 370 371 377 376
f 371 372 378 377
f 372 367 373 378
f 373 374 380 379
f 374 375 381 380
f 375 376 382 381
f 376 377 383 382
f 377 378 384 383
f 378 373 379 384
f 379 380 386 385
f 380 381 387 386
f 381 382 388 387
f 382 383 389 388
f 383 384 390 389
f 384 379 385 390
f 385 386 387 388 389 390
f 396 395 394 393 392 391
f 391 392 398 397
f 392 393 399 398
f 393 394 400 399
f 394 395 401 400
f 395 396 402 401
f 396 391 397 402
f 397 398 404 403
f 398 399 405 404
f 399 400 406 405
f 400 401 407 406
f 401 402 408 407
f 402 397 403 408
f 403 404 410 409
f 404 405 411 410
f 405 406 412 411
f 406 407 413 412
f 407 408 414 413
f 408 403 409 414
f 409 410 416 415
f 410 411 417 416
f 411 412 418 417
f 412 413 419 418
f 413 414 420 419
f 414 409 415 420
f 415 416 417 418 419 420
f 426 425 424 423 422 421
f 421 422 428 427
f 422 423 429 428
f 423 424 430 429
f 424 425 431 430
f 425 426 432 431
f 426 421 427 432
f 427 428 434 433
f 428 429 435 434
f 429 430 436 435
f 430 431 437 436
f 431 432 438 437
f 432 427 433 438
f 433 434 440 439
f 434 435 441 440
f 435 436 442 441
f 436 437 443 442
f 437 438 444 443
f 438 433 439 444
f 439 440 446 445
f 440 441 447 446
f 441 442 448 447
f 442 443 449 448
f 443 444 450 449
f 444 439 445 450
f 445 446 447 448 449 450
f 456 455 454 453 452 451
f 451 452 458 457
f 452 453 459 458
f 453 454 460 459
f 454 455 461 460
f 455 456 462 461
f 456 451 457 462
f 457 458 464 463
f 458 459 465 464
f 459 460 466 465
f 460 461 467 466
f 461 462 468 467
f 462 457 463 468
f 463 464 470 469
f 464 465 471 470
f 465 466 472 471
f 466 467 473 472
f 467 468 474 473
f 468 463 469 474
f 469 470 476 475
f 470 471 477 476
f 471 472 478 477
f 472 473 479 478
f 473 474 480 479
f 474 469 475 480
f 475 476 477 478 479 480
f 486 485 484 483 482 481
f 481 482 488 487
f 482 483 489 488
f 483 484 490 489
f 484 485 491 490
f 485 486 492 491
f 486 481 487 492
f 487 488 494 493
f 488 489 495 494
f 489 490 496 495
f 490 491 497 496
f 491 492 498 497
f 492 487 493 498
f 493 494 500 499
f 494 495 501 500
f 495 496 502 501
f 496 497 503 502
f 497 498 504 503
f 498 493 499 504
f 499 500 506 505
f 500 501 507 506
f 501 502 508 507
f 502 503 509 508
f 503 504 510 509
f 504 499 505 510
f 505 506 507 508 509 510
f 516 515 514 513 512 511
f 511 512 518 517
f 512 513 519 518
f 513 514 520 519
f 514 515 521 520
f 515 516 522 521
f 516 511 517 522
f 517 518 524 523
f 518 519 525 524
f 519 520 526 525
f 520 521 527 526
f 521 522 528 527
f 522 517 523 528
f 523 524 530 529
f 524 525 531 530
f 525 526 532 531
f 526 527 533 532
f 527 528 534 533
f 528 523 529 534
f 529 530 536 535
f 530 531 537 536
f 531 532 538 537
f 532 533 539 538
f 533 534 540 539
f 534 529 535 540
f 535 536 537 538 539 540
f 546 545 544 543 542 541
f 541 542 548 547
f 542 543 549 548
f 543 544 550 549
f 544 545 551 550
f 545 546 552 551
f 546 541 547 552
f 547 548 554 553
f 548 549 555 554
f 549 550 556 555
f 550 551 557 556
f 551 552 558 557
f 552 547 553 558
f 553 554 560 559
f 554 555 561 560
f 555 556 562 561
f 556 557 563 562
f 557 558 564 563
f 558 553 559 564
f 559 560 566 565
f 560 561 567 566
f 561 562 568 567
f 562 563 569 568
f 563 564 570 569
f 564 559 565 570
f 565 566 567 568 569 570
f 576 575 574 573 572 571
f 571 572 578 577
f 572 573 579 578
f 573 574 580 579
f 574 575 581 580
f 575 576 582 581
f 576 571 577 582
f 577 578 584 583
f 578 579 585 584
f 579 580 586 585
f 580 581 587 586
f 581 582 588 587
f 582 577 583 588
f 583 584 590 589
f 584 585 591 590
f 585 586 592 591
f 586 587 593 592
f 587 588 594 593
f 588 583 589 594
f 589 590 596 595
f 590 591 597 596
f 591 592 598 597
f 592 593 599 598
f 593 594 600 599
f 594 589 595 600
f 595 596 597 598 599 600
f 606 605 604 603 602 601
f 601 602 608 607
f 602 603 609 608
f 603 604 610 609
f 604 605 611 610
f 605 606 612 611
f 606 601 607 612
f 607 608 614 613
f 608 609 615 614
f 609 610 616 615
f 610 611 617 616
f 611 612 618 617
f 612 607 613 618
f 613 614 620 619
f 614 615 621 620
f 615 616 622 621
f 616 617 623 622
f 617 618 624 623
f 618 613 619 624
f 619 620 626 625
f 620 621 627 626
f 621 622 628 627
f 622 623 629 628
f 623 624 630 629
f 624 619 625 630
f 625 626 627 628 629 630
f 636 635 634 633 632 631
f 631 632 638 637
f 632 633 639 638
f 633 634 640 639
f 634 635 641 640
f 635 636 642 641
f 636 631 637 642
f 637 638 644 643
f 638 639 645 644
f 639 640 646 645
f 640 641 647 646
f 641 642 648 647
f 642 637 643 648
f 643 644 650 649
f 644 645 651 650
f 645 646 652 651
f 646 647 653 652
f 647 648 654 653
f 648 643 649 654
f 649 650 656 655
f 650 651 657 656
f 651 652 658 657
f 652 653 659 658
f 653 654 660 659
f 654 649 655 660
f 655 656 657 658 659 660
f 666 665 664 663 662 661
f 661 662 668 667
f 662 663 669 668
f 663 664 670 669
f 664 665 671 670
f 665 666 672 671
f 666 661 667 672
f 667 668 674 673
f 668 669 675 674
f 669 670 676 675
f 670 671 677 676
f 671 672 678 677
f 672 667 673 678
f 673 674 680 679
f 674 675 681 680
f 675 676 682 681
f 676 677 683 682
f 677 678 684 683
f 678 673 679 684
f 679 680 686 685
f 680 681 687 686
f 681 682 688 687
f 682 683 689 688
f 683 684 690 689
f 684 679 685 690
f 685 686 687 688 689 690
f 696 695 694 693 692 691
f 691 692 698 697
f 692 693 699 698
f 693 694 700 699
f 694 695 701 700
f 695 696 702 701
f 696 691 697 702
f 697 698 704 703
f 698 699 705 704
f 699 700 706 705
f 700 701 707 706
f 701 702 708 707
f 702 697 703 708
f 703 704 710 709
f 704 705 711 710
f 705 706 712 711
f 706 707 713 712
f 707 708 714 713
f 708 703 709 714
f 709 710 716 715
f 710 711 717 716
f 711 712 718 717
f 712 713 719 718
f 713 714 720 719
f 714 709 715 720
f 715 716 717 718 719 720
f 726 725 724 723 722 721
f 721 722 728 727
f 722 723 729 728
f 723 724 730 729
f 724 725 731 730
f 725 726 732 731
f 726 721 727 732
f 727 728 734 733
f 728 729 735 734
f 729 730 736 735
f 730 731 737 736
f 731 732 738 737
f 732 727 733 738
f 733 734 740 739
f 734 735 741 740
f 735 736 742 741
f 736 737 743 742
f 737 738 744 743
f 738 733 739 744
f 739 740 746 745
f 740 741 747 746
f 741 742 748 747
f 742 743 749 748
f 743 744 750 749
f 744 739 745 750
f 745 746 747 748 749 750
f 756 755 754 753 752 751
f 751 752 758 757
f 752 753 759 758
f 753 754 760 759
f 754 755 761 760
f 755 756 762 761
f 756 751 757 762
f 757 758 764 763
f 758 759 765 764
f 759 760 766 765
f 760 761 767 766
f 761 762 768 767
f 762 757 763 768
f 763 764 770 769
f 764 765 771 770
f 765 766 772 771
f 766 767 773 772
f 767 768 774 773
f 768 763 769 774
f 769 770 776 775
f 770 771 777 776
f 771 772 778 777
f 772 773 779 778
f 773 774 780 779
f 774 769 775 780
f 775 776 777 778 779 780
f 786 785 784 783 782 781
f 781 782 788 787
f 782 783 789 788
f 783 784 790 789
f 784 785 791 790
f 785 786 792 791
f 786 781 787 792
f 787 788 794 793
f 788 789 795 794
f 789 790 796 795
f 790 791 797 796
f 791 792 798 797
f 792 787 793 798
f 793 794 800 799
f 794 795 801 800
f 795 796 802 801
f 796 797 803 802
f 797 798 804 803
f 798 793 799 804
f 799 800 806 805
f 800 801 807 806
f 801 802 808 807
f 802 803 809 808
f 803 804 810 809
f 804 799 805 810
f 805 806 807 808 809 810
f 816 815 814 813 812 811
f 811 812 818 817
f 812 813 819 818
f 813 814 820 819
f 814 815 821 820
f 815 816 822 821
f 816 811 817 822
f 817 818 824 823
f 818 819 825 824
f 819 820 826 825
f 820 821 827 826
f 821 822 828 827
f 822 817 823 828
f 823 824 830 829
f 824 825 831 830
f 825 826 832 831
f 826 827 833 832
f 827 828 834 833
f 828 823 829 834
f 829 830 836 835
f 830 831 837 836
f 831 832 838 837
f 832 833 839 838
f 833 834 840 839
f 834 829 835 840
f 835 836 837 838 839 840
f 846 845 844 843 842 841
f 841 842 848 847
f 842 843 849 848
f 843 844 850 849
f 844 845 851 850
f 845 846 852 851
f 846 841 847 852
f 847 848 854 853
f 848 849 855 854
f 849 850 856 855
f 850 851 857 856
f 851 852 858 857
f 852 847 853 858
f 853 854 860 859
f 854 855 861 860
f 855 856 862 861
f 856 857 863 862
f 857 858 864 863
f 858 853 859 864
f 859 860 866 865
f 860 861 867 866
f 861 862 868 867
f 862 863 869 868
f 863 864 870 869
f 864 859 865 870
f 865 866 867 868 869 870
f 876 875 874 873 872 871
f 871 872 878 877
f 872 873 879 878
f 873 874 880 879
f 874 875 881 880
f 875 876 882 881
f 876 871 877 882
f 877 878 884 883
f 878 879 885 884
f 879 880 886 885
f 880 881 887 886
f 881 882 888 887
f 882 877 883 888
f 883 884 890 889
f 884 885 891 890
f 885 886 892 891
f 886 887 893 892
f 887 888 894 893
f 888 883 889 894
f 889 890 896 895
f 890 891 897 896
f 891 892 898 897
f 892 893 899 898
f 893 894 900 899
f 894 889 895 900
f 895 896 897 898 899 900
f 906 905 904 903 902 901
f 901 902 908 907
f 902 903 909 908
f 903 904 910 909
f 904 905 911 910
f 905 906 912 911
f 906 901 907 912
f 907 908 914 913
f 908 909 915 914
f 909 910 916 915
f 910 911 917 916
f 911 912 918 917
f 912 907 913 918
f 913 914 920 919
f 914 915 921 920
f 915 916 922 921
f 916 917 923 922
f 917 918 924 923
f 918 913 919 924
f 919 920 926 925
f 920 921 927 926
f 921 922 928 927
f 922 923 929 928
f 923 924 930 929
f 924 919 925 930
f 925 926 927 928 929 930
f 936 935 934 933 932 931
f 931 932 938 937
f 932 933 939 938
f 933 934 940 939
f 934 935 941 940
f 935 936 942 941
f 936 931 937 942
f 937 938 944 943
f 938 939 945 944
f 939 940 946 945
f 940 941 947 946
f 941 942 948 947
f 942 937 943 948
f 943 944 950 949
f 944 945 951 950
f 945 946 952 951
f 946 947 953 952
f 947 948 954 953
f 948 943 949 954
f 949 950 956 955
f 950 951 957 956
f 951 952 958 957
f 952 953 959 958
f 953 954 960 959
f 954 949 955 960
f 955 956 957 958 959 960
f 966 965 964 963 962 961
f 961 962 968 967
f 962 963 969 968
f 963 964 970 969
f 964 965 971 970
f 965 966 972 971
f 966 961 967 972
f 967 968 974 973
f 968 969 975 974
f 969 970 976 975
f 970 971 977 976
f 971 972 978 977
f 972 967 973 978
f 973 974 980 979
f 974 975 981 980
f 975 976 982 981
f 976 977 983 982
f 977 978 984 983
f 978 973 979 984
f 979 980 986 985
f 980 981 987 986
f 981 982 988 987
f 982 983 989 988
f 983 984 990 989
f 984 979 985 990
f 985 986 987 988 989 990
f 996 995 994 993 992 991
f 991 992 998 997
f 992 993 999 998
f 993 994 1000 999
f 994 995 1001 1000
f 995 996 1002 1001
f 996 991 997 1002
f 997 998 1004 1003
f 998 999 1005 1004
f 999 1000 1006 1005
f 1000 1001 1007 1006
f 1001 1002 1008 1007
f 1002 997 1003 1008
f 1003 1004 1010 1009
f 1004 1005 1011 1010
f 1005 1006 1012 1011
f 1006 1007 1013 1012
f 1007 1008 1014 1013
f 1008 1003 1009 1014
f 1009 1010 1016 1015
f 1010 1011 1017 1016
f 1011 1012 1018 1017
f 1012 1013 1019 1018
f 1013 1014 1020 1019
f 1014 1009 1015 1020
f 1015 1016 1017 1018 1019 1020
f 1026 1025 1024 1023 1022 1021
f 1021 1022 1028 1027
f 1022 1023 1029 1028
f 1023 1024 1030 1029
f 1024 1025 1031 1030
f 1025 1026 1032 1031
f 1026 1021 1027 1032
f 1027 1028 1034 1033
f 1028 1029 1035 1034
f 1029 1030 1036 1035
f 1030 1031 1037 1036
f 1031 1032 1038 1037
f 1032 1027 1033 1038
f 1033 1034 1040 1039
f 1034 1035 1041 1040
f 1035 1036 1042 1041
f 1036 1037 1043 1042
f 1037 1038 1044 1043
f 1038 1033 1039 1044
f 1039 1040 1046 1045
f 1040 1041 1047 1046
f 1041 1042 1048 1047
f 1042 1043 1049 1048
f 1043 1044 1050 1049
f 1044 1039 1045 1050
f 1045 1046 1047 1048 1049 1050
f 1056 1055 1054 1053 1052 1051
f 1051 1052 1058 1057
f 1052 1053 1059 1058
f 1053 1054 1060 1059
f 1054 1055 1061 1060
f 1055 1056 1062 1061
f 1056 1051 1057 1062
f 1057 1058 1064 1063
f 1058 1059 1065 1064
f 1059 1060 1066 1065
f 1060 1061 1067 1066
f 1061 1062 1068 1067
f 1062 1057 1063 1068
f 1063 1064 1070 1069
f 1064 1065 1071 1070
f 1065 1066 1072 1071
f 1066 1067 1073 1072
f 1067 1068 1074 1073
f 1068 1063 1069 1074
f 1069 1070 1076 1075
f 1070 1071 1077 1076
f 1071 1072 1078 1077
f 1072 1073 1079 1078
f 1073 1074 1080 1079
f 1074 1069 1075 1080
f 1075 1076 1077 1078 1079 1080
f 1086 1085 1084 1083 1082 1081
f 1081 1082 1088 1087
f 1082 1083 1089 1088
f 1083 1084 1090 1089
f 1084 1085 1091 1090
f 1085 1086 1092 1091
f 1086 1081 1087 1092
f 1087 1088 1094 1093
f 1088 1089 1095 1094
f 1089 1090 1096 1095
f 1090 1091 1097 1096
f 1091 1092 1098 1097
f 1092 1087 1093 1098
f 1093 1094 1100 1099
f 1094 1095 1101 1100
f 1095 1096 1102 1101
f 1096 1097 1103 1102
f 1097 1098 1104 1103
f 1098 1093 1099 1104
f 1099 1100 1106 1105
f 1100 1101 1107 1106
f 1101 1102 1108 1107
f 1102 1103 1109 1108
f 1103 1104 1110 1109
f 1104 1099 1105 1110
f 1105 1106 1107 1108 1109 1110
f 1116 1115 1114 1113 1112 1111
f 1111 1112 1118 1117
f 1112 1113 1119 1118
f 1113 1114 1120 1119
f 1114 1115 1121 1120
f 1115 1116 1122 1121
f 1116 1111 1117 1122
f 1117 1118 1124 1123
f 1118 1119 1125 1124
f 1119 1120 1126 1125
f 1120 1121 1127 1126
f 1121 1122 1128 1127
f 1122 1117 1123 1128
f 1123 1124 1130 1129
f 1124 1125 1131 1130
f 1125 1126 1132 1131
f 1126 1127 1133 1132
f 1127 1128 1134 1133
f 1128 1123 1129 1134
f 1129 1130 1136 1135
f 1130 1131 1137 1136
f 1131 1132 1138 1137
f 1132 1133 1139 1138
f 1133 1134 1140 1139
f 1134 1129 1135 1140
f 1135 1136 1137 1138 1139 1140
f 1146 1145 1144 1143 1142 1141
f 1141 1142 1148 1147
f 1142 1143 1149 1148
f 1143 1144 1150 1149
f 1144 1145 1151 1150
f 1145 1146 1152 1151
f 1146 1141 1147 1152
f 1147 1148 1154 1153
f 1148 1149 1155 1154
f 1149 1150 1156 1155
f 1150 1151 1157 1156
f 1151 1152 1158 1157
f 1152 1147 1153 1158
f 1153 1154 1160 1159
f 1154 1155 1161 1160
f 1155 1156 1162 1161
f 1156 1157 1163 1162
f 1157 1158 1164 1163
f 1158 1153 1159 1164
f 1159 1160 1166 1165
f 1160 1161 1167 1166
f 1161 1162 1168 1167
f 1162 1163 1169 1168
f 1163 1164 1170 1169
f 1164 1159 1165 1170
f 1165 1166 1167 1168 1169 1170
f 1176 1175 1174 1173 1172 1171
f 1171 1172 1178 1177
f 1172 1173 1179 1178
f 1173 1174 1180 1179
f 1174 1175 1181 1180
f 1175 1176 1182 1181
f 1176 1171 1177 1182
f 1177 1178 1184 1183
f 1178 1179 1185 1184
f 1179 1180 1186 1185
f 1180 1181 1187 1186
f 1181 1182 1188 1187
f 1182 1177 1183 1188
f 1183 1184 1190 1189
f 1184 1185 1191 1190
f 1185 1186 1192 1191
f 1186 1187 1193 1192
f 1187 1188 1194 1193
f 1188 1183 1189 1194
f 1189 1190 1196 1195
f 1190 1191 1197 1196
f 1191 1192 1198 1197
f 1192 1193 1199 1198
f 1193 1194 1200 1199
f 1194 1189 1195 1200
f 1195 1196 1197 1198 1199 1200
f 1206 1205 1204 1203 1202 1201
f 1201 1202 1208 1207
f 1202 1203 1209 1208
f 1203 1204 1210 1209
f 1204 1205 1211 1210
f 1205 1206 1212 1211
f 1206 1201 1207 1212
f 1207 1208 1214 1213
f 1208 1209 1215 1214
f 1209 1210 1216 1215
f 1210 1211 1217 1216
f 1211 1212 1218 1217
f 1212 1207 1213 1218
f 1213 1214 1220 1219
f 1214 1215 1221 1220
f 1215 1216 1222 1221
f 1216 1217 1223 1222
f 1217 1218 1224 1223
f 1218 1213 1219 1224
f 1219 1220 1226 1225
f 1220 1221 1227 1226
f 1221 1222 1228 1227
f 1222 1223 1229 1228
f 1223 1224 1230 1229
f 1224 1219 1225 1230
f 1225 1226 1227 1228 1229 1230
f 1236 1235 1234 1233 1232 1231
f 1231 1232 1238 1237
f 1232 1233 1239 1238
f 1233 1234 1240 1239
f 1234 1235 1241 1240
f 1235 1236 1242 1241
f 1236 1231 1237 1242
f 1237 1238 1244 1243
f 1238 1239 1245 1244
f 1239 1240 1246 1245
f 1240 1241 1247 1246
f 1241 1242 1248 1247
f 1242 1237 1243 1248
f 1243 1244 1250 1249
f 1244 1245 1251 1250
f 1245 1246 1252 1251
f 1246 1247 1253 1252
f 1247 1248 1254 1253
f 1248 1243 1249 1254
f 1249 1250 1256 1255
f 1250 1251 1257 1256
f 1251 1252 1258 1257
f 1252 1253 1259 1258
f 1253 1254 1260 1259
f 1254 1249 1255 1260
f 1255 1256 1257 1258 1259 1260
f 1266 1265 1264 1263 1262 1261
f 1261 1262 1268 1267
f 1262 1263 1269 1268
f 1263 1264 1270 1269
f 1264 1265 1271 1270
f 1265 1266 1272 1271
f 1266 1261 1267 1272
f 1267 1268 1274 1273
f 1268 1269 1275 1274
f 1269 1270 1276 1275
f 1270 1271 1277 1276
f 1271 1272 1278 1277
f 1272 1267 1273 1278
f 1273 1274 1280 1279
f 1274 1275 1281 1280
f 1275 1276 1282 1281
f 1276 1277 1283 1282
f 1277 1278 1284 1283
f 1278 1273 1279 1284
f 1279 1280 1286 1285
f 1280 1281 1287 1286
f 1281 1282 1288 1287
f 1282 1283 1289 1288
f 1283 1284 1290 1289
f 1284 1279 1285 1290
f 1285 1286 1287 1288 1289 1290
f 1296 1295 1294 1293 1292 1291
f 1291 1292 1298 1297
f 1292 1293 1299 1298
f 1293 1294 1300 1299
f 1294 1295 1301 1300
f 1295 1296 1302 1301
f 1296 1291 1297 1302
f 1297 1298 1304 1303
f 1298 1299 1305 1304
f 1299 1300 1306 1305
f 1300 1301 1307 1306
f 1301 1302 1308 1307
f 1302 1297 1303 1308
f 1303 1304 1310 1309
f 1304 1305 1311 1310
f 1305 1306 1312 1311
f 1306 1307 1313 1312
f 1307 1308 1314 1313
f 1308 1303 1309 1314
f 1309 1310 1316 1315
f 1310 1311 1317 1316
f 1311 1312 1318 1317
f 1312 1313 1319 1318
f 1313 1314 1320 1319
f 1314 1309 1315 1320
f 1315 1316 1317 1318 1319 1320
f 1326 1325 1324 1323 1322 1321
f 1321 1322 1328 1327
f 1322 1323 1329 1328
f 1323 1324 1330 1329
f 1324 1325 1331 1330
f 1325 1326 1332 1331
f 1326 1321 1327 1332
f 1327 1328 1334 1333
f 1328 1329 1335 1334
f 1329 1330 1336 1335
f 1330 1331 1337 1336
f 1331 1332 1338 1337
f 1332 1327 1333 1338
f 1333 1334 1340 1339
f 1334 1335 1341 1340
f 1335 1336 1342 1341
f 1336 1337 1343 1342
f 1337 1338 1344 1343
f 1338 1333 1339 1344
f 1339 1340 1346 1345
f 1340 1341 1347 1346
f 1341 1342 1348 1347
f 1342 1343 1349 1348
f 1343 1344 1350 1349
f 1344 1339 1345 1350
f 1345 1346 1347 1348 1349 1350
f 1356 1355 1354 1353 1352 1351
f 1351 1352 1358 1357
f 1352 1353 1359 1358
f 1353 1354 1360 1359
f 1354 1355 1361 1360
f 1355 1356 1362 1361
f 1356 1351 1357 1362
f 1357 1358 1364 1363
f 1358 1359 1365 1364
f 1359 1360 1366 1365
f 1360 1361 1367 1366
f 1361 1362 1368 1367
f 1362 1357 1363 1368
f 1363 1364 1370 1369
f 1364 1365 1371 1370
f 1365 1366 1372 1371
f 1366 1367 1373 1372
f 1367 1368 1374 1373
f 1368 1363 1369 1374
f 1369 1370 1376 1375
f 1370 1371 1377 1376
f 1371 1372 1378 1377
f 1372 1373 1379 1378
f 1373 1374 1380 1379
f 1374 1369 1375 1380
f 1375 1376 1377 1378 1379 1380
f 1386 1385 1384 1383 1382 1381
f 1381 1382 1388 1387
f 1382 1383 1389 1388
f 1383 1384 1390 1389
f 1384 1385 1391 1390
f 1385 1386 1392 1391
f 1386 1381 1387 1392
f 1387 1388 1394 1393
f 1388 1389 1395 1394
f 1389 1390 1396 1395
f 1390 1391 1397 1396
f 1391 1392 1398 1397
f 1392 1387 1393 1398
f 1393 1394 1400 1399
f 1394 1395 1401 1400
f 1395 1396 1402 1401
f 1396 1397 1403 1402
f 1397 1398 1404 1403
f 1398 1393 1399 1404
f 1399 1400 1406 1405
f 1400 1401 1407 1406
f 1401 1402 1408 1407
f 1402 1403 1409 1408
f 1403 1404 1410 1409
f 1404 1399 1405 1410
f 1405 1406 1407 1408 1409 1410
f 1416 1415 1414 1413 1412 1411
f 1411 1412 1418 1417
f 1412 1413 1419 1418
f 1413 1414 1420 1419
f 1414 1415 1421 1420
f 1415 1416 1422 1421
f 1416 1411 1417 1422
f 1417 1418 1424 1423
f 1418 1419 1425 1424
f 1419 1420 1426 1425
f 1420 1421 1427 1426
f 1421 1422 1428 1427
f 1422 1417 1423 1428
f 1423 1424 1430 1429
f 1424 1425 1431 1430
f 1425 1426 1432 1431
f 1426 1427 1433 1432
f 1427 1428 1434 1433
f 1428 1423 1429 1434
f 1429 1430 1436 1435
f 1430 1431 1437 1436
f 1431 1432 1438 1437
f 1432 1433 1439 1438
f 1433 1434 1440 1439
f 1434 1429 1435 1440
f 1435 1436 1437 1438 1439 1440
f 1446 1445 1444 1443 1442 1441
f 1441 1442 1448 1447
f 1442 1443 1449 1448
f 1443 1444 1450 1449
f 1444 1445 1451 1450
f 1445 1446 1452 1451
f 1446 1441 1447 1452
f 1447 1448 1454 1453
f 1448 1449 1455 1454
f 1449 1450 1456 1455
f 1450 1451 1457 1456
f 1451 1452 1458 1457
f 1452 1447 1453 1458
f 1453 1454 1460 1459
f 1454 1455 1461 1460
f 1455 1456 1462 1461
f 1456 1457 1463 1462
f 1457 1458 1464 1463
f 1458 1453 1459 1464
f 1459 1460 1466 1465
f 1460 1461 1467 1466
f 1461 1462 1468 1467
f 1462 1463 1469 1468
f 1463 1464 1470 1469
f 1464 1459 1465 1470
f 1465 1466 1467 1468 1469 1470
f 1476 1475 1474 1473 1472 1471
f 1471 1472 1478 1477
f 1472 1473 1479 1478
f 1473 1474 1480 1479
f 1474 1475 1481 1480
f 1475 1476 1482 1481
f 1476 1471 1477 1482
f 1477 1478 1484 1483
f 1478 1479 1485 1484
f 1479 1480 1486 1485
f 1480 1481 1487 1486
f 1481 1482 1488 1487
f 1482 1477 1483 1488
f 1483 1484 1490 1489
f 1484 1485 1491 1490
f 1485 1486 1492 1491
f 1486 1487 1493 1492
f 1487 1488 1494 1493
f 1488 1483 1489 1494
f 1489 1490 1496 1495
f 1490 1491 1497 1496
f 1491 1492 1498 1497
f 1492 1493 1499 1498
f 1493 1494 1500 1499
f 1494 1489 1495 1500
f 1495 1496 1497 1498 1499 1500
f 1506 1505 1504 1503 1502 1501
f 1501 1502 1508 1507
f 1502 1503 1509 1508
f 1503 1504 1510 1509
f 1504 1505 1511 1510
f 1505 1506 1512 1511
f 1506 1501 1507 1512
f 1507 1508 1514 1513
f 1508 1509 1515 1514
f 1509 1510 1516 1515
f 1510 1511 1517 1516
f 1511 1512 1518 1517
f 1512 1507 1513 1518
f 1513 1514 1520 1519
f 1514 1515 1521 1520
f 1515 1516 1522 1521
f 1516 1517 1523 1522
f 1517 1518 1524 1523
f 1518 1513 1519 1524
f 1519 1520 1526 1525
f 1520 1521 1527 1526
f 1521 1522 1528 1527
f 1522 1523 1529 1528
f 1523 1524 1530 1529
f 1524 1519 1525 1530
f 1525 1526 1527 1528 1529 1530
f 1536 1535 1534 1533 1532 1531
f 1531 1532 1538 1537
f 1532 1533 1539 1538
f 1533 1534 1540 1539
f 1534 1535 1541 1540
f 1535 1536 1542 1541
f 1536 1531 1537 1542
f 1537 1538 1544 1543
f 1538 1539 1545 1544
f 1539 1540 1546 1545
f 1540 1541 1547 1546
f 1541 1542 1548 1547
f 1542 1537 1543 1548
f 1543 1544 1550 1549
f 1544 1545 1551 1550
f 1545 1546 1552 1551
f 1546 1547 1553 1552
f 1547 1548 1554 1553
f 1548 1543 1549 1554
f 1549 1550 1556 1555
f 1550 1551 1557 1556
f 1551 1552 1558 1557
f 1552 1553 1559 1558
f 1553 1554 1560 1559
f 1554 1549 1555 1560
f 1555 1556 1557 1558 1559 1560
f 1566 1565 1564 1563 1562 1561
f 1561 1562 1568 1567
f 1562 1563 1569 1568
f 1563 1564 1570 1569
f 1564 1565 1571 1570
f 1565 1566 1572 1571
f 1566 1561 1567 1572
f 1567 1568 1574 1573
f 1568 1569 1575 1574
f 1569 1570 1576 1575
f 1570 1571 1577 1576
f 1571 1572 1578 1577
f 1572 1567 1573 1578
f 1573 1574 1580 1579
f 1574 1575 1581 1580
f 1575 1576 1582 1581
f 1576 1577 1583 1582
f 1577 1578 1584 1583
f 1578 1573 1579 1584
f 1579 1580 1586 1585
f 1580 1581 1587 1586
f 1581 1582 1588 1587
f 1582 1583 1589 1588
f 1583 1584 1590 1589
f 1584 1579 1585 1590
f 1585 1586 1587 1588 1589 1590
f 1596 1595 1594 1593 1592 1591
f 1591 1592 1598 1597
f 1592 1593 1599 1598
f 1593 1594 1600 1599
f 1594 1595 1601 1600
f 1595 1596 1602 1601
f 1596 1591 1597 1602
f 1597 1598 1604 1603
f 1598 1599 1605 1604
f 1599 1600 1606 1605
f 1600 1601 1607 1606
f 1601 1602 1608 1607
f 1602 1597 1603 1608
f 1603 1604 1610 1609
f 1604 1605 1611 1610
f 1605 1606 1612 1611
f 1606 1607 1613 1612
f 1607 1608 1614 1613
f 1608 1603 1609 1614
f 1609 1610 1616 1615
f 1610 1611 1617 1616
f 1611 1612 1618 1617
f 1612 1613 1619 1618
f 1613 1614 1620 1619
f 1614 1609 1615 1620
f 1615 1616 1617 1618 1619 1620
f 1626 1625 1624 1623 1622 1621
f 1621 1622 1628 1627
f 1622 1623 1629 1628
f 1623 1624 1630 1629
f 1624 1625 1631 1630
f 1625 1626 1632 1631
f 1626 1621 1627 1632
f 1627 1628 1634 1633
f 1628 1629 1635 1634
f 1629 1630 1636 1635
f 1630 1631 1637 1636
f 1631 1632 1638 1637
f 1632 1627 1633 1638
f 1633 1634 1640 1639
f 1634 1635 1641 1640
f 1635 1636 1642 1641
f 1636 1637 1643 1642
f 1637 1638 1644 1643
f 1638 1633 1639 1644
f 1639 1640 1646 1645
f 1640 1641 1647 1646
f 1641 1642 1648 1647
f 1642 1643 1649 1648
f 1643 1644 1650 1649
f 1644 1639 1645 1650
f 1645 1646 1647 1648 1649 1650
f 1656 1655 1654 1653 1652 1651
f 1651 1652 1658 1657
f 1652 1653 1659 1658
f 1653 1654 1660 1659
f 1654 1655 1661 1660
f 1655 1656 1662 1661
f 1656 1651 1657 1662
f 1657 1658 1664 1663
f 1658 1659 1665 1664
f 1659 1660 1666 1665
f 1660 1661 1667 1666
f 1661 1662 1668 1667
f 1662 1657 1663 1668
f 1663 1664 1670 1669
f 1664 1665 1671 1670
f 1665 1666 1672 1671
f 1666 1667 1673 1672
f 1667 1668 1674 1673
f 1668 1663 1669 1674
f 1669 1670 1676 1675
f 1670 1671 1677 1676
f 1671 1672 1678 1677
f 1672 1673 1679 1678
f 1673 1674 1680 1679
f 1674 1669 1675 1680
f 1675 1676 1677 1678 1679 1680
f 1686 1685 1684 1683 1682 1681
f 1681 1682 1688 1687
f 1682 1683 1689 1688
f 1683 1684 1690 1689
f 1684 1685 1691 1690
f 1685 1686 1692 1691
f 1686 1681 1687 1692
f 1687 1688 1694 1693
f 1688 1689 1695 1694
f 1689 1690 1696 1695
f 1690 1691 1697 1696
f 1691 1692 1698 1697
f 1692 1687 1693 1698
f 1693 1694 1700 1699
f 1694 1695 1701 1700
f 1695 1696 1702 1701
f 1696 1697 1703 1702
f 1697 1698 1704 1703
f 1698 1693 1699 1704
f 1699 1700 1706 1705
f 1700 1701 1707 1706
f 1701 1702 1708 1707
f 1702 1703 1709 1708
f 1703 1704 1710 1709
f 1704 1699 1705 1710
f 1705 1706 1707 1708 1709 1710
f 1716 1715 1714 1713 1712 1711
f 1711 1712 1718 1717
f 1712 1713 1719 1718
f 1713 1714 1720 1719
f 1714 1715 1721 1720
f 1715 1716 1722 1721
f 1716 1711 1717 1722
f 1717 1718 1724 1723
f 1718 1719 1725 1724
f 1719 1720 1726 1725
f 1720 1721 1727 1726
f 1721 1722 1728 1727
f 1722 1717 1723 1728
f 1723 1724 1730 1729
f 1724 1725 1731 1730
f 1725 1726 1732 1731
f 1726 1727 1733 1732
f 1727 1728 1734 1733
f 1728 1723 1729 1734
f 1729 1730 1736 1735
f 1730 1731 1737 1736
f 1731 1732 1738 1737
f 1732 1733 1739 1738
f 1733 1734 1740 1739
f 1734 1729 1735 1740
f 1735 1736 1737 1738 1739 1740
f 1746 1745 1744 1743 1742 1741
f 1741 1742 1748 1747
f 1742 1743 1749 1748
f 1743 1744 1750 1749
f 1744 1745 1751 1750
f 1745 1746 1752 1751
f 1746 1741 1747 1752
f 1747 1748 1754 1753
f 1748 1749 1755 1754
f 1749 1750 1756 1755
f 1750 1751 1757 1756
f 1751 1752 1758 1757
f 1752 1747 1753 1758
f 1753 1754 1760 1759
f 1754 1755 1761 1760
f 1755 1756 1762 1761
f 1756 1757 1763 1762
f 1757 1758 1764 1763
f 1758 1753 1759 1764
f 1759 1760 1766 1765
f 1760 1761 1767 1766
f 1761 1762 1768 1767
f 1762 1763 1769 1768
f 1763 1764 1770 1769
f 1764 1759 1765 1770
f 1765 1766 1767 1768 1769 1770
f 1776 1775 1774 1773 1772 1771
f 1771 1772 1778 1777
f 1772 1773 1779 1778
f 1773 1774 1780 1779
f 1774 1775 1781 1780
f 1775 1776 1782 1781
f 1776 1771 1777 1782
f 1777 1778 1784 1783
f 1778 1779 1785 1784
f 1779 1780 1786 1785
f 1780 1781 1787 1786
f 1781 1782 1788 1787
f 1782 1777 1783 1788
f 1783 1784 1790 1789
f 1784 1785 1791 1790
f 1785 1786 1792 1791
f 1786 1787 1793 1792
f 1787 1788 1794 1793
f 1788 1783 1789 1794
f 1789 1790 1796 1795
f 1790 1791 1797 1796
f 1791 1792 1798 1797
f 1792 1793 1799 1798
f 1793 1794 1800 1799
f 1794 1789 1795 1800
f 1795 1796 1797 1798 1799 1800
f 1806 1805 1804 1803 1802 1801
f 1801 1802 1808 1807
f 1802 1803 1809 1808
f 1803 1804 1810 1809
f 1804 1805 1811 1810
f 1805 1806 1812 1811
f 1806 1801 1807 1812
f 1807 1808 1814 1813
f 1808 1809 1815 1814
f 1809 1810 1816 1815
f 1810 1811 1817 1816
f 1811 1812 1818 1817
f 1812 1807 1813 1818
f 1813 1814 1820 1819
f 1814 1815 1821 1820
f 1815 1816 1822 1821
f 1816 1817 1823 1822
f 1817 1818 1824 1823
f 1818 1813 1819 1824
f 1819 1820 1826 1825
f 1820 1821 1827 1826
f 1821 1822 1828 1827
f 1822 1823 1829 1828
f 1823 1824 1830 1829
f 1824 1819 1825 1830
f 1825 1826 1827 1828 1829 1830
f 1836 1835 1834 1833 1832 1831
f 1831 1832 1838 1837
f 1832 1833 1839 1838
f 1833 1834 1840 1839
f 1834 1835 1841 1840
f 1835 1836 1842 1841
f 1836 1831 1837 1842
f 1837 1838 1844 1843
f 1838 1839 1845 1844
f 1839 1840 1846 1845
f 1840 1841 1847 1846
f 1841 1842 1848 1847
f 1842 1837 1843 1848
f 1843 1844 1850 1849
f 1844 1845 1851 1850
f 1845 1846 1852 1851
f 1846 1847 1853 1852
f 1847 1848 1854 1853
f 1848 1843 1849 1854
f 1849 1850 1856 1855
f 1850 1851 1857 1856
f 1851 1852 1858 1857
f 1852 1853 1859 1858
f 1853 1854 1860 1859
f 1854 1849 1855 1860
f 1855 1856 1857 1858 1859 1860
f 1866 1865 1864 1863 1862 1861
f 1861 1862 1868 1867
f 1862 1863 1869 1868
f 1863 1864 1870 1869
f 1864 1865 1871 1870
f 1865 1866 1872 1871
f 1866 1861 1867 1872
f 1867 1868 1874 1873
f 1868 1869 1875 1874
f 1869 1870 1876 1875
f 1870 1871 1877 1876
f 1871 1872 1878 1877
f 1872 1867 1873 1878
f 1873 1874 1880 1879
f 1874 1875 1881 1880
f 1875 1876 1882 1881
f 1876 1877 1883 1882
f 1877 1878 1884 1883
f 1878 1873 1879 1884
f 1879 1880 1886 1885
f 1880 1881 1887 1886
f 1881 1882 1888 1887
f 1882 1883 1889 1888
f 1883 1884 1890 1889
f 1884 1879 1885 1890
f 1885 1886 1887 1888 1889 1890
f 1896 1895 1894 1893 1892 1891
f 1891 1892 1898 1897
f 1892 1893 1899 1898
f 1893 1894 1900 1899
f 1894 1895 1901 1900
f 1895 1896 1902 1901
f 1896 1891 1897 1902
f 1897 1898 1904 1903
f 1898 1899 1905 1904
f 1899 1900 1906 1905
f 1900 1901 1907 1906
f 1901 1902 1908 1907
f 1902 1897 1903 1908
f 1903 1904 1910 1909
f 1904 1905 1911 1910
f 1905 1906 1912 1911
f 1906 1907 1913 1912
f 1907 1908 1914 1913
f 1908 1903 1909 1914
f 1909 1910 1916 1915
f 1910 1911 1917 1916
f 1911 1912 1918 1917
f 1912 1913 1919 1918
f 1913 1914 1920 1919
f 1914 1909 1915 1920
f 1915 1916 1917 1918 1919 1920
f 1926 1925 1924 1923 1922 1921
f 1921 1922 1928 1927
f 1922 1923 1929 1928
f 1923 1924 1930 1929
f 1924 1925 1931 1930
f 1925 1926 1932 1931
f 1926 1921 1927 1932
f 1927 1928 1934 1933
f 1928 1929 1935 1934
f 1929 1930 1936 1935
f 1930 1931 1937 1936
f 1931 1932 1938 1937
f 1932 1927 1933 1938
f 1933 1934 1940 1939
f 1934 1935 1941 1940
f 1935 1936 1942 1941
f 1936 1937 1943 1942
f 1937 1938 1944 1943
f 1938 1933 1939 1944
f 1939 1940 1946 1945
f 1940 1941 1947 1946
f 1941 1942 1948 1947
f 1942 1943 1949 1948
f 1943 1944 1950 1949
f 1944 1939 1945 1950
f 1945 1946 1947 1948 1949 1950
f 1956 1955 1954 1953 1952 1951
f 1951 1952 1958 1957
f 1952 1953 1959 1958
f 1953 1954 1960 1959
f 1954 1955 1961 1960
f 1955 1956 1962 1961
f 1956 1951 1957 1962
f 1957 1958 1964 1963
f 1958 1959 1965 1964
f 1959 1960 1966 1965
f 1960 1961 1967 1966
f 1961 1962 1968 1967
f 1962 1957 1963 1968
f 1963 1964 1970 1969
f 1964 1965 1971 1970
f 1965 1966 1972 1971
f 1966 1967 1973 1972
f 1967 1968 1974 1973
f 1968 1963 1969 1974
f 1969 1970 1976 1975
f 1970 1971 1977 1976
f 1971 1972 1978 1977
f 1972 1973 1979 1978
f 1973 1974 1980 1979
f 1974 1969 1975 1980
f 1975 1976 1977 1978 1979 1980
f 1986 1985 1984 1983 1982 1981
f 1981 1982 1988 1987
f 1982 1983 1989 1988
f 1983 1984 1990 1989
f 1984 1985 1991 1990
f 1985 1986 1992 1991
f 1986 1981 1987 1992
f 1987 1988 1994 1993
f 1988 1989 1995 1994
f 1989 1990 1996 1995
f 1990 1991 1997 1996
f 1991 1992 1998 1997
f 1992 1987 1993 1998
f 1993 1994 2000 1999
f 1994 1995 2001 2000
f 1995 1996 2002 2001
f 1996 1997 2003 2002
f 1997 1998 2004 2003
f 1998 1993 1999 2004
f 1999 2000 2006 2005
f 2000 2001 2007 2006
f 2001 2002 2008 2007
f 2002 2003 2009 2008
f 2003 2004 2010 2009
f 2004 1999 2005 2010
f 2005 2006 2007 2008 2009 2010
f 2016 2015 2014 2013 2012 2011
f 2011 2012 2018 2017
f 2012 2013 2019 2018
f 2013 2014 2020 2019
f 2014 2015 2021 2020
f 2015 2016 2022 2021
f 2016 2011 2017 2022
f 2017 2018 2024 2023
f 2018 2019 2025 2024
f 2019 2020 2026 2025
f 2020 2021 2027 2026
f 2021 2022 2028 2027
f 2022 2017 2023 2028
f 2023 2024 2030 2029
f 2024 2025 2031 2030
f 2025 2026 2032 2031
f 2026 2027 2033 2032
f 2027 2028 2034 2033
f 2028 2023 2029 2034
f 2029 2030 2036 2035
f 2030 2031 2037 2036
f 2031 2032 2038 2037
f 2032 2033 2039 2038
f 2033 2034 2040 2039
f 2034 2029 2035 2040
f 2035 2036 2037 2038 2039 2040
f 2046 2045 2044 2043 2042 2041
f 2041 2042 2048 2047
f 2042 2043 2049 2048
f 2043 2044 2050 2049
f 2044 2045 2051 2050
f 2045 2046 2052 2051
f 2046 2041 2047 2052
f 2047 2048 2054 2053
f 2048 2049 2055 2054
f 2049 2050 2056 2055
f 2050 2051 2057 2056
f 2051 2052 2058 2057
f 2052 2047 2053 2058
f 2053 2054 2060 2059
f 2054 2055 2061 2060
f 2055 2056 2062 2061
f 2056 2057 2063 2062
f 2057 2058 2064 2063
f 2058 2053 2059 2064
f 2059 2060 2066 2065
f 2060 2061 2067 2066
f 2061 2062 2068 2067
f 2062 2063 2069 2068
f 2063 2064 2070 2069
f 2064 2059 2065 2070
f 2065 2066 2067 2068 2069 2070
f 2076 2075 2074 2073 2072 2071
f 2071 2072 2078 2077
f 2072 2073 2079 2078
f 2073 2074 2080 2079
f 2074 2075 2081 2080
f 2075 2076 2082 2081
f 2076 2071 2077 2082
f 2077 2078 2084 2083
f 2078 2079 2085 2084
f 2079 2080 2086 2085
f 2080 2081 2087 2086
f 2081 2082 2088 2087
f 2082 2077 2083 2088
f 2083 2084 2090 2089
f 2084 2085 2091 2090
f 2085 2086 2092 2091
f 2086 2087 2093 2092
f 2087 2088 2094 2093
f 2088 2083 2089 2094
f 2089 2090 2096 2095
f 2090 2091 2097 2096
f 2091 2092 2098 2097
f 2092 2093 2099 2098
f 2093 2094 2100 2099
f 2094 2089 2095 2100
f 2095 2096 2097 2098 2099 2100
f 2106 2105 2104 2103 2102 2101
f 2101 2102 2108 2107
f 2102 2103 2109 2108
f 2103 2104 2110 2109
f 2104 2105 2111 2110
f 2105 2106 2112 2111
f 2106 2101 2107 2112
f 2107 2108 2114 2113
f 2108 2109 2115 2114
f 2109 2110 2116 2115
f 2110 2111 2117 2116
f 2111 2112 2118 2117
f 2112 2107 2113 2118
f 2113 2114 2120 2119
f 2114 2115 2121 2120
f 2115 2116 2122 2121
f 2116 2117 2123 2122
f 2117 2118 2124 2123
f 2118 2113 2119 2124
f 2119 2120 2126 2125
f 2120 2121 2127 2126
f 2121 2122 2128 2127
f 2122 2123 2129 2128
f 2123 2124 2130 2129
f 2124 2119 2125 2130
f 2125 2126 2127 2128 2129 2130
f 2136 2135 2134 2133 2132 2131
f 2131 2132 2138 2137
f 2132 2133 2139 2138
f 2133 2134 2140 2139
f 2134 2135 2141 2140
f 2135 2136 2142 2141
f 2136 2131 2137 2142
f 2137 2138 2144 2143
f 2138 2139 2145 2144
f 2139 2140 2146 2145
f 2140 2141 2147 2146
f 2141 2142 2148 2147
f 2142 2137 2143 2148
f 2143 2144 2150 2149
f 2144 2145 2151 2150
f 2145 2146 2152 2151
f 2146 2147 2153 2152
f 2147 2148 2154 2153
f 2148 2143 2149 2154
f 2149 2150 2156 2155
f 2150 2151 2157 2156
f 2151 2152 2158 2157
f 2152 2153 2159 2158
f 2153 2154 2160 2159
f 2154 2149 2155 2160
f 2155 2156 2157 2158 2159 2160
f 2166 2165 2164 2163 2162 2161
f 2161 2162 2168 2167
f 2162 2163 2169 2168
f 2163 2164 2170 2169
f 2164 2165 2171 2170
f 2165 2166 2172 2171
f 2166 2161 2167 2172
f 2167 2168 2174 2173
f 2168 2169 2175 2174
f 2169 2170 2176 2175
f 2170 2171 2177 2176
f 2171 2172 2178 2177
f 2172 2167 2173 2178
f 2173 2174 2180 2179
f 2174 2175 2181 2180
f 2175 2176 2182 2181
f 2176 2177 2183 2182
f 2177 2178 2184 2183
f 2178 2173 2179 2184
f 2179 2180 2186 2185
f 2180 2181 2187 2186
f 2181 2182 2188 2187
f 2182 2183 2189 2188
f 2183 2184 2190 2189
f 2184 2179 2185 2190
f 2185 2186 2187 2188 2189 2190
f 2196 2195 2194 2193 2192 2191
f 2191 2192 2198 2197
f 2192 2193 2199 2198
f 2193 2194 2200 2199
f 2194 2195 2201 2200
f 2195 2196 2202 2201
f 2196 2191 2197 2202
f 2197 2198 2204 2203
f 2198 2199 2205 2204
f 2199 2200 2206 2205
f 2200 2201 2207 2206
f 2201 2202 2208 2207
f 2202 2197 2203 2208
f 2203 2204 2210 2209
f 2204 2205 2211 2210
f 2205 2206 2212 2211
f 2206 2207 2213 2212
f 2207 2208 2214 2213
f 2208 2203 2209 2214
f 2209 2210 2216 2215
f 2210 2211 2217 2216
f 2211 2212 2218 2217
f 2212 2213 2219 2218
f 2213 2214 2220 2219
f 2214 2209 2215 2220
f 2215 2216 2217 2218 2219 2220
f 2226 2225 2224 2223 2222 2221
f 2221 2222 2228 2227
f 2222 2223 2229 2228
f 2223 2224 2230 2229
f 2224 2225 2231 2230
f 2225 2226 2232 2231
f 2226 2221 2227 2232
f 2227 2228 2234 2233
f 2228 2229 2235 2234
f 2229 2230 2236 2235
f 2230 2231 2237 2236
f 2231 2232 2238 2237
f 2232 2227 2233 2238
f 2233 2234 2240 2239
f 2234 2235 2241 2240
f 2235 2236 2242 2241
f 2236 2237 2243 2242
f 2237 2238 2244 2243
f 2238 2233 2239 2244
f 2239 2240 2246 2245
f 2240 2241 2247 2246
f 2241 2242 2248 2247
f 2242 2243 2249 2248
f 2243 2244 2250 2249
f 2244 2239 2245 2250
f 2245 2246 2247 2248 2249 2250
f 2256 2255 2254 2253 2252 2251
f 2251 2252 2258 2257
f 2252 2253 2259 2258
f 2253 2254 2260 2259
f 2254 2255 2261 2260
f 2255 2256 2262 2261
f 2256 2251 2257 2262
f 2257 2258 2264 2263
f 2258 2259 2265 2264
f 2259 2260 2266 2265
f 2260 2261 2267 2266
f 2261 2262 2268 2267
f 2262 2257 2263 2268
f 2263 2264 2270 2269
f 2264 2265 2271 2270
f 2265 2266 2272 2271
f 2266 2267 2273 2272
f 2267 2268 2274 2273
f 2268 2263 2269 2274
f 2269 2270 2276 2275
f 2270 2271 2277 2276
f 2271 2272 2278 2277
f 2272 2273 2279 2278
f 2273 2274 2280 2279
f 2274 2269 2275 2280
f 2275 2276 2277 2278 2279 2280
f 2286 2285 2284 2283 2282 2281
f 2281 2282 2288 2287
f 2282 2283 2289 2288
f 2283 2284 2290 2289
f 2284 2285 2291 2290
f 2285 2286 2292 2291
f 2286 2281 2287 2292
f 2287 2288 2294 2293
f 2288 2289 2295 2294
f 2289 2290 2296 2295
f 2290 2291 2297 2296
f 2291 2292 2298 2297
f 2292 2287 2293 2298
f 2293 2294 2300 2299
f 2294 2295 2301 2300
f 2295 2296 2302 2301
f 2296 2297 2303 2302
f 2297 2298 2304 2303
f 2298 2293 2299 2304
f 2299 2300 2306 2305
f 2300 2301 2307 2306
f 2301 2302 2308 2307
f 2302 2303 2309 2308
f 2303 2304 2310 2309
f 2304 2299 2305 2310
f 2305 2306 2307 2308 2309 2310
f 2316 2315 2314 2313 2312 2311
f 2311 2312 2318 2317
f 2312 2313 2319 2318
f 2313 2314 2320 2319
f 2314 2315 2321 2320
f 2315 2316 2322 2321
f 2316 2311 2317 2322
f 2317 2318 2324 2323
f 2318 2319 2325 2324
f 2319 2320 2326 2325
f 2320 2321 2327 2326
f 2321 2322 2328 2327
f 2322 2317 2323 2328
f 2323 2324 2330 2329
f 2324 2325 2331 2330
f 2325 2326 2332 2331
f 2326 2327 2333 2332
f 2327 2328 2334 2333
f 2328 2323 2329 2334
f 2329 2330 2336 2335
f 2330 2331 2337 2336
f 2331 2332 2338 2337
f 2332 2333 2339 2338
f 2333 2334 2340 2339
f 2334 2329 2335 2340
f 2335 2336 2337 2338 2339 2340
f 2346 2345 2344 2343 2342 2341
f 2341 2342 2348 2347
f 2342 2343 2349 2348
f 2343 2344 2350 2349
f 2344 2345 2351 2350
f 2345 2346 2352 2351
f 2346 2341 2347 2352
f 2347 2348 2354 2353
f 2348 2349 2355 2354
f 2349 2350 2356 2355
f 2350 2351 2357 2356
f 2351 2352 2358 2357
f 2352 2347 2353 2358
f 2353 2354 2360 2359
f 2354 2355 2361 2360
f 2355 2356 2362 2361
f 2356 2357 2363 2362
f 2357 2358 2364 2363
f 2358 2353 2359 2364
f 2359 2360 2366 2365
f 2360 2361 2367 2366
f 2361 2362 2368 2367
f 2362 2363 2369 2368
f 2363 2364 2370 2369
f 2364 2359 2365 2370
f 2365 2366 2367 2368 2369 2370
f 2376 2375 2374 2373 2372 2371
f 2371 2372 2378 2377
f 2372 2373 2379 2378
f 2373 2374 2380 2379
f 2374 2375 2381 2380
f 2375 2376 2382 2381
f 2376 2371 2377 2382
f 2377 2378 2384 2383
f 2378 2379 2385 2384
f 2379 2380 2386 2385
f 2380 2381 2387 2386
f 2381 2382 2388 2387
f 2382 2377 2383 2388
f 2383 2384 2390 2389
f 2384 2385 2391 2390
f 2385 2386 2392 2391
f 2386 2387 2393 2392
f 2387 2388 2394 2393
f 2388 2383 2389 2394
f 2389 2390 2396 2395
f 2390 2391 2397 2396
f 2391 2392 2398 2397
f 2392 2393 2399 2398
f 2393 2394 2400 2399
f 2394 2389 2395 2400
f 2395 2396 2397 2398 2399 2400
f 2406 2405 2404 2403 2402 2401
f 2401 2402 2408 2407
f 2402 2403 2409 2408
f 2403 2404 2410 2409
f 2404 2405 2411 2410
f 2405 2406 2412 2411
f 2406 2401 2407 2412
f 2407 2408 2414 2413
f 2408 2409 2415 2414
f 2409 2410 2416 2415
f 2410 2411 2417 2416
f 2411 2412 2418 2417
f 2412 2407 2413 2418
f 2413 2414 2420 2419
f 2414 2415 2421 2420
f 2415 2416 2422 2421
f 2416 2417 2423 2422
f 2417 2418 2424 2423
f 2418 2413 2419 2424
f 2419 2420 2426 2425
f 2420 2421 2427 2426
f 2421 2422 2428 2427
f 2422 2423 2429 2428
f 2423 2424 2430 2429
f 2424 2419 2425 2430
f 2425 2426 2427 2428 2429 2430
f 2436 2435 2434 2433 2432 2431
f 2431 2432 2438 2437
f 2432 2433 2439 2438
f 2433 2434 2440 2439
f 2434 2435 2441 2440
f 2435 2436 2442 2441
f 2436 2431 2437 2442
f 2437 2438 2444 2443
f 2438 2439 2445 2444
f 2439 2440 2446 2445
f 2440 2441 2447 2446
f 2441 2442 2448 2447
f 2442 2437 2443 2448
f 2443 2444 2450 2449
f 2444 2445 2451 2450
f 2445 2446 2452 2451
f 2446 2447 2453 2452
f 2447 2448 2454 2453
f 2448 2443 2449 2454
f 2449 2450 2456 2455
f 2450 2451 2457 2456
f 2451 2452 2458 2457
f 2452 2453 2459 2458
f 2453 2454 2460 2459
f 2454 2449 2455 2460
f 2455 2456 2457 2458 2459 2460
f 2466 2465 2464 2463 2462 2461
f 2461 2462 2468 2467
f 2462 2463 2469 2468
f 2463 2464 2470 2469
f 2464 2465 2471 2470
f 2465 2466 2472 2471
f 2466 2461 2467 2472
f 2467 2468 2474 2473
f 2468 2469 2475 2474
f 2469 2470 2476 2475
f 2470 2471 2477 2476
f 2471 2472 2478 2477
f 2472 2467 2473 2478
f 2473 2474 2480 2479
f 2474 2475 2481 2480
f 2475 2476 2482 2481
f 2476 2477 2483 2482
f 2477 2478 2484 2483
f 2478 2473 2479 2484
f 2479 2480 2486 2485
f 2480 2481 2487 2486
f 2481 2482 2488 2487
f 2482 2483 2489 2488
f 2483 2484 2490 2489
f 2484 2479 2485 2490
f 2485 2486 2487 2488 2489 2490
f 2496 2495 2494 2493 2492 2491
f 2491 2492 2498 2497
f 2492 2493 2499 2498
f 2493 2494 2500 2499
f 2494 2495 2501 2500
f 2495 2496 2502 2501
f 2496 2491 2497 2502
f 2497 2498 2504 2503
f 2498 2499 2505 2504
f 2499 2500 2506 2505
f 2500 2501 2507 2506
f 2501 2502 2508 2507
f 2502 2497 2503 2508
f 2503 2504 2510 2509
f 2504 2505 2511 2510
f 2505 2506 2512 2511
f 2506 2507 2513 2512
f 2507 2508 2514 2513
f 2508 2503 2509 2514
f 2509 2510 2516 2515
f 2510 2511 2517 2516
f 2511 2512 2518 2517
f 2512 2513 2519 2518
f 2513 2514 2520 2519
f 2514 2509 2515 2520
f 2515 2516 2517 2518 2519 2520
f 2526 2525 2524 2523 2522 2521
f 2521 2522 2528 2527
f 2522 2523 2529 2528
f 2523 2524 2530 2529
f 2524 2525 2531 2530
f 2525 2526 2532 2531
f 2526 2521 2527 2532
f 2527 2528 2534 2533
f 2528 2529 2535 2534
f 2529 2530 2536 2535
f 2530 2531 2537 2536
f 2531 2532 2538 2537
f 2532 2527 2533 2538
f 2533 2534 2540 2539
f 2534 2535 2541 2540
f 2535 2536 2542 2541
f 2536 2537 2543 2542
f 2537 2538 2544 2543
f 2538 2533 2539 2544
f 2539 2540 2546 2545
f 2540 2541 2547 2546
f 2541 2542 2548 2547
f 2542 2543 2549 2548
f 2543 2544 2550 2549
f 2544 2539 2545 2550
f 2545 2546 2547 2548 2549 2550
f 2556 2555 2554 2553 2552 2551
f 2551 2552 2558 2557
f 2552 2553 2559 2558
f 2553 2554 2560 2559
f 2554 2555 2561 2560
f 2555 2556 2562 2561
f 2556 2551 2557 2562
f 2557 2558 2564 2563
f 2558 2559 2565 2564
f 2559 2560 2566 2565
f 2560 2561 2567 2566
f 2561 2562 2568 2567
f 2562 2557 2563 2568
f 2563 2564 2570 2569
f 2564 2565 2571 2570
f 2565 2566 2572 2571
f 2566 2567 2573 2572
f 2567 2568 2574 2573
f 2568 2563 2569 2574
f 2569 2570 2576 2575
f 2570 2571 2577 2576
f 2571 2572 2578 2577
f 2572 2573 2579 2578
f 2573 2574 2580 2579
f 2574 2569 2575 2580
f 2575 2576 2577 2578 2579 2580
f 2586 2585 2584 2583 2582 2581
f 2581 2582 2588 2587
f 2582 2583 2589 2588
f 2583 2584 2590 2589
f 2584 2585 2591 2590
f 2585 2586 2592 2591
f 2586 2581 2587 2592
f 2587 2588 2594 2593
f 2588 2589 2595 2594
f 2589 2590 2596 2595
f 2590 2591 2597 2596
f 2591 2592 2598 2597
f 2592 2587 2593 2598
f 2593 2594 2600 2599
f 2594 2595 2601 2600
f 2595 2596 2602 2601
f 2596 2597 2603 2602
f 2597 2598 2604 2603
f 2598 2593 2599 2604
f 2599 2600 2606 2605
f 2600 2601 2607 2606
f 2601 2602 2608 2607
f 2602 2603 2609 2608
f 2603 2604 2610 2609
f 2604 2599 2605 2610
f 2605 2606 2607 2608 2609 2610
f 2616 2615 2614 2613 2612 2611
f 2611 2612 2618 2617
f 2612 2613 2619 2618
f 2613 2614 2620 2619
f 2614 2615 2621 2620
f 2615 2616 2622 2621
f 2616 2611 2617 2622
f 2617 2618 2624 2623
f 2618 2619 2625 2624
f 2619 2620 2626 2625
f 2620 2621 2627 2626
f 2621 2622 2628 2627
f 2622 2617 2623 2628
f 2623 2624 2630 2629
f 2624 2625 2631 2630
f 2625 2626 2632 2631
f 2626 2627 2633 2632
f 2627 2628 2634 2633
f 2628 2623 2629 2634
f 2629 2630 2636 2635
f 2630 2631 2637 2636
f 2631 2632 2638 2637
f 2632 2633 2639 2638
f 2633 2634 2640 2639
f 2634 2629 2635 2640
f 2635 2636 2637 2638 2639 2640
f 2646 2645 2644 2643 2642 2641
f 2641 2642 2648 2647
f 2642 2643 2649 2648
f 2643 2644 2650 2649
f 2644 2645 2651 2650
f 2645 2646 2652 2651
f 2646 2641 2647 2652
f 2647 2648 2654 2653
f 2648 2649 2655 2654
f 2649 2650 2656 2655
f 2650 2651 2657 2656
f 2651 2652 2658 2657
f 2652 2647 2653 2658
f 2653 2654 2660 2659
f 2654 2655 2661 2660
f 2655 2656 2662 2661
f 2656 2657 2663 2662
f 2657 2658 2664 2663
f 2658 2653 2659 2664
f 2659 2660 2666 2665
f 2660 2661 2667 2666
f 2661 2662 2668 2667
f 2662 2663 2669 2668
f 2663 2664 2670 2669
f 2664 2659 2665 2670
f 2665 2666 2667 2668 2669 2670
f 2676 2675 2674 2673 2672 2671
f 2671 2672 2678 2677
f 2672 2673 2679 2678
f 2673 2674 2680 2679
f 2674 2675 2681 2680
f 2675 2676 2682 2681
f 2676 2671 2677 2682
f 2677 2678 2684 2683
f 2678 2679 2685 2684
f 2679 2680 2686 2685
f 2680 2681 2687 2686
f 2681 2682 2688 2687
f 2682 2677 2683 2688
f 2683 2684 2690 2689
f 2684 2685 2691 2690
f 2685 2686 2692 2691
f 2686 2687 2693 2692
f 2687 2688 2694 2693
f 2688 2683 2689 2694
f 2689 2690 2696 2695
f 2690 2691 2697 2696
f 2691 2692 2698 2697
f 2692 2693 2699 2698
f 2693 2694 2700 2699
f 2694 2689 2695 2700
f 2695 2696 2697 2698 2699 2700
f 2706 2705 2704 2703 2702 2701
f 2701 2702 2708 2707
f 2702 2703 2709 2708
f 2703 2704 2710 2709
f 2704 2705 2711 2710
f 2705 2706 2712 2711
f 2706 2701 2707 2712
f 2707 2708 2714 2713
f 2708 2709 2715 2714
f 2709 2710 2716 2715
f 2710 2711 2717 2716
f 2711 2712 2718 2717
f 2712 2707 2713 2718
f 2713 2714 2720 2719
f 2714 2715 2721 2720
f 2715 2716 2722 2721
f 2716 2717 2723 2722
f 2717 2718 2724 2723
f 2718 2713 2719 2724
f 2719 2720 2726 2725
f 2720 2721 2727 2726
f 2721 2722 2728 2727
f 2722 2723 2729 2728
f 2723 2724 2730 2729
f 2724 2719 2725 2730
f 2725 2726 2727 2728 2729 2730
f 2736 2735 2734 2733 2732 2731
f 2731 2732 2738 2737
f 2732 2733 2739 2738
f 2733 2734 2740 2739
f 2734 2735 2741 2740
f 2735 2736 2742 2741
f 2736 2731 2737 2742
f 2737 2738 2744 2743
f 2738 2739 2745 2744
f 2739 2740 2746 2745
f 2740 2741 2747 2746
f 2741 2742 2748 2747
f 2742 2737 2743 2748
f 2743 2744 2750 2749
f 2744 2745 2751 2750
f 2745 2746 2752 2751
f 2746 2747 2753 2752
f 2747 2748 2754 2753
f 2748 2743 2749 2754
f 2749 2750 2756 2755
f 2750 2751 2757 2756
f 2751 2752 2758 2757
f 2752 2753 2759 2758
f 2753 2754 2760 2759
f 2754 2749 2755 2760
f 2755 2756 2757 2758 2759 2760
f 2766 2765 2764 2763 2762 2761
f 2761 2762 2768 2767
f 2762 2763 2769 2768
f 2763 2764 2770 2769
f 2764 2765 2771 2770
f 2765 2766 2772 2771
f 2766 2761 2767 2772
f 2767 2768 2774 2773
f 2768 2769 2775 2774
f 2769 2770 2776 2775
f 2770 2771 2777 2776
f 2771 2772 2778 2777
f 2772 2767 2773 2778
f 2773 2774 2780 2779
f 2774 2775 2781 2780
f 2775 2776 2782 2781
f 2776 2777 2783 2782
f 2777 2778 2784 2783
f 2778 2773 2779 2784
f 2779 2780 2786 2785
f 2780 2781 2787 2786
f 2781 2782 2788 2787
f 2782 2783 2789 2788
f 2783 2784 2790 2789
f 2784 2779 2785 2790
f 2785 2786 2787 2788 2789 2790
f 2796 2795 2794 2793 2792 2791
f 2791 2792 2798 2797
f 2792 2793 2799 2798
f 2793 2794 2800 2799
f 2794 2795 2801 2800
f 2795 2796 2802 2801
f 2796 2791 2797 2802
f 2797 2798 2804 2803
f 2798 2799 2805 2804
f 2799 2800 2806 2805
f 2800 2801 2807 2806
f 2801 2802 2808 2807
f 2802 2797 2803 2808
f 2803 2804 2810 2809
f 2804 2805 2811 2810
f 2805 2806 2812 2811
f 2806 2807 2813 2812
f 2807 2808 2814 2813
f 2808 2803 2809 2814
f 2809 2810 2816 2815
f 2810 2811 2817 2816
f 2811 2812 2818 2817
f 2812 2813 2819 2818
f 2813 2814 2820 2819
f 2814 2809 2815 2820
f 2815 2816 2817 2818 2819 2820
f 2826 2825 2824 2823 2822 2821
f 2821 2822 2828 2827
f 2822 2823 2829 2828
f 2823 2824 2830 2829
f 2824 2825 2831 2830
f 2825 2826 2832 2831
f 2826 2821 2827 2832
f 2827 2828 2834 2833
f 2828 2829 2835 2834
f 2829 2830 2836 2835
f 2830 2831 2837 2836
f 2831 2832 2838 2837
f 2832 2827 2833 2838
f 2833 2834 2840 2839
f 2834 2835 2841 2840
f 2835 2836 2842 2841
f 2836 2837 2843 2842
f 2837 2838 2844 2843
f 2838 2833 2839 2844
f 2839 2840 2846 2845
f 2840 2841 2847 2846
f 2841 2842 2848 2847
f 2842 2843 2849 2848
f 2843 2844 2850 2849
f 2844 2839 2845 2850
f 2845 2846 2847 2848 2849 2850
f 2856 2855 2854 2853 2852 2851
f 2851 2852 2858 2857
f 2852 2853 2859 2858
f 2853 2854 2860 2859
f 2854 2855 2861 2860
f 2855 2856 2862 2861
f 2856 2851 2857 2862
f 2857 2858 2864 2863
f 2858 2859 2865 2864
f 2859 2860 2866 2865
f 2860 2861 2867 2866
f 2861 2862 2868 2867
f 2862 2857 2863 2868
f 2863 2864 2870 2869
f 2864 2865 2871 2870
f 2865 2866 2872 2871
f 2866 2867 2873 2872
f 2867 2868 2874 2873
f 2868 2863 2869 2874
f 2869 2870 2876 2875
f 2870 2871 2877 2876
f 2871 2872 2878 2877
f 2872 2873 2879 2878
f 2873 2874 2880 2879
f 2874 2869 2875 2880
f 2875 2876 2877 2878 2879 2880
f 2886 2885 2884 2883 2882 2881
f 2881 2882 2888 2887
f 2882 2883 2889 2888
f 2883 2884 2890 2889
f 2884 2885 2891 2890
f 2885 2886 2892 2891
f 2886 2881 2887 2892
f 2887 2888 2894 2893
f 2888 2889 2895 2894
f 2889 2890 2896 2895
f 2890 2891 2897 2896
f 2891 2892 2898 2897
f 2892 2887 2893 2898
f 2893 2894 2900 2899
f 2894 2895 2901 2900
f 2895 2896 2902 2901
f 2896 2897 2903 2902
f 2897 2898 2904 2903
f 2898 2893 2899 2904
f 2899 2900 2906 2905
f 2900 2901 2907 2906
f 2901 2902 2908 2907
f 2902 2903 2909 2908
f 2903 2904 2910 2909
f 2904 2899 2905 2910
f 2905 2906 2907 2908 2909 2910
f 2916 2915 2914 2913 2912 2911
f 2911 2912 2918 2917
f 2912 2913 2919 2918
f 2913 2914 2920 2919
f 2914 2915 2921 2920
f 2915 2916 2922 2921
f 2916 2911 2917 2922
f 2917 2918 2924 2923
f 2918 2919 2925 2924
f 2919 2920 2926 2925
f 2920 2921 2927 2926
f 2921 2922 2928 2927
f 2922 2917 2923 2928
f 2923 2924 2930 2929
f 2924 2925 2931 2930
f 2925 2926 2932 2931
f 2926 2927 2933 2932
f 2927 2928 2934 2933
f 2928 2923 2929 2934
f 2929 2930 2936 2935
f 2930 2931 2937 2936
f 2931 2932 2938 2937
f 2932 2933 2939 2938
f 2933 2934 2940 2939
f 2934 2929 2935 2940
f 2935 2936 2937 2938 2939 2940
f 2946 2945 2944 2943 2942 2941
f 2941 2942 2948 2947
f 2942 2943 2949 2948
f 2943 2944 2950 2949
f 2944 2945 2951 2950
f 2945 2946 2952 2951
f 2946 2941 2947 2952
f 2947 2948 2954 2953
f 2948 2949 2955 2954
f 2949 2950 2956 2955
f 2950 2951 2957 2956
f 2951 2952 2958 2957
f 2952 2947 2953 2958
f 2953 2954 2960 2959
f 2954 2955 2961 2960
f 2955 2956 2962 2961
f 2956 2957 2963 2962
f 2957 2958 2964 2963
f 2958 2953 2959 2964
f 2959 2960 2966 2965
f 2960 2961 2967 2966
f 2961 2962 2968 2967
f 2962 2963 2969 2968
f 2963 2964 2970 2969
f 2964 2959 2965 2970
f 2965 2966 2967 2968 2969 2970
f 2976 2975 2974 2973 2972 2971
f 2971 2972 2978 2977
f 2972 2973 2979 2978
f 2973 2974 2980 2979
f 2974 2975 2981 2980
f 2975 2976 2982 2981
f 2976 2971 2977 2982
f 2977 2978 2984 2983
f 2978 2979 2985 2984
f 2979 2980 2986 2985
f 2980 2981 2987 2986
f 2981 2982 2988 2987
f 2982 2977 2983 2988
f 2983 2984 2990 2989
f 2984 2985 2991 2990
f 2985 2986 2992 2991
f 2986 2987 2993 2992
f 2987 2988 2994 2993
f 2988 2983 2989 2994
f 2989 2990 2996 2995
f 2990 2991 2997 2996
f 2991 2992 2998 2997
f 2992 2993 2999 2998
f 2993 2994 3000 2999
f 2994 2989 2995 3000
f 2995 2996 2997 2998 2999 3000
f 3006 3005 3004 3003 3002 3001
f 3001 3002 3008 3007
f 3002 3003 3009 3008
f 3003 3004 3010 3009
f 3004 3005 3011 3010
f 3005 3006 3012 3011
f 3006 3001 3007 3012
f 3007 3008 3014 3013
f 3008 3009 3015 3014
f 3009 3010 3016 3015
f 3010 3011 3017 3016
f 3011 3012 3018 3017
f 3012 3007 3013 3018
f 3013 3014 3020 3019
f 3014 3015 3021 3020
f 3015 3016 3022 3021
f 3016 3017 3023 3022
f 3017 3018 3024 3023
f 3018 3013 3019 3024
f 3019 3020 3026 3025
f 3020 3021 3027 3026
f 3021 3022 3028 3027
f 3022 3023 3029 3028
f 3023 3024 3030 3029
f 3024 3019 3025 3030
f 3025 3026 3027 3028 3029 3030
f 3036 3035 3034 3033 3032 3031
f 3031 3032 3038 3037
f 3032 3033 3039 3038
f 3033 3034 3040 3039
f 3034 3035 3041 3040
f 3035 3036 3042 3041
f 3036 3031 3037 3042
f 3037 3038 3044 3043
f 3038 3039 3045 3044
f 3039 3040 3046 3045
f 3040 3041 3047 3046
f 3041 3042 3048 3047
f 3042 3037 3043 3048
f 3043 3044 3050 3049
f 3044 3045 3051 3050
f 3045 3046 3052 3051
f 3046 3047 3053 3052
f 3047 3048 3054 3053
f 3048 3043 3049 3054
f 3049 3050 3056 3055
f 3050 3051 3057 3056
f 3051 3052 3058 3057
f 3052 3053 3059 3058
f 3053 3054 3060 3059
f 3054 3049 3055 3060
f 3055 3056 3057 3058 3059 3060
f 3066 3065 3064 3063 3062 3061
f 3061 3062 3068 3067
f 3062 3063 3069 3068
f 3063 3064 3070 3069
f 3064 3065 3071 3070
f 3065 3066 3072 3071
f 3066 3061 3067 3072
f 3067 3068 3074 3073
f 3068 3069 3075 3074
f 3069 3070 3076 3075
f 3070 3071 3077 3076
f 3071 3072 3078 3077
f 3072 3067 3073 3078
f 3073 3074 3080 3079
f 3074 3075 3081 3080
f 3075 3076 3082 3081
f 3076 3077 3083 3082
f 3077 3078 3084 3083
f 3078 3073 3079 3084
f 3079 3080 3086 3085
f 3080 3081 3087 3086
f 3081 3082 3088 3087
f 3082 3083 3089 3088
f 3083 3084 3090 3089
f 3084 3079 3085 3090
f 3085 3086 3087 3088 3089 3090
f 3096 3095 3094 3093 3092 3091
f 3091 3092 3098 3097
f 3092 3093 3099 3098
f 3093 3094 3100 3099
f 3094 3095 3101 3100
f 3095 3096 3102 3101
f 3096 3091 3097 3102
f 3097 3098 3104 3103
f 3098 3099 3105 3104
f 3099 3100 3106 3105
f 3100 3101 3107 3106
f 3101 3102 3108 3107
f 3102 3097 3103 3108
f 3103 3104 3110 3109
f 3104 3105 3111 3110
f 3105 3106 3112 3111
f 3106 3107 3113 3112
f 3107 3108 3114 3113
f 3108 3103 3109 3114
f 3109 3110 3116 3115
f 3110 3111 3117 3116
f 3111 3112 3118 3117
f 3112 3113 3119 3118
f 3113 3114 3120 3119
f 3114 3109 3115 3120
f 3115 3116 3117 3118 3119 3120
f 3126 3125 3124 3123 3122 3121
f 3121 3122 3128 3127
f 3122 3123 3129 3128
f 3123 3124 3130 3129
f 3124 3125 3131 3130
f 3125 3126 3132 3131
f 3126 3121 3127 3132
f 3127 3128 3134 3133
f 3128 3129 3135 3134
f 3129 3130 3136 3135
f 3130 3131 3137 3136
f 3131 3132 3138 3137
f 3132 3127 3133 3138
f 3133 3134 3140 3139
f 3134 3135 3141 3140
f 3135 3136 3142 3141
f 3136 3137 3143 3142
f 3137 3138 3144 3143
f 3138 3133 3139 3144
f 3139 3140 3146 3145
f 3140 3141 3147 3146
f 3141 3142 3148 3147
f 3142 3143 3149 3148
f 3143 3144 3150 3149
f 3144 3139 3145 3150
f 3145 3146 3147 3148 3149 3150
f 3156 3155 3154 3153 3152 3151
f 3151 3152 3158 3157
f 3152 3153 3159 3158
f 3153 3154 3160 3159
f 3154 3155 3161 3160
f 3155 3156 3162 3161
f 3156 3151 3157 3162
f 3157 3158 3164 3163
f 3158 3159 3165 3164
f 3159 3160 3166 3165
f 3160 3161 3167 3166
f 3161 3162 3168 3167
f 3162 3157 3163 3168
f 3163 3164 3170 3169
f 3164 3165 3171 3170
f 3165 3166 3172 3171
f 3166 3167 3173 3172
f 3167 3168 3174 3173
f 3168 3163 3169 3174
f 3169 3170 3176 3175
f 3170 3171 3177 3176
f 3171 3172 3178 3177
f 3172 3173 3179 3178
f 3173 3174 3180 3179
f 3174 3169 3175 3180
f 3175 3176 3177 3178 3179 3180
f 3186 3185 3184 3183 3182 3181
f 3181 3182 3188 3187
f 3182 3183 3189 3188
f 3183 3184 3190 3189
f 3184 3185 3191 3190
f 3185 3186 3192 3191
f 3186 3181 3187 3192
f 3187 3188 3194 3193
f 3188 3189 3195 3194
f 3189 3190 3196 3195
f 3190 3191 3197 3196
f 3191 3192 3198 3197
f 3192 3187 3193 3198
f 3193 3194 3200 3199
f 3194 3195 3201 3200
f 3195 3196 3202 3201
f 3196 3197 3203 3202
f 3197 3198 3204 3203
f 3198 3193 3199 3204
f 3199 3200 3206 3205
f 3200 3201 3207 3206
f 3201 3202 3208 3207
f 3202 3203 3209 3208
f 3203 3204 3210 3209
f 3204 3199 3205 3210
f 3205 3206 3207 3208 3209 3210
f 3216 3215 3214 3213 3212 3211
f 3211 3212 3218 3217
f 3212 3213 3219 3218
f 3213 3214 3220 3219
f 3214 3215 3221 3220
f 3215 3216 3222 3221
f 3216 3211 3217 3222
f 3217 3218 3224 3223
f 3218 3219 3225 3224
f 3219 3220 3226 3225
f 3220 3221 3227 3226
f 3221 3222 3228 3227
f 3222 3217 3223 3228
f 3223 3224 3230 3229
f 3224 3225 3231 3230
f 3225 3226 3232 3231
f 3226 3227 3233 3232
f 3227 3228 3234 3233
f 3228 3223 3229 3234
f 3229 3230 3236 3235
f 3230 3231 3237 3236
f 3231 3232 3238 3237
f 3232 3233 3239 3238
f 3233 3234 3240 3239
f 3234 3229 3235 3240
f 3235 3236 3237 3238 3239 3240
f 3246 3245 3244 3243 3242 3241
f 3241 3242 3248 3247
f 3242 3243 3249 3248
f 3243 3244 3250 3249
f 3244 3245 3251 3250
f 3245 3246 3252 3251
f 3246 3241 3247 3252
f 3247 3248 3254 3253
f 3248 3249 3255 3254
f 3249 3250 3256 3255
f 3250 3251 3257 3256
f 3251 3252 3258 3257
f 3252 3247 3253 3258
f 3253 3254 3260 3259
f 3254 3255 3261 3260
f 3255 3256 3262 3261
f 3256 3257 3263 3262
f 3257 3258 3264 3263
f 3258 3253 3259 3264
f 3259 3260 3266 3265
f 3260 3261 3267 3266
f 3261 3262 3268 3267
f 3262 3263 3269 3268
f 3263 3264 3270 3269
f 3264 3259 3265 3270
f 3265 3266 3267 3268 3269 3270
f 3276 3275 3274 3273 3272 3271
f 3271 3272 3278 3277
f 3272 3273 3279 3278
f 3273 3274 3280 3279
f 3274 3275 3281 3280
f 3275 3276 3282 3281
f 3276 3271 3277 3282
f 3277 3278 3284 3283
f 3278 3279 3285 3284
f 3279 3280 3286 3285
f 3280 3281 3287 3286
f 3281 3282 3288 3287
f 3282 3277 3283 3288
f 3283 3284 3290 3289
f 3284 3285 3291 3290
f 3285 3286 3292 3291
f 3286 3287 3293 3292
f 3287 3288 3294 3293
f 3288 3283 3289 3294
f 3289 3290 3296 3295
f 3290 3291 3297 3296
f 3291 3292 3298 3297
f 3292 3293 3299 3298
f 3293 3294 3300 3299
f 3294 3289 3295 3300
f 3295 3296 3297 3298 3299 3300
f 3306 3305 3304 3303 3302 3301
f 3301 3302 3308 3307
f 3302 3303 3309 3308
f 3303 3304 3310 3309
f 3304 3305 3311 3310
f 3305 3306 3312 3311
f 3306 3301 3307 3312
f 3307 3308 3314 3313
f 3308 3309 3315 3314
f 3309 3310 3316 3315
f 3310 3311 3317 3316
f 3311 3312 3318 3317
f 3312 3307 3313 3318
f 3313 3314 3320 3319
f 3314 3315 3321 3320
f 3315 3316 3322 3321
f 3316 3317 3323 3322
f 3317 3318 3324 3323
f 3318 3313 3319 3324
f 3319 3320 3326 3325
f 3320 3321 3327 3326
f 3321 3322 3328 3327
f 3322 3323 3329 3328
f 3323 3324 3330 3329
f 3324 3319 3325 3330
f 3325 3326 3327 3328 3329 3330
f 3336 3335 3334 3333 3332 3331
f 3331 3332 3338 3337
f 3332 3333 3339 3338
f 3333 3334 3340 3339
f 3334 3335 3341 3340
f 3335 3336 3342 3341
f 3336 3331 3337 3342
f 3337 3338 3344 3343
f 3338 3339 3345 3344
f 3339 3340 3346 3345
f 3340 3341 3347 3346
f 3341 3342 3348 3347
f 3342 3337 3343 3348
f 3343 3344 3350 3349
f 3344 3345 3351 3350
f 3345 3346 3352 3351
f 3346 3347 3353 3352
f 3347 3348 3354 3353
f 3348 3343 3349 3354
f 3349 3350 3356 3355
f 3350 3351 3357 3356
f 3351 3352 3358 3357
f 3352 3353 3359 3358
f 3353 3354 3360 3359
f 3354 3349 3355 3360
f 3355 3356 3357 3358 3359 3360
f 3366 3365 3364 3363 3362 3361
f 3361 3362 3368 3367
f 3362 3363 3369 3368
f 3363 3364 3370 3369
f 3364 3365 3371 3370
f 3365 3366 3372 3371
f 3366 3361 3367 3372
f 3367 3368 3374 3373
f 3368 3369 3375 3374
f 3369 3370 3376 3375
f 3370 3371 3377 3376
f 3371 3372 3378 3377
f 3372 3367 3373 3378
f 3373 3374 3380 3379
f 3374 3375 3381 3380
f 3375 3376 3382 3381
f 3376 3377 3383 3382
f 3377 3378 3384 3383
f 3378 3373 3379 3384
f 3379 3380 3386 3385
f 3380 3381 3387 3386
f 3381 3382 3388 3387
f 3382 3383 3389 3388
f 3383 3384 3390 3389
f 3384 3379 3385 3390
f 3385 3386 3387 3388 3389 3390
f 3396 3395 3394 3393 3392 3391
f 3391 3392 3398 3397
f 3392 3393 3399 3398
f 3393 3394 3400 3399
f 3394 3395 3401 3400
f 3395 3396 3402 3401
f 3396 3391 3397 3402
f 3397 3398 3404 3403
f 3398 3399 3405 3404
f 3399 3400 3406 3405
f 3400 3401 3407 3406
f 3401 3402 3408 3407
f 3402 3397 3403 3408
f 3403 3404 3410 3409
f 3404 3405 3411 3410
f 3405 3406 3412 3411
f 3406 3407 3413 3412
f 3407 3408 3414 3413
f 3408 3403 3409 3414
f 3409 3410 3416 3415
f 3410 3411 3417 3416
f 3411 3412 3418 3417
f 3412 3413 3419 3418
f 3413 3414 3420 3419
f 3414 3409 3415 3420
f 3415 3416 3417 3418 3419 3420
f 3426 3425 3424 3423 3422 3421
f 3421 3422 3428 3427
f 3422 3423 3429 3428
f 3423 3424 3430 3429
f 3424 3425 3431 3430
f 3425 3426 3432 3431
f 3426 3421 3427 3432
f 3427 3428 3434 3433
f 3428 3429 3435 3434
f 3429 3430 3436 3435
f 3430 3431 3437 3436
f 3431 3432 3438 3437
f 3432 3427 3433 3438
f 3433 3434 3440 3439
f 3434 3435 3441 3440
f 3435 3436 3442 3441
f 3436 3437 3443 3442
f 3437 3438 3444 3443
f 3438 3433 3439 3444
f 3439 3440 3446 3445
f 3440 3441 3447 3446
f 3441 3442 3448 3447
f 3442 3443 3449 3448
f 3443 3444 3450 3449
f 3444 3439 3445 3450
f 3445 3446 3447 3448 3449 3450
f 3456 3455 3454 3453 3452 3451
f 3451 3452 3458 3457
f 3452 3453 3459 3458
f 3453 3454 3460 3459
f 3454 3455 3461 3460
f 3455 3456 3462 3461
f 3456 3451 3457 3462
f 3457 3458 3464 3463
f 3458 3459 3465 3464
f 3459 3460 3466 3465
f 3460 3461 3467 3466
f 3461 3462 3468 3467
f 3462 3457 3463 3468
f 3463 3464 3470 3469
f 3464 3465 3471 3470
f 3465 3466 3472 3471
f 3466 3467 3473 3472
f 3467 3468 3474 3473
f 3468 3463 3469 3474
f 3469 3470 3476 3475
f 3470 3471 3477 3476
f 3471 3472 3478 3477
f 3472 3473 3479 3478
f 3473 3474 3480 3479
f 3474 3469 3475 3480
f 3475 3476 3477 3478 3479 3480
f 3486 3485 3484 3483 3482 3481
f 3481 3482 3488 3487
f 3482 3483 3489 3488
f 3483 3484 3490 3489
f 3484 3485 3491 3490
f 3485 3486 3492 3491
f 3486 3481 3487 3492
f 3487 3488 3494 3493
f 3488 3489 3495 3494
f 3489 3490 3496 3495
f 3490 3491 3497 3496
f 3491 3492 3498 3497
f 3492 3487 3493 3498
f 3493 3494 3500 3499
f 3494 3495 3501 3500
f 3495 3496 3502 3501
f 3496 3497 3503 3502
f 3497 3498 3504 3503
f 3498 3493 3499 3504
f 3499 3500 3506 3505
f 3500 3501 3507 3506
f 3501 3502 3508 3507
f 3502 3503 3509 3508
f 3503 3504 3510 3509
f 3504 3499 3505 3510
f 3505 3506 3507 3508 3509 3510
f 3516 3515 3514 3513 3512 3511
f 3511 3512 3518 3517
f 3512 3513 3519 3518
f 3513 3514 3520 3519
f 3514 3515 3521 3520
f 3515 3516 3522 3521
f 3516 3511 3517 3522
f 3517 3518 3524 3523
f 3518 3519 3525 3524
f 3519 3520 3526 3525
f 3520 3521 3527 3526
f 3521 3522 3528 3527
f 3522 3517 3523 3528
f 3523 3524 3530 3529
f 3524 3525 3531 3530
f 3525 3526 3532 3531
f 3526 3527 3533 3532
f 3527 3528 3534 3533
f 3528 3523 3529 3534
f 3529 3530 3536 3535
f 3530 3531 3537 3536
f 3531 3532 3538 3537
f 3532 3533 3539 3538
f 3533 3534 3540 3539
f 3534 3529 3535 3540
f 3535 3536 3537 3538 3539 3540
f 3546 3545 3544 3543 3542 3541
f 3541 3542 3548 3547
f 3542 3543 3549 3548
f 3543 3544 3550 3549
f 3544 3545 3551 3550
f 3545 3546 3552 3551
f 3546 3541 3547 3552
f 3547 3548 3554 3553
f 3548 3549 3555 3554
f 3549 3550 3556 3555
f 3550 3551 3557 3556
f 3551 3552 3558 3557
f 3552 3547 3553 3558
f 3553 3554 3560 3559
f 3554 3555 3561 3560
f 3555 3556 3562 3561
f 3556 3557 3563 3562
f 3557 3558 3564 3563
f 3558 3553 3559 3564
f 3559 3560 3566 3565
f 3560 3561 3567 3566
f 3561 3562 3568 3567
f 3562 3563 3569 3568
f 3563 3564 3570 3569
f 3564 3559 3565 3570
f 3565 3566 3567 3568 3569 3570
f 3576 3575 3574 3573 3572 3571
f 3571 3572 3578 3577
f 3572 3573 3579 3578
f 3573 3574 3580 3579
f 3574 3575 3581 3580
f 3575 3576 3582 3581
f 3576 3571 3577 3582
f 3577 3578 3584 3583
f 3578 3579 3585 3584
f 3579 3580 3586 3585
f 3580 3581 3587 3586
f 3581 3582 3588 3587
f 3582 3577 3583 3588
f 3583 3584 3590 3589
f 3584 3585 3591 3590
f 3585 3586 3592 3591
f 3586 3587 3593 3592
f 3587 3588 3594 3593
f 3588 3583 3589 3594
f 3589 3590 3596 3595
f 3590 3591 3597 3596
f 3591 3592 3598 3597
f 3592 3593 3599 3598
f 3593 3594 3600 3599
f 3594 3589 3595 3600
f 3595 3596 3597 3598 3599 3600
f 3606 3605 3604 3603 3602 3601
f 3601 3602 3608 3607
f 3602 3603 3609 3608
f 3603 3604 3610 3609
f 3604 3605 3611 3610
f 3605 3606 3612 3611
f 3606 3601 3607 3612
f 3607 3608 3614 3613
f 3608 3609 3615 3614
f 3609 3610 3616 3615
f 3610 3611 3617 3616
f 3611 3612 3618 3617
f 3612 3607 3613 3618
f 3613 3614 3620 3619
f 3614 3615 3621 3620
f 3615 3616 3622 3621
f 3616 3617 3623 3622
f 3617 3618 3624 3623
f 3618 3613 3619 3624
f 3619 3620 3626 3625
f 3620 3621 3627 3626
f 3621 3622 3628 3627
f 3622 3623 3629 3628
f 3623 3624 3630 3629
f 3624 3619 3625 3630
f 3625 3626 3627 3628 3629 3630
