o tree
v 0.288 0 0
v 0.144 0.249415 0
v -0.144 0.249415 0
v -0.288 3.52698e-17 0
v -0.144 -0.249415 0
v 0.144 -0.249415 0
v 0.153 0 1.5
v 0.0765 0.132502 1.5
v -0.0765 0.132502 1.5
v -0.153 1.87371e-17 1.5
v -0.0765 -0.132502 1.5
v 0.0765 -0.132502 1.5
v 0.13005 0 3
v 0.065025 0.112627 3
v -0.065025 0.112627 3
v -0.13005 1.59265e-17 3
v -0.065025 -0.112627 3
v 0.065025 -0.112627 3
v 0.110543 0 4.5
v 0.0552713 0.0957326 4.5
v -0.0552712 0.0957326 4.5
v -0.110543 1.35376e-17 4.5
v -0.0552713 -0.0957326 4.5
v 0.0552713 -0.0957326 4.5
v 0.0939611 0 6
v 0.0469806 0.0813727 6
v -0.0469806 0.0813727 6
v -0.0939611 1.15069e-17 6
v -0.0469806 -0.0813727 6
v 0.0469806 -0.0813727 6
v 0 0.0890955 5.9109
v -0.109119 0.0445477 5.95545
v -0.109119 -0.0445477 6.04455
v -1.54305e-17 -0.0890955 6.0891
v 0.109119 -0.0445477 6.04455
v 0.109119 0.0445477 5.95545
v 0 0.843861 6.68349
v -0.0982073 0.803768 6.72358
v -0.0982073 0.723582 6.80377
v -1.38875e-17 0.683489 6.84386
v 0.0982073 0.723582 6.80377
v 0.0982073 0.803768 6.72358
v 0 1.59863 7.45607
v -0.0872954 1.56299 7.49171
v -0.0872954 1.49171 7.56299
v -1.23444e-17 1.45607 7.59863
v 0.0872954 1.49171 7.56299
v 0.0872954 1.56299 7.49171
v 0 2.35339 8.22866
v -0.0763834 2.32221 8.25984
v -0.0763834 2.25984 8.32221
v -1.08014e-17 2.22866 8.35339
v 0.0763834 2.25984 8.32221
v 0.0763834 2.32221 8.25984
v 0 3.10816 9.00124
v -0.0654715 3.08143 9.02797
v -0.0654715 3.02797 9.08143
v -9.25833e-18 3.00124 9.10816
v 0.0654715 3.02797 9.08143
v 0.0654715 3.08143 9.02797
v 0 3.0547 8.97658
v -0.0676539 3.0547 9.01564
v -0.0676539 3.0547 9.09376
v -9.56694e-18 3.0547 9.13282
v 0.0676539 3.0547 9.09376
v 0.0676539 3.0547 9.01564
v 0 3.8323 8.98439
v -0.0608885 3.8323 9.01955
v -0.0608885 3.8323 9.08986
v -8.61025e-18 3.8323 9.12501
v 0.0608885 3.8323 9.08986
v 0.0608885 3.8323 9.01955
v 0 4.6099 8.99221
v -0.0541231 4.6099 9.02345
v -0.0541231 4.6099 9.08595
v -7.65355e-18 4.6099 9.1172
v 0.0541231 4.6099 9.08595
v 0.0541231 4.6099 9.02345
v 0 5.3875 9.00002
v -0.0473577 5.3875 9.02736
v -0.0473577 5.3875 9.08204
v -6.69686e-18 5.3875 9.10939
v 0.0473577 5.3875 9.08204
v 0.0473577 5.3875 9.02736
v 0 6.1651 9.00783
v -0.0405923 6.1651 9.03127
v -0.0405923 6.1651 9.07814
v -5.74016e-18 6.1651 9.10157
v 0.0405923 6.1651 9.07814
v 0.0405923 6.1651 9.03127
v 0 6.13085 9.02045
v -0.0419454 6.14798 9.03758
v -0.0419454 6.18223 9.07183
v -5.9315e-18 6.19935 9.08895
v 0.0419454 6.18223 9.07183
v 0.0419454 6.14798 9.03758
v 0 6.53017 8.62799
v -0.0377509 6.54558 8.6434
v -0.0377509 6.5764 8.67422
v -5.33835e-18 6.59181 8.68964
v 0.0377509 6.5764 8.67422
v 0.0377509 6.54558 8.6434
v 0 6.92948 8.23552
v -0.0335563 6.94318 8.24922
v -0.0335563 6.97058 8.27662
v -4.7452e-18 6.98428 8.29032
v 0.0335563 6.97058 8.27662
v 0.0335563 6.94318 8.24922
v 0 7.3288 7.84306
v -0.0293618 7.34078 7.85505
v -0.0293618 7.36476 7.87902
v -4.15205e-18 7.37674 7.89101
v 0.0293618 7.36476 7.87902
v 0.0293618 7.34078 7.85505
v 0 7.72811 7.4506
v -0.0251673 7.73838 7.46087
v -0.0251673 7.75893 7.48142
v -3.5589e-18 7.76921 7.49169
v 0.0251673 7.75893 7.48142
v 0.0251673 7.73838 7.46087
v 0 7.71863 7.47114
v -0.0260062 7.73364 7.47114
v -0.0260062 7.76367 7.47114
v -3.67753e-18 7.77869 7.47114
v 0.0260062 7.76367 7.47114
v 0.0260062 7.73364 7.47114
v 0 7.72163 7.06804
v -0.0234055 7.73515 7.06804
v -0.0234055 7.76217 7.06804
v -3.30978e-18 7.77568 7.06804
v 0.0234055 7.76217 7.06804
v 0.0234055 7.73515 7.06804
v 0 7.72463 6.66493
v -0.0208049 7.73665 6.66493
v -0.0208049 7.76067 6.66493
v -2.94203e-18 7.77268 6.66493
v 0.0208049 7.76067 6.66493
v 0.0208049 7.73665 6.66493
v 0 7.72764 6.26182
v -0.0182043 7.73815 6.26182
v -0.0182043 7.75917 6.26182
v -2.57427e-18 7.76968 6.26182
v 0.0182043 7.75917 6.26182
v 0.0182043 7.73815 6.26182
v 0 7.73064 5.85871
v -0.0156037 7.73965 5.85871
v -0.0156037 7.75767 5.85871
v -2.20652e-18 7.76668 5.85871
v 0.0156037 7.75767 5.85871
v 0.0156037 7.73965 5.85871
v 0 7.74417 7.44145
v -0.0228468 7.73413 7.45816
v -0.0228468 7.73862 7.48785
v -3.23077e-18 7.75315 7.50084
v 0.0228468 7.76319 7.48413
v 0.0228468 7.7587 7.45444
v -0.19257 8.09477 7.39147
v -0.213133 8.08574 7.4065
v -0.213133 8.08978 7.43322
v -0.19257 8.10285 7.44491
v -0.172008 8.11189 7.42988
v -0.172008 8.10785 7.40316
v -0.385141 8.44538 7.34149
v -0.403418 8.43735 7.35485
v -0.403418 8.44094 7.3786
v -0.385141 8.45256 7.38899
v -0.366863 8.46059 7.37563
v -0.366863 8.457 7.35188
v -0.577711 8.79598 7.2915
v -0.593704 8.78895 7.30319
v -0.593704 8.7921 7.32398
v -0.577711 8.80227 7.33307
v -0.561719 8.80929 7.32138
v -0.561719 8.80615 7.30059
v -0.770282 9.14658 7.24152
v -0.78399 9.14056 7.25154
v -0.78399 9.14326 7.26936
v -0.770282 9.15197 7.27715
v -0.756574 9.158 7.26713
v -0.756574 9.1553 7.24931
v 0 7.72566 7.45183
v -0.0184588 7.74894 7.44746
v -0.0184588 7.77194 7.46677
v -2.61027e-18 7.77166 7.49045
v 0.0184588 7.74838 7.49483
v 0.0184588 7.72538 7.47552
v 0.283956 7.91195 7.23464
v 0.267343 7.9329 7.23071
v 0.267343 7.9536 7.24809
v 0.283956 7.95334 7.2694
v 0.300569 7.93239 7.27334
v 0.300569 7.91169 7.25596
v 0.567911 8.09824 7.01746
v 0.553144 8.11686 7.01396
v 0.553144 8.13526 7.0294
v 0.567911 8.13503 7.04835
v 0.582678 8.11641 7.05185
v 0.582678 8.09801 7.0364
v 0.851867 8.28452 6.80027
v 0.838946 8.30082 6.7972
v 0.838946 8.31692 6.81072
v 0.851867 8.31672 6.8273
v 0.864788 8.30042 6.83036
v 0.864788 8.28433 6.81684
v 1.13582 8.47081 6.58308
v 1.12475 8.48478 6.58045
v 1.12475 8.49858 6.59204
v 1.13582 8.49841 6.60625
v 1.1469 8.48444 6.60887
v 1.1469 8.47064 6.59729
v 0 6.19384 9.01572
v -0.0368497 6.16334 9.02332
v -0.0368497 6.1346 9.0623
v -5.21092e-18 6.13636 9.09369
v 0.0368497 6.16686 9.08608
v 0.0368497 6.1956 9.0471
v -0.267459 6.58686 9.3115
v -0.300624 6.55941 9.31834
v -0.300624 6.53354 9.35342
v -0.267459 6.53512 9.38167
v -0.234294 6.56257 9.37483
v -0.234294 6.58844 9.33974
v -0.534918 6.97987 9.60727
v -0.564398 6.95547 9.61336
v -0.564398 6.93248 9.64454
v -0.534918 6.93389 9.66965
v -0.505438 6.95829 9.66357
v -0.505438 6.98128 9.63238
v -0.802377 7.37289 9.90305
v -0.828172 7.35154 9.90837
v -0.828172 7.33142 9.93566
v -0.802377 7.33265 9.95763
v -0.776582 7.354 9.95231
v -0.776582 7.37412 9.92502
v -1.06984 7.7659 10.1988
v -1.09195 7.7476 10.2034
v -1.09195 7.73036 10.2268
v -1.06984 7.73141 10.2456
v -1.04773 7.74971 10.2411
v -1.04773 7.76696 10.2177
v -1.06984 7.74226 10.1929
v -1.09431 7.73688 10.2094
v -1.09431 7.74327 10.2388
v -1.06984 7.75506 10.2516
v -1.04536 7.76044 10.235
v -1.04536 7.75404 10.2057
v -1.206 8.11361 10.115
v -1.22803 8.10876 10.1299
v -1.22803 8.11452 10.1563
v -1.206 8.12512 10.1678
v -1.18397 8.12997 10.1529
v -1.18397 8.12421 10.1265
v -1.34217 8.48495 10.0371
v -1.36175 8.48064 10.0503
v -1.36175 8.48576 10.0738
v -1.34217 8.49518 10.084
v -1.32259 8.49949 10.0708
v -1.32259 8.49437 10.0473
v -1.47834 8.85629 9.95921
v -1.49547 8.85252 9.97079
v -1.49547 8.857 9.99133
v -1.47834 8.86525 10.0003
v -1.46121 8.86902 9.98871
v -1.46121 8.86454 9.96817
v -1.61451 9.22764 9.88132
v -1.62919 9.22441 9.89124
v -1.62919 9.22824 9.90885
v -1.61451 9.23531 9.91653
v -1.59982 9.23854 9.9066
v -1.59982 9.23471 9.889
v -1.06984 7.77869 10.2219
v -1.08681 7.76346 10.2024
v -1.08681 7.73344 10.2027
v -1.06984 7.71863 10.2225
v -1.05286 7.73385 10.2421
v -1.05286 7.76388 10.2418
v -1.37518 7.77848 10.4851
v -1.39046 7.76478 10.4675
v -1.39046 7.73776 10.4678
v -1.37518 7.72443 10.4857
v -1.3599 7.73813 10.5033
v -1.3599 7.76516 10.503
v -1.68052 7.77828 10.7483
v -1.69411 7.7661 10.7327
v -1.69411 7.74208 10.7329
v -1.68052 7.73023 10.7488
v -1.66694 7.74241 10.7644
v -1.66694 7.76643 10.7642
v -1.98587 7.77807 11.0115
v -1.99775 7.76742 10.9978
v -1.99775 7.7464 10.998
v -1.98587 7.73603 11.0119
v -1.97398 7.74669 11.0256
v -1.97398 7.76771 11.0254
v -2.29121 7.77787 11.2747
v -2.3014 7.76874 11.2629
v -2.3014 7.75072 11.2631
v -2.29121 7.74184 11.2751
v -2.28102 7.75097 11.2868
v -2.28102 7.76899 11.2866
v -1.06984 7.76489 10.197
v -1.09479 7.76292 10.2135
v -1.09479 7.74669 10.2388
v -1.06984 7.73243 10.2475
v -1.04488 7.73439 10.2309
v -1.04488 7.75062 10.2056
v -0.956544 8.08875 10.4086
v -0.979006 8.08698 10.4235
v -0.979006 8.07237 10.4463
v -0.956544 8.05953 10.4541
v -0.934082 8.0613 10.4391
v -0.934082 8.07591 10.4164
v -0.843253 8.4126 10.6202
v -0.863219 8.41103 10.6335
v -0.863219 8.39804 10.6537
v -0.843253 8.38663 10.6606
v -0.823286 8.3882 10.6474
v -0.823286 8.40119 10.6272
v -0.729961 8.73646 10.8318
v -0.747432 8.73508 10.8435
v -0.747432 8.72372 10.8611
v -0.729961 8.71373 10.8672
v -0.712491 8.71511 10.8556
v -0.712491 8.72647 10.8379
v -0.61667 9.06031 11.0435
v -0.631645 9.05913 11.0534
v -0.631645 9.0494 11.0686
v -0.61667 9.04084 11.0738
v -0.601695 9.04202 11.0638
v -0.601695 9.05176 11.0487
v 0 6.1609 9.00645
v -0.0297723 6.19243 9.02801
v -0.0297723 6.19664 9.07626
v -4.21011e-18 6.16931 9.10295
v 0.0297723 6.13777 9.08139
v 0.0297723 6.13356 9.03314
v 0.394383 6.55721 8.97677
v 0.367588 6.58559 8.99618
v 0.367588 6.58937 9.0396
v 0.394383 6.56478 9.06362
v 0.421178 6.53639 9.04422
v 0.421178 6.53261 9.00079
v 0.788766 6.95352 8.94709
v 0.764948 6.97875 8.96434
v 0.764948 6.98211 9.00294
v 0.788766 6.96024 9.02429
v 0.812583 6.93501 9.00705
v 0.812583 6.93165 8.96845
v 1.18315 7.34983 8.91741
v 1.16231 7.3719 8.93251
v 1.16231 7.37485 8.96628
v 1.18315 7.35571 8.98497
v 1.20399 7.33364 8.96987
v 1.20399 7.33069 8.9361
v 1.57753 7.74614 8.88773
v 1.55967 7.76506 8.90067
v 1.55967 7.76758 8.92962
v 1.57753 7.75118 8.94564
v 1.59539 7.73226 8.9327
v 1.59539 7.72974 8.90375
v 1.57753 7.72275 8.9015
v 1.55498 7.74226 8.89792
v 1.55498 7.76816 8.91311
v 1.57753 7.77456 8.93187
v 1.60008 7.75506 8.93545
v 1.60008 7.72915 8.92026
v 1.77832 7.90215 8.60148
v 1.75802 7.9197 8.59826
v 1.75802 7.94302 8.61193
v 1.77832 7.94878 8.62883
v 1.79861 7.93122 8.63205
v 1.79861 7.90791 8.61838
v 1.97911 8.08154 8.30147
v 1.96106 8.09715 8.29861
v 1.96106 8.11787 8.31076
v 1.97911 8.12299 8.32578
v 1.99715 8.10739 8.32864
v 1.99715 8.08666 8.31649
v 2.17989 8.26094 8.00146
v 2.16411 8.27459 7.99896
v 2.16411 8.29273 8.00959
v 2.17989 8.29721 8.02273
v 2.19568 8.28355 8.02523
v 2.19568 8.26542 8.0146
v 2.38068 8.44034 7.70145
v 2.36715 8.45204 7.6993
v 2.36715 8.46758 7.70842
v 2.38068 8.47142 7.71968
v 2.39421 8.45972 7.72182
v 2.39421 8.44418 7.71271
v 1.57753 7.76224 8.8899
v 1.55186 7.75914 8.90516
v 1.55186 7.74556 8.93195
v 1.57753 7.73508 8.94347
v 1.60321 7.73818 8.92821
v 1.60321 7.75176 8.90142
v 1.64163 8.11582 9.0726
v 1.61853 8.11303 9.08633
v 1.61853 8.1008 9.11044
v 1.64163 8.09137 9.1208
v 1.66474 8.09416 9.10707
v 1.66474 8.10639 9.08297
v 1.70574 8.4694 9.25529
v 1.6852 8.46692 9.2675
v 1.6852 8.45605 9.28893
v 1.70574 8.44767 9.29814
v 1.72628 8.45015 9.28593
v 1.72628 8.46102 9.26451
v 1.76984 8.82298 9.43798
v 1.75187 8.82081 9.44867
v 1.75187 8.8113 9.46741
v 1.76984 8.80397 9.47548
v 1.78781 8.80614 9.4648
v 1.78781 8.81565 9.44605
v 1.83394 9.17656 9.62068
v 1.81854 9.1747 9.62984
v 1.81854 9.16655 9.6459
v 1.83394 9.16026 9.65282
v 1.84935 9.16212 9.64366
v 1.84935 9.17027 9.62759
v 1.57939 7.74866 8.94666
v 1.57847 7.72265 8.93167
v 1.57661 7.72265 8.9017
v 1.57567 7.74866 8.88671
v 1.57659 7.77466 8.9017
v 1.57845 7.77466 8.93167
v 1.98154 7.74879 8.91871
v 1.98071 7.72538 8.90522
v 1.97904 7.72538 8.87825
v 1.97819 7.74879 8.86476
v 1.97902 7.77219 8.87825
v 1.9807 7.77219 8.90522
v 2.38369 7.74892 8.89077
v 2.38295 7.72811 8.87878
v 2.38146 7.72811 8.8548
v 2.38071 7.74892 8.84281
v 2.38145 7.76972 8.8548
v 2.38294 7.76972 8.87878
v 2.78584 7.74905 8.86282
v 2.78519 7.73084 8.85233
v 2.78389 7.73084 8.83135
v 2.78324 7.74905 8.82086
v 2.78388 7.76725 8.83135
v 2.78518 7.76725 8.85233
v 3.18799 7.74918 8.83487
v 3.18743 7.73357 8.82588
v 3.18632 7.73357 8.8079
v 3.18576 7.74918 8.79891
v 3.18631 7.76478 8.8079
v 3.18742 7.76478 8.82588
v 0 3.13194 9.04302
v -0.059435 3.08849 9.0169
v -0.059435 3.01125 9.02859
v -8.4047e-18 2.97746 9.06638
v 0.059435 3.02091 9.0925
v 0.059435 3.09815 9.08082
v -0.371471 3.22637 9.71964
v -0.424962 3.18726 9.69614
v -0.424962 3.11774 9.70665
v -0.371471 3.08733 9.74067
v -0.317979 3.12644 9.76417
v -0.317979 3.19596 9.75366
v -0.742941 3.32079 10.3963
v -0.790489 3.28603 10.3754
v -0.790489 3.22423 10.3847
v -0.742941 3.1972 10.415
v -0.695393 3.23196 10.4358
v -0.695393 3.29376 10.4265
v -1.11441 3.41521 11.0729
v -1.15602 3.38479 11.0546
v -1.15602 3.33072 11.0628
v -1.11441 3.30707 11.0892
v -1.07281 3.33749 11.1075
v -1.07281 3.39156 11.0993
v -1.48588 3.50963 11.7495
v -1.52154 3.48356 11.7338
v -1.52154 3.43722 11.7408
v -1.48588 3.41694 11.7635
v -1.45022 3.44301 11.7792
v -1.45022 3.48936 11.7722
v -1.48588 3.48945 11.7158
v -1.52536 3.46445 11.7285
v -1.52536 3.43828 11.7692
v -1.48588 3.43712 11.7973
v -1.4464 3.46213 11.7845
v -1.4464 3.48829 11.7438
v -1.675 3.93028 12.0045
v -1.71054 3.90777 12.016
v -1.71054 3.88422 12.0527
v -1.675 3.88318 12.0779
v -1.63947 3.90569 12.0664
v -1.63947 3.92924 12.0298
v -1.86413 4.37111 12.2933
v -1.89571 4.3511 12.3035
v -1.89571 4.33017 12.3361
v -1.86413 4.32924 12.3585
v -1.83254 4.34925 12.3483
v -1.83254 4.37018 12.3157
v -2.05325 4.81193 12.5821
v -2.08088 4.79443 12.591
v -2.08088 4.77611 12.6195
v -2.05325 4.7753 12.6391
v -2.02561 4.79281 12.6302
v -2.02561 4.81112 12.6017
v -2.24237 5.25276 12.8708
v -2.26606 5.23776 12.8784
v -2.26606 5.22206 12.9029
v -2.24237 5.22136 12.9197
v -2.21868 5.23636 12.9121
v -2.21868 5.25206 12.8876
v -2.24237 5.22978 12.8661
v -2.26762 5.22739 12.8822
v -2.26762 5.23467 12.9113
v -2.24237 5.24434 12.9244
v -2.21712 5.24673 12.9083
v -2.21712 5.23945 12.8792
v -2.33866 5.61026 12.7741
v -2.36138 5.60812 12.7886
v -2.36138 5.61467 12.8148
v -2.33866 5.62337 12.8266
v -2.31593 5.62552 12.8121
v -2.31593 5.61896 12.7859
v -2.43494 5.99075 12.6821
v -2.45514 5.98884 12.695
v -2.45514 5.99466 12.7183
v -2.43494 6.0024 12.7287
v -2.41474 6.00431 12.7159
v -2.41474 5.99848 12.6926
v -2.53123 6.37123 12.5901
v -2.5489 6.36956 12.6014
v -2.5489 6.37466 12.6217
v -2.53123 6.38143 12.6309
v -2.51355 6.3831 12.6196
v -2.51355 6.378 12.5992
v -2.62751 6.75171 12.4981
v -2.64266 6.75028 12.5077
v -2.64266 6.75465 12.5252
v -2.62751 6.76045 12.5331
v -2.61236 6.76188 12.5234
v -2.61236 6.75751 12.5059
v -2.24237 5.2665 12.8894
v -2.26123 5.24826 12.8748
v -2.26123 5.21882 12.8807
v -2.24237 5.20762 12.9012
v -2.22351 5.22586 12.9158
v -2.22351 5.2553 12.9099
v -2.51991 5.32105 13.1766
v -2.53688 5.30463 13.1635
v -2.53688 5.27813 13.1688
v -2.51991 5.26805 13.1872
v -2.50293 5.28447 13.2004
v -2.50293 5.31097 13.1951
v -2.79744 5.3756 13.4638
v -2.81253 5.361 13.4522
v -2.81253 5.33745 13.4569
v -2.79744 5.32849 13.4733
v -2.78235 5.34308 13.485
v -2.78235 5.36663 13.4802
v -3.07498 5.43014 13.7511
v -3.08818 5.41737 13.7408
v -3.08818 5.39676 13.745
v -3.07498 5.38892 13.7593
v -3.06178 5.40169 13.7696
v -3.06178 5.4223 13.7654
v -3.35252 5.48469 14.0383
v -3.36383 5.47374 14.0295
v -3.36383 5.45608 14.0331
v -3.35252 5.44936 14.0454
v -3.3412 5.4603 14.0541
v -3.3412 5.47797 14.0506
v -2.24237 5.25153 12.869
v -2.26592 5.25396 12.8874
v -2.26592 5.23949 12.9137
v -2.24237 5.22259 12.9216
v -2.21882 5.22016 12.9031
v -2.21882 5.23463 12.8768
v -2.07139 5.56998 13.0474
v -2.09259 5.57217 13.0641
v -2.09259 5.55915 13.0877
v -2.07139 5.54394 13.0948
v -2.0502 5.54175 13.0782
v -2.0502 5.55477 13.0545
v -1.90041 5.88844 13.2259
v -1.91925 5.89038 13.2407
v -1.91925 5.87881 13.2618
v -1.90041 5.86529 13.268
v -1.88157 5.86334 13.2533
v -1.88157 5.87492 13.2322
v -1.72943 6.20689 13.4044
v -1.74592 6.2086 13.4173
v -1.74592 6.19847 13.4358
v -1.72943 6.18664 13.4413
v -1.71295 6.18494 13.4283
v -1.71295 6.19506 13.4099
v -1.55845 6.52535 13.5829
v -1.57258 6.52681 13.594
v -1.57258 6.51813 13.6098
v -1.55845 6.50799 13.6145
v -1.54432 6.50653 13.6034
v -1.54432 6.51521 13.5876
v -1.48588 3.4979 11.7904
v -1.51327 3.50282 11.7508
v -1.51327 3.46821 11.7169
v -1.48588 3.42868 11.7226
v -1.4585 3.42376 11.7623
v -1.4585 3.45837 11.7962
v -1.90997 3.23874 12.0482
v -1.93462 3.24317 12.0125
v -1.93462 3.21202 11.982
v -1.90997 3.17644 11.9872
v -1.88533 3.17201 12.0229
v -1.88533 3.20316 12.0534
v -2.33406 2.97958 12.306
v -2.35597 2.98351 12.2743
v -2.35597 2.95583 12.2472
v -2.33406 2.9242 12.2518
v -2.31215 2.92026 12.2835
v -2.31215 2.94795 12.3106
v -2.75815 2.72042 12.5638
v -2.77732 2.72386 12.5361
v -2.77732 2.69964 12.5124
v -2.75815 2.67196 12.5164
v -2.73898 2.66852 12.5441
v -2.73898 2.69275 12.5679
v -3.18224 2.46126 12.8216
v -3.19867 2.46421 12.7978
v -3.19867 2.44344 12.7775
v -3.18224 2.41972 12.781
v -3.16581 2.41677 12.8048
v -3.16581 2.43754 12.8251
v -3.18224 2.46981 12.7948
v -3.2042 2.45214 12.7845
v -3.2042 2.42282 12.7909
v -3.18224 2.41117 12.8078
v -3.16028 2.42884 12.8181
v -3.16028 2.45816 12.8117
v -3.39815 2.54039 13.1278
v -3.41791 2.52448 13.1185
v -3.41791 2.49809 13.1244
v -3.39815 2.48761 13.1395
v -3.37838 2.50351 13.1488
v -3.37838 2.5299 13.143
v -3.61406 2.61096 13.4609
v -3.63163 2.59682 13.4526
v -3.63163 2.57337 13.4578
v -3.61406 2.56404 13.4712
v -3.59649 2.57818 13.4795
v -3.59649 2.60164 13.4743
v -3.82997 2.68153 13.7939
v -3.84534 2.66916 13.7866
v -3.84534 2.64864 13.7912
v -3.82997 2.64048 13.803
v -3.8146 2.65285 13.8102
v -3.8146 2.67337 13.8057
v -4.04588 2.7521 14.1269
v -4.05906 2.7415 14.1207
v -4.05906 2.72391 14.1246
v -4.04588 2.71692 14.1347
v -4.0327 2.72752 14.1409
v -4.0327 2.74511 14.137
v -3.18224 2.42389 12.8263
v -3.19604 2.45056 12.826
v -3.19604 2.46716 12.801
v -3.18224 2.45709 12.7763
v -3.16843 2.43042 12.7766
v -3.16843 2.41382 12.8016
v -3.52387 2.24724 12.7056
v -3.53629 2.27124 12.7053
v -3.53629 2.28618 12.6827
v -3.52387 2.27712 12.6605
v -3.51145 2.25312 12.6608
v -3.51145 2.23818 12.6833
v -3.8655 2.07059 12.5848
v -3.87655 2.09192 12.5845
v -3.87655 2.1052 12.5645
v -3.8655 2.09714 12.5447
v -3.85446 2.07581 12.545
v -3.85446 2.06253 12.565
v -4.20714 1.89393 12.464
v -4.2168 1.9126 12.4638
v -4.2168 1.92422 12.4463
v -4.20714 1.91717 12.429
v -4.19747 1.89851 12.4292
v -4.19747 1.88689 12.4467
v -4.54877 1.71728 12.3432
v -4.55705 1.73328 12.343
v -4.55705 1.74324 12.328
v -4.54877 1.7372 12.3132
v -4.54049 1.7212 12.3134
v -4.54049 1.71124 12.3284
v -3.18224 2.46321 12.8209
v -3.20817 2.45314 12.8096
v -3.20817 2.43042 12.79
v -3.18224 2.41778 12.7817
v -3.15631 2.42785 12.793
v -3.15631 2.45056 12.8126
v -3.21276 2.19804 13.123
v -3.2361 2.18898 13.1129
v -3.2361 2.16853 13.0952
v -3.21276 2.15715 13.0877
v -3.18943 2.16622 13.0979
v -3.18943 2.18666 13.1155
v -3.24329 1.93288 13.4251
v -3.26404 1.92482 13.4161
v -3.26404 1.90665 13.4004
v -3.24329 1.89653 13.3937
v -3.22254 1.90459 13.4028
v -3.22254 1.92276 13.4185
v -3.27382 1.66771 13.7272
v -3.29197 1.66066 13.7193
v -3.29197 1.64476 13.7056
v -3.27382 1.63591 13.6997
v -3.25566 1.64296 13.7076
v -3.25566 1.65886 13.7214
v -3.30434 1.40255 14.0293
v -3.3199 1.39651 14.0225
v -3.3199 1.38288 14.0107
v -3.30434 1.37529 14.0057
v -3.28878 1.38133 14.0125
v -3.28878 1.39496 14.0243
v -1.48588 3.51061 11.7462
v -1.52614 3.48946 11.7629
v -1.52614 3.44213 11.7732
v -1.48588 3.41596 11.7668
v -1.44563 3.43712 11.7501
v -1.44563 3.48444 11.7398
v -1.32853 3.62017 12.2723
v -1.36476 3.60113 12.2873
v -1.36476 3.55854 12.2965
v -1.32853 3.53499 12.2908
v -1.2923 3.55403 12.2758
v -1.2923 3.59662 12.2665
v -1.17118 3.72973 12.7983
v -1.20339 3.71281 12.8116
v -1.20339 3.67495 12.8199
v -1.17118 3.65401 12.8148
v -1.13898 3.67093 12.8014
v -1.13898 3.7088 12.7932
v -1.01384 3.83929 13.3243
v -1.04201 3.82448 13.336
v -1.04201 3.79135 13.3432
v -1.01384 3.77303 13.3388
v -0.985657 3.78784 13.3271
v -0.985657 3.82097 13.3199
v -0.856486 3.94885 13.8504
v -0.880639 3.93616 13.8604
v -0.880639 3.90776 13.8666
v -0.856486 3.89206 13.8627
v -0.832333 3.90475 13.8527
v -0.832333 3.93315 13.8466
v -0.856486 3.93616 13.831
v -0.881973 3.93271 13.8465
v -0.881973 3.91701 13.8721
v -0.856486 3.90475 13.8821
v -0.830998 3.9082 13.8666
v -0.830998 3.9239 13.8411
v -0.776377 4.2713 14.0402
v -0.799315 4.26819 14.0541
v -0.799315 4.25406 14.0772
v -0.776377 4.24302 14.0862
v -0.753438 4.24613 14.0723
v -0.753438 4.26026 14.0493
v -0.696268 4.60643 14.2494
v -0.716657 4.60367 14.2618
v -0.716657 4.59111 14.2823
v -0.696268 4.5813 14.2903
v -0.675878 4.58406 14.2779
v -0.675878 4.59662 14.2575
v -0.616158 4.94157 14.4586
v -0.634 4.93915 14.4695
v -0.634 4.92816 14.4874
v -0.616158 4.91957 14.4944
v -0.598317 4.92199 14.4836
v -0.598317 4.93298 14.4657
v -0.536049 5.2767 14.6678
v -0.551342 5.27463 14.6771
v -0.551342 5.26521 14.6925
v -0.536049 5.25785 14.6985
v -0.520757 5.25992 14.6892
v -0.520757 5.26934 14.6739
v -0.856486 3.9486 13.867
v -0.8816 3.93688 13.8555
v -0.8816 3.90873 13.845
v -0.856486 3.89231 13.8461
v -0.831372 3.90403 13.8577
v -0.831372 3.93217 13.8681
v -0.961185 3.81014 14.2308
v -0.983788 3.7996 14.2204
v -0.983788 3.77426 14.211
v -0.961185 3.75948 14.212
v -0.938583 3.77003 14.2224
v -0.938583 3.79536 14.2318
v -1.06589 3.67168 14.5947
v -1.08598 3.66231 14.5854
v -1.08598 3.63979 14.5771
v -1.06589 3.62665 14.5779
v -1.04579 3.63602 14.5872
v -1.04579 3.65854 14.5956
v -1.17058 3.53323 14.9585
v -1.18816 3.52502 14.9504
v -1.18816 3.50532 14.9431
v -1.17058 3.49382 14.9439
v -1.15301 3.50202 14.952
v -1.15301 3.52173 14.9593
v -1.27528 3.39477 15.3223
v -1.29035 3.38773 15.3154
v -1.29035 3.37085 15.3091
v -1.27528 3.36099 15.3098
v -1.26022 3.36802 15.3167
v -1.26022 3.38491 15.323
v -0.856486 3.94875 13.8465
v -0.869088 3.94223 13.873
v -0.869088 3.91394 13.883
v -0.856486 3.89216 13.8666
v -0.843884 3.89868 13.8402
v -0.843884 3.92697 13.8301
v -0.503866 4.0114 14.0315
v -0.515208 4.00554 14.0553
v -0.515208 3.98007 14.0644
v -0.503866 3.96048 14.0496
v -0.492524 3.96635 14.0258
v -0.492524 3.99181 14.0168
v -0.151246 4.07406 14.2166
v -0.161328 4.06885 14.2377
v -0.161328 4.04621 14.2458
v -0.151246 4.0288 14.2327
v -0.141165 4.03401 14.2115
v -0.141165 4.05664 14.2034
v 0.201374 4.13672 14.4016
v 0.192552 4.13216 14.4201
v 0.192552 4.11235 14.4272
v 0.201374 4.09711 14.4157
v 0.210195 4.10167 14.3972
v 0.210195 4.12148 14.3901
v 0.553993 4.19938 14.5866
v 0.546432 4.19547 14.6025
v 0.546432 4.17849 14.6085
v 0.553993 4.16543 14.5987
v 0.561555 4.16934 14.5828
v 0.561555 4.18631 14.5768
v 0 3.10494 8.99487
v -0.0480199 3.11632 9.05543
v -0.0480199 3.06608 9.11526
v -6.79049e-18 3.00447 9.11453
v 0.0480199 2.99309 9.05397
v 0.0480199 3.04332 8.99414
v 0.547754 3.5226 9.35577
v 0.504536 3.53284 9.41027
v 0.504536 3.48763 9.46412
v 0.547754 3.43218 9.46346
v 0.590972 3.42193 9.40896
v 0.590972 3.46715 9.35511
v 1.09551 3.94026 9.71667
v 1.05709 3.94936 9.76511
v 1.05709 3.90918 9.81298
v 1.09551 3.85989 9.81239
v 1.13392 3.85078 9.76394
v 1.13392 3.89097 9.71608
v 1.64326 4.35792 10.0776
v 1.60965 4.36589 10.12
v 1.60965 4.33073 10.1618
v 1.64326 4.2876 10.1613
v 1.67688 4.27963 10.1189
v 1.67688 4.31479 10.0771
v 2.19102 4.77559 10.4385
v 2.1622 4.78241 10.4748
v 2.1622 4.75227 10.5107
v 2.19102 4.71531 10.5103
v 2.21983 4.70848 10.4739
v 2.21983 4.73862 10.438
v 2.19102 4.73323 10.4275
v 2.15464 4.75955 10.4457
v 2.15464 4.77177 10.4925
v 2.19102 4.75767 10.5212
v 2.22739 4.73134 10.5031
v 2.22739 4.71912 10.4562
v 2.46989 5.20422 10.3097
v 2.43715 5.22791 10.326
v 2.43715 5.23891 10.3682
v 2.46989 5.22621 10.394
v 2.50262 5.20252 10.3777
v 2.50262 5.19152 10.3355
v 2.74876 5.67521 10.1919
v 2.71966 5.69627 10.2064
v 2.71966 5.70605 10.2439
v 2.74876 5.69476 10.2669
v 2.77785 5.6737 10.2523
v 2.77785 5.66392 10.2148
v 3.02763 6.1462 10.0741
v 3.00217 6.16463 10.0868
v 3.00217 6.17318 10.1196
v 3.02763 6.16331 10.1397
v 3.05309 6.14488 10.127
v 3.05309 6.13633 10.0942
v 3.3065 6.61719 9.95627
v 3.28468 6.63299 9.96717
v 3.28468 6.64032 9.99529
v 3.3065 6.63186 10.0125
v 3.32832 6.61606 10.0016
v 3.32832 6.60873 9.97349
v 3.3065 6.59761 9.97108
v 3.28216 6.61513 9.96952
v 3.28216 6.64204 9.98283
v 3.3065 6.65144 9.9977
v 3.33084 6.63392 9.99925
v 3.33084 6.60701 9.98594
v 3.44848 6.76755 9.63423
v 3.42657 6.78331 9.63283
v 3.42657 6.80754 9.64481
v 3.44848 6.816 9.65819
v 3.47038 6.80023 9.65959
v 3.47038 6.77601 9.64761
v 3.59045 6.93749 9.29738
v 3.57098 6.9515 9.29613
v 3.57098 6.97304 9.30678
v 3.59045 6.98055 9.31868
v 3.60993 6.96654 9.31992
v 3.60993 6.94501 9.30927
v 3.73243 7.10743 8.96053
v 3.71539 7.11969 8.95944
v 3.71539 7.13853 8.96876
v 3.73243 7.14511 8.97916
v 3.74947 7.13285 8.98025
v 3.74947 7.11401 8.97093
v 3.87441 7.27737 8.62368
v 3.85981 7.28788 8.62275
v 3.85981 7.30403 8.63073
v 3.87441 7.30967 8.63965
v 3.88901 7.29916 8.64059
v 3.88901 7.28301 8.6326
v 3.3065 6.63324 9.95565
v 3.28054 6.62734 9.96955
v 3.28054 6.61862 9.99829
v 3.3065 6.61581 10.0131
v 3.33245 6.62171 9.99922
v 3.33245 6.63043 9.97049
v 3.28149 7.01738 10.0753
v 3.25813 7.01207 10.0878
v 3.25813 7.00422 10.1137
v 3.28149 7.00169 10.127
v 3.30486 7.007 10.1145
v 3.30486 7.01484 10.0887
v 3.25649 7.40151 10.195
v 3.23573 7.39679 10.2061
v 3.23573 7.38982 10.2291
v 3.25649 7.38757 10.241
v 3.27726 7.39229 10.2298
v 3.27726 7.39926 10.2068
v 3.23149 7.78565 10.3146
v 3.21332 7.78152 10.3244
v 3.21332 7.77542 10.3445
v 3.23149 7.77344 10.3549
v 3.24966 7.77758 10.3451
v 3.24966 7.78368 10.325
v 3.20648 8.16978 10.4343
v 3.19091 8.16624 10.4426
v 3.19091 8.16101 10.4599
v 3.20648 8.15932 10.4688
v 3.22206 8.16287 10.4605
v 3.22206 8.1681 10.4432
v 3.31039 6.62452 10.0142
v 3.31459 6.59927 9.99847
v 3.3107 6.59927 9.9687
v 3.30261 6.62452 9.95461
v 3.29841 6.64978 9.9703
v 3.3023 6.64978 10.0001
v 3.6982 6.72056 9.96047
v 3.70198 6.69783 9.94635
v 3.69848 6.69783 9.91955
v 3.6912 6.72056 9.90687
v 3.68742 6.74329 9.921
v 3.69092 6.74329 9.94779
v 4.08601 6.8166 9.90678
v 4.08937 6.79639 9.89423
v 4.08626 6.79639 9.87041
v 4.07979 6.8166 9.85914
v 4.07643 6.83681 9.87169
v 4.07954 6.83681 9.89551
v 4.47383 6.91264 9.85309
v 4.47677 6.89496 9.8421
v 4.47404 6.89496 9.82126
v 4.46838 6.91264 9.8114
v 4.46544 6.93032 9.82238
v 4.46816 6.93032 9.84323
v 4.86164 7.00868 9.79939
v 4.86416 6.99352 9.78998
v 4.86182 6.99352 9.77211
v 4.85697 7.00868 9.76366
v 4.85445 7.02383 9.77308
v 4.85679 7.02383 9.79094
v 2.19102 4.79148 10.4593
v 2.1496 4.77054 10.4732
v 2.1496 4.7245 10.4882
v 2.19102 4.69941 10.4894
v 2.23243 4.72035 10.4755
v 2.23243 4.76639 10.4605
v 2.28005 4.95867 10.9862
v 2.24278 4.93982 10.9987
v 2.24278 4.89839 11.0122
v 2.28005 4.8758 11.0133
v 2.31732 4.89465 11.0008
v 2.31732 4.93609 10.9873
v 2.36908 5.12586 11.5131
v 2.33595 5.1091 11.5242
v 2.33595 5.07227 11.5362
v 2.36908 5.0522 11.5371
v 2.40221 5.06895 11.5261
v 2.40221 5.10578 11.514
v 2.45811 5.29304 12.0399
v 2.42912 5.27838 12.0496
v 2.42912 5.24616 12.0602
v 2.45811 5.22859 12.061
v 2.4871 5.24325 12.0513
v 2.4871 5.27548 12.0408
v 2.54714 5.46023 12.5668
v 2.5223 5.44766 12.5751
v 2.5223 5.42004 12.5842
v 2.54714 5.40499 12.5849
v 2.57199 5.41755 12.5766
v 2.57199 5.44517 12.5675
v 2.54714 5.44602 12.549
v 2.5213 5.44193 12.5637
v 2.5213 5.42852 12.5906
v 2.54714 5.4192 12.6027
v 2.57298 5.42329 12.588
v 2.57298 5.4367 12.5611
v 2.59247 5.80306 12.7306
v 2.56921 5.79938 12.7438
v 2.56921 5.78731 12.768
v 2.59247 5.77892 12.7789
v 2.61573 5.7826 12.7657
v 2.61573 5.79467 12.7415
v 2.6378 6.16011 12.9121
v 2.61713 6.15684 12.9239
v 2.61713 6.14611 12.9454
v 2.6378 6.13865 12.9551
v 2.65847 6.14192 12.9433
v 2.65847 6.15265 12.9218
v 2.68313 6.51715 13.0937
v 2.66504 6.51429 13.104
v 2.66504 6.5049 13.1228
v 2.68313 6.49838 13.1313
v 2.70121 6.50124 13.121
v 2.70121 6.51063 13.1022
v 2.72845 6.8742 13.2753
v 2.71295 6.87174 13.2841
v 2.71295 6.8637 13.3003
v 2.72845 6.8581 13.3075
v 2.74396 6.86056 13.2987
v 2.74396 6.8686 13.2826
v 2.54714 5.46149 12.5841
v 2.52287 5.4496 12.571
v 2.52287 5.42072 12.5628
v 2.54714 5.40372 12.5677
v 2.57141 5.41561 12.5807
v 2.57141 5.4445 12.5889
v 2.40235 5.35584 12.9451
v 2.38051 5.34514 12.9334
v 2.38051 5.31914 12.926
v 2.40235 5.30384 12.9304
v 2.42419 5.31454 12.9421
v 2.42419 5.34054 12.9495
v 2.25756 5.25018 13.3062
v 2.23814 5.24067 13.2957
v 2.23814 5.21756 13.2892
v 2.25756 5.20396 13.2931
v 2.27697 5.21348 13.3036
v 2.27697 5.23659 13.3101
v 2.11277 5.14453 13.6673
v 2.09578 5.1362 13.6581
v 2.09578 5.11598 13.6524
v 2.11277 5.10408 13.6558
v 2.12976 5.11241 13.665
v 2.12976 5.13263 13.6707
v 1.96797 5.03887 14.0284
v 1.95341 5.03173 14.0205
v 1.95341 5.0144 14.0156
v 1.96797 5.0042 14.0185
v 1.98254 5.01134 14.0264
v 1.98254 5.02867 14.0313
v 2.54714 5.46002 12.5636
v 2.53182 5.45489 12.5889
v 2.53182 5.42748 12.6012
v 2.54714 5.4052 12.5881
v 2.56247 5.41032 12.5628
v 2.56247 5.43773 12.5505
v 2.87281 5.55432 12.7817
v 2.85902 5.54971 12.8044
v 2.85902 5.52504 12.8155
v 2.87281 5.50498 12.8037
v 2.88661 5.50959 12.781
v 2.88661 5.53426 12.7699
v 3.19848 5.64862 12.9997
v 3.18622 5.64452 13.02
v 3.18622 5.62259 13.0298
v 3.19848 5.60476 13.0193
v 3.21074 5.60886 12.9991
v 3.21074 5.63079 12.9893
v 3.52415 5.74291 13.2178
v 3.51342 5.73933 13.2355
v 3.51342 5.72014 13.2441
v 3.52415 5.70454 13.235
v 3.53488 5.70813 13.2172
v 3.53488 5.72731 13.2086
v 3.84982 5.83721 13.4358
v 3.84063 5.83414 13.451
v 3.84063 5.81769 13.4584
v 3.84982 5.80432 13.4506
v 3.85902 5.8074 13.4354
v 3.85902 5.82384 13.428
v 2.19313 4.74545 10.5227
v 2.19391 4.70354 10.4985
v 2.1918 4.70354 10.4501
v 2.1889 4.74545 10.426
v 2.18812 4.78735 10.4502
v 2.19023 4.78735 10.4986
v 2.75171 4.77007 10.4935
v 2.75242 4.73236 10.4717
v 2.75052 4.73236 10.4281
v 2.74791 4.77007 10.4064
v 2.74721 4.80779 10.4283
v 2.74911 4.80779 10.4718
v 3.3103 4.7947 10.4643
v 3.31093 4.76118 10.4449
v 3.30924 4.76118 10.4062
v 3.30692 4.7947 10.3869
v 3.30629 4.82823 10.4063
v 3.30798 4.82823 10.445
v 3.86889 4.81933 10.4351
v 3.86944 4.79 10.4181
v 3.86796 4.79 10.3842
v 3.86593 4.81933 10.3674
v 3.86538 4.84867 10.3844
v 3.86686 4.84867 10.4182
v 4.42748 4.84396 10.4059
v 4.42795 4.81882 10.3913
v 4.42668 4.81882 10.3623
v 4.42494 4.84396 10.3478
v 4.42447 4.8691 10.3624
v 4.42574 4.8691 10.3914
v 4.42621 4.87396 10.3755
v 4.40862 4.85984 10.3953
v 4.40862 4.82984 10.3967
v 4.42621 4.81396 10.3782
v 4.4438 4.82808 10.3584
v 4.4438 4.85808 10.357
v 4.72313 4.8835 10.648
v 4.70729 4.87079 10.6658
v 4.70729 4.84379 10.6671
v 4.72313 4.8295 10.6505
v 4.73896 4.84221 10.6326
v 4.73896 4.86921 10.6314
v 5.02004 4.89304 10.9205
v 5.00597 4.88174 10.9363
v 5.00597 4.85774 10.9374
v 5.02004 4.84504 10.9227
v 5.03411 4.85633 10.9068
v 5.03411 4.88033 10.9057
v 5.31696 4.90258 11.193
v 5.30464 4.89269 11.2068
v 5.30464 4.87169 11.2078
v 5.31696 4.86058 11.1949
v 5.32927 4.87046 11.181
v 5.32927 4.89146 11.1801
v 5.61387 4.91211 11.4655
v 5.60332 4.90364 11.4774
v 5.60332 4.88565 11.4782
v 5.61387 4.87612 11.4671
v 5.62443 4.88459 11.4552
v 5.62443 4.90259 11.4544
v 4.42621 4.8206 10.3957
v 4.40774 4.82078 10.372
v 4.40774 4.84414 10.3532
v 4.42621 4.86732 10.358
v 4.44468 4.86714 10.3817
v 4.44468 4.84378 10.4005
v 4.71001 4.64309 10.1711
v 4.69339 4.64325 10.1498
v 4.69339 4.66428 10.1328
v 4.71001 4.68514 10.1371
v 4.72663 4.68498 10.1585
v 4.72663 4.66395 10.1754
v 4.99381 4.46558 9.94649
v 4.97903 4.46572 9.92754
v 4.97903 4.48441 9.91245
v 4.99381 4.50296 9.9163
v 5.00858 4.50282 9.93524
v 5.00858 4.48413 9.95034
v 5.27761 4.28807 9.72187
v 5.26468 4.2882 9.70529
v 5.26468 4.30455 9.69209
v 5.27761 4.32078 9.69545
v 5.29054 4.32065 9.71203
v 5.29054 4.3043 9.72523
v 5.56141 4.11056 9.49725
v 5.55032 4.11067 9.48304
v 5.55032 4.12469 9.47172
v 5.56141 4.1386 9.47461
v 5.57249 4.13849 9.48882
v 5.57249 4.12447 9.50013
v 4.42621 4.84527 10.3469
v 4.40708 4.86222 10.3626
v 4.40708 4.86091 10.3926
v 4.42621 4.84265 10.4069
v 4.44534 4.8257 10.3911
v 4.44534 4.82701 10.3611
v 4.69931 5.14136 10.3628
v 4.68209 5.15661 10.377
v 4.68209 5.15543 10.404
v 4.69931 5.139 10.4168
v 4.71652 5.12375 10.4026
v 4.71652 5.12493 10.3756
v 4.9724 5.43745 10.3788
v 4.9571 5.45101 10.3914
v 4.9571 5.44996 10.4154
v 4.9724 5.43535 10.4268
v 4.98771 5.42179 10.4142
v 4.98771 5.42284 10.3902
v 5.2455 5.73354 10.3947
v 5.23211 5.7454 10.4058
v 5.23211 5.74448 10.4268
v 5.2455 5.7317 10.4367
v 5.25889 5.71984 10.4257
v 5.25889 5.72076 10.4047
v 5.5186 6.02963 10.4107
v 5.50712 6.03979 10.4201
v 5.50712 6.03901 10.4381
v 5.5186 6.02805 10.4467
v 5.53008 6.01788 10.4372
v 5.53008 6.01867 10.4192
v 0 0.101416 6.07477
v -0.0958629 0.081642 5.99543
v -0.0958629 -0.019774 5.92066
v -1.3556e-17 -0.101416 5.92523
v 0.0958629 -0.081642 6.00457
v 0.0958629 0.019774 6.07934
v -0.515932 -0.471766 6.83097
v -0.602208 -0.489563 6.75956
v -0.602208 -0.580837 6.69227
v -0.515932 -0.654315 6.69638
v -0.429655 -0.636518 6.76779
v -0.429655 -0.545244 6.83508
v -1.03186 -1.04495 7.58717
v -1.10855 -1.06077 7.52369
v -1.10855 -1.1419 7.46388
v -1.03186 -1.20721 7.46753
v -0.955173 -1.19139 7.53101
v -0.955173 -1.11026 7.59082
v -1.54779 -1.61813 8.34337
v -1.6149 -1.63197 8.28783
v -1.6149 -1.70296 8.23549
v -1.54779 -1.76011 8.23869
v -1.48069 -1.74627 8.29423
v -1.48069 -1.67528 8.34657
v -2.06373 -2.19131 9.09956
v -2.12124 -2.20318 9.05196
v -2.12124 -2.26403 9.0071
v -2.06373 -2.31301 9.00984
v -2.00621 -2.30115 9.05744
v -2.00621 -2.2403 9.10231
v -2.06373 -2.17584 9.03806
v -2.1274 -2.21887 9.02405
v -2.1274 -2.29519 9.04069
v -2.06373 -2.32849 9.07134
v -2.00005 -2.28546 9.08535
v -2.00005 -2.20913 9.06871
v -2.3264 -2.02756 9.75482
v -2.38371 -2.06628 9.74221
v -2.38371 -2.13498 9.75719
v -2.3264 -2.16494 9.78477
v -2.26909 -2.12622 9.79738
v -2.26909 -2.05752 9.7824
v -2.58907 -1.87928 10.4716
v -2.64001 -1.9137 10.4604
v -2.64001 -1.97476 10.4737
v -2.58907 -2.0014 10.4982
v -2.53812 -1.96698 10.5094
v -2.53812 -1.90591 10.4961
v -2.85173 -1.731 11.1883
v -2.89631 -1.76112 11.1785
v -2.89631 -1.81455 11.1902
v -2.85173 -1.83786 11.2116
v -2.80716 -1.80773 11.2214
v -2.80716 -1.75431 11.2098
v -3.1144 -1.58272 11.9051
v -3.15261 -1.60854 11.8967
v -3.15261 -1.65434 11.9067
v -3.1144 -1.67431 11.9251
v -3.0762 -1.64849 11.9335
v -3.0762 -1.6027 11.9235
v -3.1144 -1.6036 11.8735
v -3.15514 -1.62465 11.8892
v -3.15514 -1.64957 11.9307
v -3.1144 -1.65344 11.9566
v -3.07367 -1.63239 11.941
v -3.07367 -1.60746 11.8995
v -3.24813 -1.13991 12.1574
v -3.28479 -1.15885 12.1715
v -3.28479 -1.18128 12.2089
v -3.24813 -1.18477 12.2322
v -3.21148 -1.16582 12.2181
v -3.21148 -1.14339 12.1808
v -3.38186 -0.67622 12.4413
v -3.41445 -0.693062 12.4538
v -3.41445 -0.712998 12.487
v -3.38186 -0.716094 12.5078
v -3.34928 -0.699253 12.4953
v -3.34928 -0.679316 12.462
v -3.51559 -0.212533 12.7252
v -3.5441 -0.227269 12.7361
v -3.5441 -0.244714 12.7652
v -3.51559 -0.247422 12.7833
v -3.48708 -0.232686 12.7724
v -3.48708 -0.215242 12.7433
v -3.64932 0.251154 13.0091
v -3.67376 0.238524 13.0184
v -3.67376 0.223571 13.0434
v -3.64932 0.221249 13.0589
v -3.62488 0.23388 13.0496
v -3.62488 0.248833 13.0246
v -3.64932 0.228493 13.005
v -3.67495 0.228102 13.0206
v -3.67495 0.235811 13.0496
v -3.64932 0.243911 13.063
v -3.62369 0.244302 13.0474
v -3.62369 0.236593 13.0184
v -3.71741 0.613265 12.9059
v -3.74048 0.612913 12.92
v -3.74048 0.619851 12.9461
v -3.71741 0.627141 12.9581
v -3.69434 0.627493 12.944
v -3.69434 0.620555 12.9179
v -3.78549 0.998037 12.8068
v -3.806 0.997724 12.8193
v -3.806 1.00389 12.8425
v -3.78549 1.01037 12.8532
v -3.76498 1.01068 12.8407
v -3.76498 1.00452 12.8175
v -3.85357 1.38281 12.7077
v -3.87152 1.38254 12.7186
v -3.87152 1.38793 12.739
v -3.85357 1.3936 12.7483
v -3.83563 1.39387 12.7374
v -3.83563 1.38848 12.7171
v -3.92166 1.76758 12.6086
v -3.93704 1.76735 12.618
v -3.93704 1.77197 12.6354
v -3.92166 1.77683 12.6434
v -3.90628 1.77707 12.634
v -3.90628 1.77244 12.6166
v -3.64932 0.264963 13.0254
v -3.66946 0.24585 13.0139
v -3.66946 0.217089 13.0226
v -3.64932 0.207441 13.0426
v -3.62918 0.226554 13.0541
v -3.62918 0.255315 13.0454
v -3.9044 0.351855 13.3252
v -3.92253 0.334654 13.3149
v -3.92253 0.308769 13.3227
v -3.9044 0.300086 13.3407
v -3.88628 0.317288 13.351
v -3.88628 0.343172 13.3432
v -4.15948 0.438748 13.625
v -4.17559 0.423458 13.6158
v -4.17559 0.400449 13.6227
v -4.15948 0.392731 13.6388
v -4.14337 0.408021 13.648
v -4.14337 0.43103 13.6411
v -4.41456 0.525641 13.9248
v -4.42866 0.512262 13.9168
v -4.42866 0.492129 13.9228
v -4.41456 0.485376 13.9369
v -4.40047 0.498755 13.9449
v -4.40047 0.518887 13.9389
v -4.66964 0.612533 14.2246
v -4.68173 0.601066 14.2178
v -4.68173 0.583809 14.2229
v -4.66964 0.578021 14.235
v -4.65756 0.589488 14.2419
v -4.65756 0.606745 14.2367
v -3.64932 0.249761 13.0072
v -3.67161 0.254935 13.0267
v -3.67161 0.241375 13.0534
v -3.64932 0.222642 13.0608
v -3.62703 0.217469 13.0413
v -3.62703 0.231029 13.0146
v -3.44167 0.556686 13.1659
v -3.46173 0.561342 13.1834
v -3.46173 0.549138 13.2075
v -3.44167 0.532279 13.2141
v -3.42161 0.527623 13.1966
v -3.42161 0.539826 13.1725
v -3.23402 0.86361 13.3246
v -3.25185 0.867749 13.3401
v -3.25185 0.856901 13.3616
v -3.23402 0.841915 13.3675
v -3.21618 0.837776 13.3519
v -3.21618 0.848624 13.3305
v -3.02636 1.17053 13.4833
v -3.04197 1.17416 13.4969
v -3.04197 1.16466 13.5156
v -3.02636 1.15155 13.5208
v -3.01076 1.14793 13.5072
v -3.01076 1.15742 13.4884
v -2.81871 1.47746 13.642
v -2.83209 1.48056 13.6536
v -2.83209 1.47243 13.6697
v -2.81871 1.46119 13.6741
v -2.80534 1.45808 13.6625
v -2.80534 1.46622 13.6464
v -3.1144 -1.5882 11.9419
v -3.14482 -1.59235 11.9045
v -3.14482 -1.63267 11.8776
v -3.1144 -1.66883 11.8882
v -3.08398 -1.66468 11.9257
v -3.08398 -1.62437 11.9525
v -3.49987 -1.81728 12.2772
v -3.52725 -1.82102 12.2435
v -3.52725 -1.8573 12.2193
v -3.49987 -1.88985 12.2289
v -3.47249 -1.88611 12.2626
v -3.47249 -1.84983 12.2868
v -3.88534 -2.04636 12.6125
v -3.90967 -2.04968 12.5825
v -3.90967 -2.08194 12.561
v -3.88534 -2.11087 12.5695
v -3.861 -2.10755 12.5995
v -3.861 -2.07529 12.621
v -4.27081 -2.27544 12.9478
v -4.2921 -2.27835 12.9216
v -4.2921 -2.30657 12.9028
v -4.27081 -2.33188 12.9102
v -4.24951 -2.32898 12.9364
v -4.24951 -2.30076 12.9552
v -4.65627 -2.50453 13.2831
v -4.67452 -2.50702 13.2606
v -4.67452 -2.5312 13.2445
v -4.65627 -2.5529 13.2509
v -4.63802 -2.55041 13.2733
v -4.63802 -2.52622 13.2894
v -4.65627 -2.50057 13.2565
v -4.67899 -2.51905 13.2499
v -4.67899 -2.5472 13.2603
v -4.65627 -2.55686 13.2774
v -4.63356 -2.53838 13.2841
v -4.63356 -2.51023 13.2736
v -4.85252 -2.3807 13.5876
v -4.87296 -2.39734 13.5816
v -4.87296 -2.42267 13.591
v -4.85252 -2.43137 13.6064
v -4.83208 -2.41473 13.6124
v -4.83208 -2.3894 13.603
v -5.04877 -2.26084 13.9187
v -5.06694 -2.27563 13.9134
v -5.06694 -2.29815 13.9217
v -5.04877 -2.30588 13.9354
v -5.0306 -2.29109 13.9407
v -5.0306 -2.26857 13.9324
v -5.24502 -2.14098 14.2498
v -5.26092 -2.15392 14.2451
v -5.26092 -2.17362 14.2525
v -5.24502 -2.18039 14.2644
v -5.22911 -2.16745 14.2691
v -5.22911 -2.14774 14.2618
v -5.44126 -2.02112 14.5809
v -5.45489 -2.03221 14.5769
v -5.45489 -2.0491 14.5832
v -5.44126 -2.05489 14.5934
v -5.42763 -2.0438 14.5974
v -5.42763 -2.02691 14.5911
v -4.65627 -2.53609 13.2961
v -4.67065 -2.5114 13.2868
v -4.67065 -2.50402 13.2577
v -4.65627 -2.52133 13.2379
v -4.6419 -2.54603 13.2471
v -4.6419 -2.55341 13.2762
v -4.99218 -2.75137 13.2384
v -5.00512 -2.72914 13.2301
v -5.00512 -2.7225 13.2039
v -4.99218 -2.73809 13.186
v -4.97924 -2.76031 13.1943
v -4.97924 -2.76695 13.2205
v -5.32809 -2.96665 13.1807
v -5.33959 -2.94689 13.1733
v -5.33959 -2.94099 13.15
v -5.32809 -2.95484 13.1341
v -5.31659 -2.9746 13.1415
v -5.31659 -2.9805 13.1648
v -5.664 -3.18192 13.123
v -5.67406 -3.16463 13.1166
v -5.67406 -3.15947 13.0962
v -5.664 -3.17159 13.0823
v -5.65393 -3.18888 13.0887
v -5.65393 -3.19404 13.1091
v -5.99991 -3.3972 13.0654
v -6.00853 -3.38238 13.0598
v -6.00853 -3.37795 13.0424
v -5.99991 -3.38834 13.0304
v -5.99128 -3.40316 13.036
v -5.99128 -3.40759 13.0534
v -4.65627 -2.50274 13.282
v -4.68227 -2.51604 13.275
v -4.68227 -2.54201 13.26
v -4.65627 -2.55469 13.2519
v -4.63027 -2.54139 13.2589
v -4.63027 -2.51541 13.274
v -4.64658 -2.70759 13.6291
v -4.66998 -2.71956 13.6228
v -4.66998 -2.74294 13.6092
v -4.64658 -2.75434 13.602
v -4.62318 -2.74237 13.6083
v -4.62318 -2.719 13.6218
v -4.63689 -2.91244 13.9761
v -4.65769 -2.92308 13.9705
v -4.65769 -2.94386 13.9585
v -4.63689 -2.954 13.952
v -4.61609 -2.94336 13.9576
v -4.61609 -2.92258 13.9697
v -4.6272 -3.1173 14.3232
v -4.6454 -3.12661 14.3183
v -4.6454 -3.14479 14.3077
v -4.6272 -3.15366 14.3021
v -4.609 -3.14435 14.307
v -4.609 -3.12617 14.3175
v -4.61751 -3.32215 14.6702
v -4.63311 -3.33013 14.6661
v -4.63311 -3.34571 14.657
v -4.61751 -3.35332 14.6522
v -4.60192 -3.34534 14.6564
v -4.60192 -3.32975 14.6654
v -3.1144 -1.58201 11.9016
v -3.15239 -1.6003 11.9254
v -3.15239 -1.64681 11.9389
v -3.1144 -1.67503 11.9286
v -3.07642 -1.65674 11.9047
v -3.07642 -1.61022 11.8912
v -2.87693 -1.44519 12.3898
v -2.91112 -1.46165 12.4112
v -2.91112 -1.50351 12.4234
v -2.87693 -1.52891 12.4141
v -2.84275 -1.51245 12.3927
v -2.84275 -1.47059 12.3805
v -2.63946 -1.30837 12.878
v -2.66985 -1.323 12.8971
v -2.66985 -1.36021 12.9079
v -2.63946 -1.38279 12.8996
v -2.60907 -1.36815 12.8806
v -2.60907 -1.33095 12.8698
v -2.40199 -1.17155 13.3662
v -2.42858 -1.18436 13.3829
v -2.42858 -1.21691 13.3924
v -2.40199 -1.23667 13.3852
v -2.3754 -1.22386 13.3685
v -2.3754 -1.19131 13.359
v -2.16452 -1.03474 13.8545
v -2.18731 -1.04571 13.8688
v -2.18731 -1.07362 13.8769
v -2.16452 -1.09055 13.8707
v -2.14173 -1.07957 13.8564
v -2.14173 -1.05167 13.8483
v -2.16452 -1.0495 13.8356
v -2.18933 -1.04906 13.8525
v -2.18933 -1.0622 13.8795
v -2.16452 -1.07579 13.8896
v -2.13971 -1.07623 13.8727
v -2.13971 -1.06308 13.8457
v -2.04362 -0.705067 14.0066
v -2.06595 -0.704671 14.0219
v -2.06595 -0.716502 14.0462
v -2.04362 -0.728729 14.0552
v -2.02129 -0.729125 14.04
v -2.02129 -0.717294 14.0157
v -1.92272 -0.360637 14.1777
v -1.94256 -0.360286 14.1912
v -1.94256 -0.370803 14.2128
v -1.92272 -0.381671 14.2209
v -1.90287 -0.382023 14.2073
v -1.90287 -0.371506 14.1857
v -1.80182 -0.0162083 14.3487
v -1.81918 -0.0159005 14.3606
v -1.81918 -0.0251027 14.3795
v -1.80182 -0.0346127 14.3865
v -1.78445 -0.0349204 14.3747
v -1.78445 -0.0257182 14.3558
v -1.68092 0.328221 14.5198
v -1.6958 0.328485 14.5299
v -1.6958 0.320597 14.5461
v -1.68092 0.312446 14.5522
v -1.66603 0.312182 14.542
v -1.66603 0.32007 14.5258
v -2.16452 -1.03371 13.8706
v -2.19029 -1.04725 13.8633
v -2.19029 -1.07618 13.8552
v -2.16452 -1.09157 13.8545
v -2.13874 -1.07803 13.8619
v -2.13874 -1.0491 13.8699
v -2.21801 -1.1436 14.2548
v -2.24121 -1.15578 14.2482
v -2.24121 -1.18182 14.2409
v -2.21801 -1.19567 14.2403
v -2.19481 -1.18349 14.2469
v -2.19481 -1.15745 14.2541
v -2.2715 -1.25348 14.6389
v -2.29212 -1.26432 14.633
v -2.29212 -1.28746 14.6266
v -2.2715 -1.29977 14.6261
v -2.25088 -1.28894 14.6319
v -2.25088 -1.26579 14.6384
v -2.32499 -1.36337 15.0231
v -2.34303 -1.37285 15.0179
v -2.34303 -1.3931 15.0123
v -2.32499 -1.40387 15.0118
v -2.30694 -1.39439 15.017
v -2.30694 -1.37414 15.0226
v -2.37848 -1.47325 15.4072
v -2.39394 -1.48138 15.4028
v -2.39394 -1.49874 15.398
v -2.37848 -1.50797 15.3976
v -2.36301 -1.49985 15.402
v -2.36301 -1.48249 15.4068
v -2.17397 -1.06264 13.8911
v -2.16543 -1.08834 13.8781
v -2.15598 -1.08834 13.8496
v -2.15507 -1.06264 13.8341
v -2.16361 -1.03695 13.8471
v -2.17306 -1.03695 13.8756
v -1.79497 -1.00037 14.0135
v -1.78729 -1.02349 14.0018
v -1.77879 -1.02349 13.9762
v -1.77797 -1.00037 13.9622
v -1.78565 -0.977243 13.9739
v -1.79415 -0.977243 13.9996
v -1.41598 -0.938093 14.136
v -1.40915 -0.958648 14.1256
v -1.40159 -0.958648 14.1028
v -1.40086 -0.938093 14.0904
v -1.40769 -0.917537 14.1008
v -1.41525 -0.917537 14.1236
v -1.03699 -0.875818 14.2584
v -1.03101 -0.893804 14.2493
v -1.0244 -0.893804 14.2294
v -1.02376 -0.875818 14.2185
v -1.02974 -0.857832 14.2276
v -1.03635 -0.857832 14.2475
v -0.657994 -0.813543 14.3808
v -0.652872 -0.82896 14.3731
v -0.647204 -0.82896 14.356
v -0.646658 -0.813543 14.3466
v -0.65178 -0.798127 14.3544
v -0.657448 -0.798127 14.3715
v -2.06373 -2.25133 9.13282
v -2.1079 -2.2005 9.09321
v -2.1079 -2.20133 9.0151
v -2.06373 -2.25299 8.97659
v -2.01956 -2.30382 9.01619
v -2.01956 -2.30299 9.0943
v -2.65274 -2.75905 9.1304
v -2.69249 -2.71331 9.09476
v -2.69249 -2.71406 9.02446
v -2.65274 -2.76055 8.9898
v -2.61299 -2.80629 9.02544
v -2.61299 -2.80555 9.09574
v -3.24175 -3.26678 9.12799
v -3.27709 -3.22611 9.09631
v -3.27709 -3.22678 9.03382
v -3.24175 -3.2681 9.00301
v -3.20642 -3.30877 9.03469
v -3.20642 -3.3081 9.09718
v -3.83076 -3.7745 9.12558
v -3.86168 -3.73892 9.09786
v -3.86168 -3.7395 9.04317
v -3.83076 -3.77566 9.01622
v -3.79984 -3.81124 9.04394
v -3.79984 -3.81066 9.09862
v -4.41977 -4.28222 9.12316
v -4.44628 -4.25172 9.0994
v -4.44628 -4.25222 9.05253
v -4.41977 -4.28322 9.02943
v -4.39327 -4.31371 9.05319
v -4.39327 -4.31321 9.10006
v -4.41977 -4.24188 9.10234
v -4.4552 -4.25022 9.07038
v -4.4552 -4.29105 9.04433
v -4.41977 -4.32355 9.05025
v -4.38435 -4.31522 9.08221
v -4.38435 -4.27438 9.10826
v -4.71965 -4.5002 9.49835
v -4.75153 -4.50771 9.46958
v -4.75153 -4.54446 9.44614
v -4.71965 -4.57371 9.45147
v -4.68777 -4.5662 9.48024
v -4.68777 -4.52945 9.50368
v -5.01953 -4.75852 9.89436
v -5.04786 -4.76519 9.86879
v -5.04786 -4.79786 9.84795
v -5.01953 -4.82386 9.85269
v -4.99119 -4.81719 9.87826
v -4.99119 -4.78452 9.8991
v -5.3194 -5.01685 10.2904
v -5.3442 -5.02268 10.268
v -5.3442 -5.05127 10.2498
v -5.3194 -5.07402 10.2539
v -5.29461 -5.06818 10.2763
v -5.29461 -5.0396 10.2945
v -5.61928 -5.27517 10.6864
v -5.64053 -5.28017 10.6672
v -5.64053 -5.30467 10.6516
v -5.61928 -5.32417 10.6551
v -5.59803 -5.31917 10.6743
v -5.59803 -5.29467 10.6899
v -5.61928 -5.271 10.6618
v -5.64335 -5.28826 10.6569
v -5.64335 -5.31693 10.6658
v -5.61928 -5.32834 10.6797
v -5.59521 -5.31108 10.6846
v -5.59521 -5.28241 10.6757
v -5.77195 -5.16298 11.0189
v -5.79361 -5.17852 11.0145
v -5.79361 -5.20432 11.0225
v -5.77195 -5.21459 11.035
v -5.75029 -5.19905 11.0395
v -5.75029 -5.17325 11.0314
v -5.92462 -5.05496 11.3761
v -5.94388 -5.06877 11.3721
v -5.94388 -5.09171 11.3792
v -5.92462 -5.10084 11.3903
v -5.90537 -5.08703 11.3943
v -5.90537 -5.06409 11.3871
v -6.07729 -4.94695 11.7332
v -6.09414 -4.95903 11.7297
v -6.09414 -4.9791 11.736
v -6.07729 -4.98709 11.7457
v -6.06045 -4.975 11.7491
v -6.06045 -4.95493 11.7429
v -6.22997 -4.83893 12.0903
v -6.24441 -4.84929 12.0873
v -6.24441 -4.86649 12.0927
v -6.22997 -4.87334 12.101
v -6.21553 -4.86298 12.104
v -6.21553 -4.84577 12.0986
v -5.61928 -5.29931 10.7008
v -5.63548 -5.27915 10.6855
v -5.63548 -5.27951 10.6555
v -5.61928 -5.30002 10.6407
v -5.60307 -5.32019 10.656
v -5.60307 -5.31983 10.686
v -5.93457 -5.5505 10.7008
v -5.94915 -5.53236 10.687
v -5.94915 -5.53268 10.66
v -5.93457 -5.55114 10.6467
v -5.91999 -5.56929 10.6604
v -5.91999 -5.56897 10.6875
v -6.24986 -5.8017 10.7007
v -6.26282 -5.78557 10.6885
v -6.26282 -5.78585 10.6645
v -6.24986 -5.80226 10.6527
v -6.2369 -5.81839 10.6649
v -6.2369 -5.81811 10.6889
v -6.56515 -6.05289 10.7007
v -6.57649 -6.03877 10.69
v -6.57649 -6.03902 10.669
v -6.56515 -6.05338 10.6587
v -6.55381 -6.0675 10.6693
v -6.55381 -6.06725 10.6904
v -6.88044 -6.30408 10.7007
v -6.89016 -6.29198 10.6915
v -6.89016 -6.29219 10.6735
v -6.88044 -6.3045 10.6646
v -6.87072 -6.3166 10.6738
v -6.87072 -6.31639 10.6918
v -5.61928 -5.27338 10.6853
v -5.64467 -5.28924 10.6829
v -5.64467 -5.31553 10.6684
v -5.61928 -5.32596 10.6562
v -5.59389 -5.3101 10.6586
v -5.59389 -5.28381 10.6731
v -5.53216 -5.46629 11.0284
v -5.55501 -5.48056 11.0262
v -5.55501 -5.50422 11.0132
v -5.53216 -5.5136 11.0022
v -5.50931 -5.49933 11.0043
v -5.50931 -5.47567 11.0174
v -5.44504 -5.65919 11.3714
v -5.46536 -5.67188 11.3696
v -5.46536 -5.69291 11.3579
v -5.44504 -5.70125 11.3482
v -5.42473 -5.68856 11.3501
v -5.42473 -5.66753 11.3617
v -5.35793 -5.8521 11.7145
v -5.3757 -5.8632 11.7129
v -5.3757 -5.8816 11.7027
v -5.35793 -5.8889 11.6942
v -5.34015 -5.8778 11.6958
v -5.34015 -5.8594 11.706
v -5.27081 -6.045 12.0576
v -5.28604 -6.05452 12.0562
v -5.28604 -6.07029 12.0475
v -5.27081 -6.07655 12.0402
v -5.25557 -6.06703 12.0416
v -5.25557 -6.05126 12.0503
v -4.41977 -4.33019 9.08591
v -4.44204 -4.2994 9.11594
v -4.44204 -4.25193 9.10633
v -4.41977 -4.23525 9.06668
v -4.39751 -4.26604 9.03665
v -4.39751 -4.31351 9.04626
v -4.89427 -4.38441 8.79368
v -4.9143 -4.3567 8.82071
v -4.9143 -4.31398 8.81206
v -4.89427 -4.29896 8.77638
v -4.87423 -4.32667 8.74934
v -4.87423 -4.3694 8.75799
v -5.36876 -4.43863 8.50144
v -5.38657 -4.414 8.52547
v -5.38657 -4.37603 8.51779
v -5.36876 -4.36268 8.48607
v -5.35094 -4.38731 8.46204
v -5.35094 -4.42529 8.46973
v -5.84325 -4.49286 8.20921
v -5.85883 -4.4713 8.23024
v -5.85883 -4.43807 8.22351
v -5.84325 -4.4264 8.19576
v -5.82766 -4.44795 8.17473
v -5.82766 -4.48118 8.18146
v -6.31774 -4.54708 7.91698
v -6.3311 -4.5286 7.93501
v -6.3311 -4.50012 7.92924
v -6.31774 -4.49011 7.90545
v -6.30438 -4.50859 7.88743
v -6.30438 -4.53707 7.89319
v -6.31774 -4.52713 7.94001
v -6.33856 -4.50792 7.93004
v -6.33856 -4.49939 7.90125
v -6.31774 -4.51006 7.88243
v -6.29692 -4.52927 7.89239
v -6.29692 -4.53781 7.92118
v -6.55931 -4.83567 7.8454
v -6.57805 -4.81838 7.83643
v -6.57805 -4.8107 7.81052
v -6.55931 -4.82031 7.79358
v -6.54057 -4.8376 7.80254
v -6.54057 -4.84528 7.82846
v -6.80088 -5.14421 7.75079
v -6.81753 -5.12885 7.74282
v -6.81753 -5.12202 7.71979
v -6.80088 -5.13056 7.70473
v -6.78422 -5.14592 7.7127
v -6.78422 -5.15275 7.73573
v -7.04245 -5.45275 7.65618
v -7.05702 -5.43931 7.64921
v -7.05702 -5.43333 7.62905
v -7.04245 -5.4408 7.61587
v -7.02788 -5.45425 7.62285
v -7.02788 -5.46023 7.643
v -7.28402 -5.7613 7.56157
v -7.29651 -5.74977 7.55559
v -7.29651 -5.74465 7.53832
v -7.28402 -5.75105 7.52702
v -7.27153 -5.76258 7.533
v -7.27153 -5.7677 7.55028
v -6.31774 -4.52288 7.88149
v -6.33132 -4.54269 7.89952
v -6.33132 -4.53841 7.92924
v -6.31774 -4.51431 7.94094
v -6.30416 -4.4945 7.92291
v -6.30416 -4.49879 7.89319
v -6.66152 -4.31412 7.85443
v -6.67375 -4.33194 7.87066
v -6.67375 -4.32809 7.89741
v -6.66152 -4.3064 7.90793
v -6.6493 -4.28857 7.89171
v -6.6493 -4.29243 7.86496
v -7.00531 -4.10535 7.82737
v -7.01618 -4.1212 7.84179
v -7.01618 -4.11777 7.86557
v -7.00531 -4.09849 7.87493
v -6.99445 -4.08265 7.86051
v -6.99445 -4.08607 7.83673
v -7.3491 -3.89658 7.80031
v -7.3586 -3.91045 7.81293
v -7.3586 -3.90745 7.83373
v -7.3491 -3.89059 7.84192
v -7.33959 -3.87672 7.8293
v -7.33959 -3.87972 7.8085
v -7.69289 -3.68782 7.77325
v -7.70103 -3.6997 7.78406
v -7.70103 -3.69713 7.8019
v -7.69289 -3.68268 7.80892
v -7.68474 -3.67079 7.7981
v -7.68474 -3.67336 7.78027
v -6.31774 -4.54759 7.91903
v -6.34307 -4.53157 7.92078
v -6.34307 -4.50257 7.91297
v -6.31774 -4.4896 7.90341
v -6.2924 -4.50562 7.90165
v -6.2924 -4.53462 7.90946
v -6.40859 -4.64682 7.53902
v -6.43139 -4.6324 7.5406
v -6.43139 -4.6063 7.53357
v -6.40859 -4.59462 7.52496
v -6.38578 -4.60904 7.52338
v -6.38578 -4.63514 7.53041
v -6.49943 -4.74604 7.15901
v -6.5197 -4.73322 7.16041
v -6.5197 -4.71003 7.15417
v -6.49943 -4.69965 7.14652
v -6.47916 -4.71246 7.14511
v -6.47916 -4.73566 7.15136
v -6.59028 -4.84527 6.779
v -6.60802 -4.83405 6.78023
v -6.60802 -4.81375 6.77476
v -6.59028 -4.80467 6.76807
v -6.57255 -4.81589 6.76684
v -6.57255 -4.83618 6.77231
v -6.68113 -4.94449 6.39899
v -6.69633 -4.93488 6.40005
v -6.69633 -4.91748 6.39536
v -6.68113 -4.90969 6.38962
v -6.66593 -4.91931 6.38857
v -6.66593 -4.93671 6.39326
v -4.41977 -4.27921 9.1246
v -4.4616 -4.2778 9.10022
v -4.4616 -4.2813 9.05191
v -4.41977 -4.28623 9.02799
v -4.37795 -4.28764 9.05237
v -4.37795 -4.28413 9.10068
v -4.46217 -4.83636 9.1602
v -4.49981 -4.83509 9.13825
v -4.49981 -4.83824 9.09478
v -4.46217 -4.84267 9.07325
v -4.42453 -4.84395 9.09519
v -4.42453 -4.84079 9.13867
v -4.50457 -5.39351 9.1958
v -4.53803 -5.39238 9.17629
v -4.53803 -5.39518 9.13764
v -4.50457 -5.39912 9.1185
v -4.47111 -5.40025 9.13801
v -4.47111 -5.39745 9.17666
v -4.54697 -5.95066 9.23139
v -4.57624 -5.94967 9.21432
v -4.57624 -5.95212 9.18051
v -4.54697 -5.95557 9.16376
v -4.51769 -5.95656 9.18083
v -4.51769 -5.9541 9.21465
v -4.58936 -6.50781 9.26699
v -4.61446 -6.50696 9.25236
v -4.61446 -6.50906 9.22337
v -4.58936 -6.51202 9.20902
v -4.56427 -6.51287 9.22365
v -4.56427 -6.51076 9.25263
v -4.58936 -6.48717 9.25761
v -4.61533 -6.49763 9.24675
v -4.61533 -6.52038 9.22715
v -4.58936 -6.53266 9.2184
v -4.5634 -6.52219 9.22925
v -4.5634 -6.49945 9.24886
v -4.61095 -6.75228 9.56053
v -4.63432 -6.76169 9.55075
v -4.63432 -6.78216 9.53311
v -4.61095 -6.79322 9.52523
v -4.58758 -6.7838 9.535
v -4.58758 -6.76333 9.55265
v -4.63253 -7.01739 9.86344
v -4.65331 -7.02576 9.85475
v -4.65331 -7.04395 9.83907
v -4.63253 -7.05378 9.83207
v -4.61176 -7.04541 9.84075
v -4.61176 -7.02721 9.85644
v -4.65412 -7.28249 10.1664
v -4.6723 -7.28982 10.1588
v -4.6723 -7.30574 10.145
v -4.65412 -7.31434 10.1389
v -4.63594 -7.30701 10.1465
v -4.63594 -7.29109 10.1602
v -4.67571 -7.5476 10.4693
v -4.69129 -7.55388 10.4628
v -4.69129 -7.56753 10.451
v -4.67571 -7.5749 10.4457
v -4.66012 -7.56862 10.4523
v -4.66012 -7.55497 10.464
v -4.58936 -6.52661 9.26296
v -4.61142 -6.50681 9.25815
v -4.61142 -6.49011 9.23319
v -4.58936 -6.49322 9.21304
v -4.56731 -6.51302 9.21786
v -4.56731 -6.52971 9.24282
v -4.80297 -6.80909 9.07039
v -4.82282 -6.79127 9.06606
v -4.82282 -6.77624 9.04359
v -4.80297 -6.77904 9.02546
v -4.78312 -6.79686 9.0298
v -4.78312 -6.81188 9.05226
v -5.01657 -7.09157 8.87782
v -5.03421 -7.07573 8.87397
v -5.03421 -7.06237 8.854
v -5.01657 -7.06485 8.83788
v -4.99893 -7.0807 8.84174
v -4.99893 -7.09405 8.86171
v -5.23017 -7.37405 8.68525
v -5.24561 -7.36019 8.68188
v -5.24561 -7.3485 8.6644
v -5.23017 -7.35067 8.6503
v -5.21473 -7.36454 8.65368
v -5.21473 -7.37622 8.67115
v -5.44378 -7.65653 8.49268
v -5.45701 -7.64465 8.48979
v -5.45701 -7.63463 8.47481
v -5.44378 -7.63649 8.46272
v -5.43054 -7.64837 8.46562
v -5.43054 -7.65839 8.48059
v -4.58936 -6.50532 9.26768
v -4.60915 -6.52429 9.25542
v -4.60915 -6.52888 9.22575
v -4.58936 -6.51451 9.20833
v -4.56958 -6.49553 9.22059
v -4.56958 -6.49094 9.25026
v -4.32781 -6.8089 9.31163
v -4.34562 -6.82598 9.3006
v -4.34562 -6.83011 9.27389
v -4.32781 -6.81717 9.25821
v -4.31 -6.80009 9.26924
v -4.31 -6.79596 9.29595
v -4.06625 -7.11248 9.35558
v -4.08209 -7.12766 9.34577
v -4.08209 -7.13134 9.32203
v -4.06625 -7.11983 9.3081
v -4.05042 -7.10466 9.3179
v -4.05042 -7.10098 9.34164
v -3.8047 -7.41607 9.39953
v -3.81855 -7.42935 9.39095
v -3.81855 -7.43256 9.37018
v -3.8047 -7.4225 9.35798
v -3.79085 -7.40922 9.36656
v -3.79085 -7.406 9.38734
v -3.54314 -7.71965 9.44348
v -3.55502 -7.73103 9.43612
v -3.55502 -7.73379 9.41832
v -3.54314 -7.72516 9.40787
v -3.53127 -7.71378 9.41522
v -3.53127 -7.71102 9.43303
v -2.06373 -2.18644 9.09693
v -2.12865 -2.22958 9.09181
v -2.12865 -2.2953 9.04959
v -2.06373 -2.31789 9.01248
v -1.9988 -2.27475 9.01759
v -1.9988 -2.20902 9.05982
v -1.84519 -2.59637 9.72056
v -1.90362 -2.6352 9.71595
v -1.90362 -2.69435 9.67795
v -1.84519 -2.71468 9.64455
v -1.78675 -2.67585 9.64916
v -1.78675 -2.6167 9.68716
v -1.62664 -3.00631 10.3442
v -1.67859 -3.04082 10.3401
v -1.67859 -3.0934 10.3063
v -1.62664 -3.11147 10.2766
v -1.5747 -3.07696 10.2807
v -1.5747 -3.02438 10.3145
v -1.4081 -3.41624 10.9678
v -1.45355 -3.44644 10.9642
v -1.45355 -3.49245 10.9347
v -1.4081 -3.50826 10.9087
v -1.36266 -3.47806 10.9123
v -1.36266 -3.43205 10.9418
v -1.18956 -3.82618 11.5915
v -1.22852 -3.85206 11.5884
v -1.22852 -3.8915 11.563
v -1.18956 -3.90505 11.5408
v -1.15061 -3.87917 11.5438
v -1.15061 -3.83973 11.5692
v -1.18956 -3.81851 11.5548
v -1.23067 -3.84012 11.5686
v -1.23067 -3.88723 11.5799
v -1.18956 -3.91272 11.5774
v -1.14845 -3.89111 11.5636
v -1.14845 -3.844 11.5524
v -1.0783 -3.6955 12.0896
v -1.1153 -3.71495 12.102
v -1.1153 -3.75735 12.1121
v -1.0783 -3.78029 12.1099
v -1.0413 -3.76084 12.0975
v -1.0413 -3.71845 12.0874
v -0.967038 -3.5725 12.6244
v -0.999925 -3.58979 12.6354
v -0.999925 -3.62747 12.6444
v -0.967038 -3.64786 12.6424
v -0.934151 -3.63058 12.6314
v -0.934151 -3.59289 12.6224
v -0.855775 -3.44949 13.1591
v -0.884552 -3.46462 13.1687
v -0.884552 -3.49759 13.1766
v -0.855775 -3.51544 13.1749
v -0.826999 -3.50031 13.1653
v -0.826999 -3.46734 13.1574
v -0.744513 -3.32649 13.6939
v -0.769178 -3.33945 13.7021
v -0.769178 -3.36772 13.7089
v -0.744513 -3.38301 13.7074
v -0.719847 -3.37004 13.6992
v -0.719847 -3.34178 13.6924
v -0.744513 -3.3393 13.6749
v -0.770261 -3.34389 13.6897
v -0.770261 -3.35934 13.7154
v -0.744513 -3.3702 13.7264
v -0.718765 -3.36561 13.7116
v -0.718765 -3.35016 13.6859
v -0.687867 -2.99861 13.8828
v -0.71104 -3.00274 13.8961
v -0.71104 -3.01665 13.9193
v -0.687867 -3.02642 13.9292
v -0.664694 -3.02229 13.9159
v -0.664694 -3.00838 13.8927
v -0.631221 -2.65792 14.0907
v -0.65182 -2.66159 14.1025
v -0.65182 -2.67395 14.1231
v -0.631221 -2.68264 14.1319
v -0.610623 -2.67897 14.1201
v -0.610623 -2.66661 14.0995
v -0.574576 -2.31723 14.2986
v -0.592599 -2.32044 14.309
v -0.592599 -2.33126 14.327
v -0.574576 -2.33886 14.3347
v -0.556552 -2.33565 14.3244
v -0.556552 -2.32483 14.3063
v -0.51793 -1.97654 14.5065
v -0.533379 -1.9793 14.5154
v -0.533379 -1.98857 14.5309
v -0.51793 -1.99508 14.5374
v -0.502481 -1.99233 14.5286
v -0.502481 -1.98306 14.5131
v -0.744513 -3.32654 13.7109
v -0.769083 -3.33772 13.6978
v -0.769083 -3.36594 13.6875
v -0.744513 -3.38296 13.6904
v -0.719942 -3.37177 13.7035
v -0.719942 -3.34356 13.7138
v -0.876597 -3.45981 14.0677
v -0.89871 -3.46988 14.0559
v -0.89871 -3.49527 14.0466
v -0.876597 -3.51059 14.0492
v -0.854483 -3.50052 14.061
v -0.854483 -3.47513 14.0703
v -1.00868 -3.59308 14.4245
v -1.02834 -3.60203 14.414
v -1.02834 -3.6246 14.4058
v -1.00868 -3.63822 14.4081
v -0.989024 -3.62927 14.4186
v -0.989024 -3.6067 14.4268
v -1.14076 -3.72635 14.7813
v -1.15796 -3.73419 14.7721
v -1.15796 -3.75393 14.7649
v -1.14076 -3.76585 14.7669
v -1.12356 -3.75802 14.7761
v -1.12356 -3.73827 14.7833
v -1.27285 -3.85963 15.1381
v -1.28759 -3.86634 15.1302
v -1.28759 -3.88327 15.124
v -1.27285 -3.89348 15.1257
v -1.25811 -3.88677 15.1336
v -1.25811 -3.86984 15.1398
v -0.744513 -3.3265 13.6905
v -0.758984 -3.3333 13.7159
v -0.758984 -3.36155 13.7261
v -0.744513 -3.383 13.7108
v -0.730042 -3.3762 13.6854
v -0.730042 -3.34795 13.6752
v -0.409575 -3.25327 13.9025
v -0.422599 -3.25939 13.9254
v -0.422599 -3.28482 13.9345
v -0.409575 -3.30413 13.9208
v -0.396551 -3.29801 13.898
v -0.396551 -3.27258 13.8888
v -0.0746373 -3.18005 14.1145
v -0.086214 -3.18549 14.1349
v -0.086214 -3.20809 14.143
v -0.0746373 -3.22525 14.1308
v -0.0630606 -3.21981 14.1105
v -0.0630606 -3.19721 14.1024
v 0.2603 -3.10683 14.3266
v 0.250171 -3.11159 14.3444
v 0.250171 -3.13136 14.3515
v 0.2603 -3.14638 14.3408
v 0.27043 -3.14162 14.323
v 0.27043 -3.12184 14.3159
v 0.595238 -3.0336 14.5386
v 0.586556 -3.03768 14.5539
v 0.586556 -3.05463 14.56
v 0.595238 -3.0675 14.5508
v 0.603921 -3.06342 14.5356
v 0.603921 -3.04647 14.5295
v -1.18956 -3.84545 11.6102
v -1.23007 -3.84563 11.5836
v -1.23007 -3.86579 11.5396
v -1.18956 -3.88578 11.5221
v -1.14906 -3.8856 11.5486
v -1.14906 -3.86544 11.5927
v -1.33498 -4.33902 11.8309
v -1.37144 -4.33918 11.807
v -1.37144 -4.35733 11.7673
v -1.33498 -4.37532 11.7516
v -1.29852 -4.37516 11.7755
v -1.29852 -4.35701 11.8151
v -1.4804 -4.83259 12.0516
v -1.5128 -4.83274 12.0304
v -1.5128 -4.84887 11.9951
v -1.4804 -4.86486 11.9811
v -1.44799 -4.86472 12.0024
v -1.44799 -4.84859 12.0376
v -1.62581 -5.32617 12.2723
v -1.65417 -5.32629 12.2537
v -1.65417 -5.34041 12.2229
v -1.62581 -5.3544 12.2107
v -1.59746 -5.35428 12.2293
v -1.59746 -5.34016 12.2601
v -1.77123 -5.81974 12.493
v -1.79553 -5.81985 12.4771
v -1.79553 -5.83195 12.4507
v -1.77123 -5.84394 12.4402
v -1.74692 -5.84384 12.4561
v -1.74692 -5.83174 12.4826
v -1.77123 -5.80352 12.4766
v -1.79679 -5.8161 12.4671
v -1.79679 -5.84442 12.4571
v -1.77123 -5.86017 12.4567
v -1.74566 -5.84759 12.4661
v -1.74566 -5.81927 12.4761
v -1.84526 -5.93792 12.8494
v -1.86827 -5.94924 12.8408
v -1.86827 -5.97473 12.8319
v -1.84526 -5.98891 12.8314
v -1.82225 -5.97759 12.84
v -1.82225 -5.9521 12.8489
v -1.9193 -6.07233 13.2221
v -1.93975 -6.08239 13.2145
v -1.93975 -6.10505 13.2066
v -1.9193 -6.11765 13.2062
v -1.89884 -6.10758 13.2138
v -1.89884 -6.08492 13.2218
v -1.99333 -6.20673 13.5949
v -2.01122 -6.21553 13.5883
v -2.01122 -6.23536 13.5813
v -1.99333 -6.24638 13.581
v -1.97544 -6.23758 13.5876
v -1.97544 -6.21775 13.5946
v -2.06736 -6.34113 13.9677
v -2.0827 -6.34868 13.962
v -2.0827 -6.36567 13.956
v -2.06736 -6.37512 13.9557
v -2.05203 -6.36758 13.9614
v -2.05203 -6.35058 13.9674
v -1.77123 -5.84133 12.4951
v -1.7911 -5.82067 12.4862
v -1.7911 -5.81119 12.4577
v -1.77123 -5.82236 12.4381
v -1.75135 -5.84302 12.4471
v -1.75135 -5.8525 12.4756
v -2.03122 -6.13267 12.395
v -2.04911 -6.11408 12.3869
v -2.04911 -6.10555 12.3613
v -2.03122 -6.1156 12.3437
v -2.01334 -6.13419 12.3518
v -2.01334 -6.14273 12.3774
v -2.29122 -6.42402 12.2949
v -2.30712 -6.40749 12.2877
v -2.30712 -6.3999 12.2649
v -2.29122 -6.40884 12.2493
v -2.27532 -6.42537 12.2564
v -2.27532 -6.43295 12.2792
v -2.55121 -6.71536 12.1947
v -2.56513 -6.7009 12.1885
v -2.56513 -6.69426 12.1685
v -2.55121 -6.70208 12.1548
v -2.5373 -6.71654 12.1611
v -2.5373 -6.72318 12.1811
v -2.81121 -7.0067 12.0946
v -2.82313 -6.99431 12.0892
v -2.82313 -6.98862 12.0721
v -2.81121 -6.99533 12.0604
v -2.79929 -7.00772 12.0658
v -2.79929 -7.01341 12.0829
v -1.77123 -5.81743 12.493
v -1.7938 -5.83597 12.486
v -1.7938 -5.85038 12.4596
v -1.77123 -5.84625 12.4403
v -1.74866 -5.82772 12.4473
v -1.74866 -5.81331 12.4736
v -1.57105 -6.12584 12.6582
v -1.59137 -6.14253 12.652
v -1.59137 -6.1555 12.6283
v -1.57105 -6.15178 12.6108
v -1.55074 -6.1351 12.6171
v -1.55074 -6.12213 12.6408
v -1.37087 -6.43426 12.8235
v -1.38893 -6.44908 12.8179
v -1.38893 -6.46061 12.7969
v -1.37087 -6.45731 12.7814
v -1.35282 -6.44248 12.787
v -1.35282 -6.43096 12.808
v -1.1707 -6.74267 12.9888
v -1.1865 -6.75564 12.9839
v -1.1865 -6.76573 12.9655
v -1.1707 -6.76284 12.9519
v -1.1549 -6.74987 12.9568
v -1.1549 -6.73978 12.9752
v -0.970521 -7.05108 13.1541
v -0.984065 -7.0622 13.1499
v -0.984065 -7.07085 13.1341
v -0.970521 -7.06837 13.1225
v -0.956977 -7.05725 13.1267
v -0.956977 -7.0486 13.1425
v -1.18956 -3.82187 11.5869
v -1.20989 -3.85949 11.6096
v -1.20989 -3.90323 11.5889
v -1.18956 -3.90936 11.5453
v -1.16924 -3.87174 11.5226
v -1.16924 -3.828 11.5434
v -0.699814 -3.94266 11.8299
v -0.718107 -3.97652 11.8503
v -0.718107 -4.01589 11.8316
v -0.699814 -4.02141 11.7925
v -0.681521 -3.98755 11.772
v -0.681521 -3.94818 11.7907
v -0.210064 -4.06345 12.0728
v -0.226324 -4.09355 12.091
v -0.226324 -4.12855 12.0744
v -0.210064 -4.13345 12.0396
v -0.193804 -4.10336 12.0214
v -0.193804 -4.06836 12.038
v 0.279686 -4.18425 12.3158
v 0.265458 -4.21058 12.3317
v 0.265458 -4.24121 12.3172
v 0.279686 -4.2455 12.2867
v 0.293913 -4.21916 12.2708
v 0.293913 -4.18854 12.2853
v 0.769435 -4.30504 12.5588
v 0.75724 -4.32761 12.5724
v 0.75724 -4.35386 12.56
v 0.769435 -4.35754 12.5338
v 0.781631 -4.33497 12.5202
v 0.781631 -4.30872 12.5327
v 0.769435 -4.30787 12.5275
v 0.749001 -4.30951 12.5495
v 0.749001 -4.33294 12.5682
v 0.769435 -4.35472 12.5651
v 0.78987 -4.35307 12.5432
v 0.78987 -4.32964 12.5244
v 1.01878 -4.11202 12.7765
v 1.00038 -4.1135 12.7962
v 1.00038 -4.13458 12.8131
v 1.01878 -4.15418 12.8103
v 1.03717 -4.1527 12.7905
v 1.03717 -4.13162 12.7736
v 1.26812 -3.91617 13.0254
v 1.25177 -3.91749 13.043
v 1.25177 -3.93623 13.058
v 1.26812 -3.95365 13.0555
v 1.28446 -3.95233 13.0379
v 1.28446 -3.93359 13.0229
v 1.51746 -3.72032 13.2744
v 1.50315 -3.72148 13.2897
v 1.50315 -3.73787 13.3029
v 1.51746 -3.75312 13.3007
v 1.53176 -3.75196 13.2853
v 1.53176 -3.73557 13.2722
v 1.76679 -3.52447 13.5233
v 1.75453 -3.52546 13.5365
v 1.75453 -3.53952 13.5478
v 1.76679 -3.55258 13.5459
v 1.77906 -3.5516 13.5327
v 1.77906 -3.53754 13.5214
v 0.769435 -4.31621 12.5723
v 0.745456 -4.33245 12.5643
v 0.745456 -4.34754 12.5384
v 0.769435 -4.34638 12.5203
v 0.793415 -4.33013 12.5283
v 0.793415 -4.31505 12.5542
v 0.925462 -4.63909 12.7564
v 0.90388 -4.65371 12.7493
v 0.90388 -4.66729 12.7259
v 0.925462 -4.66625 12.7097
v 0.947043 -4.65163 12.7168
v 0.947043 -4.63805 12.7402
v 1.08149 -4.96198 12.9405
v 1.0623 -4.97498 12.9342
v 1.0623 -4.98704 12.9134
v 1.08149 -4.98612 12.899
v 1.10067 -4.97312 12.9053
v 1.10067 -4.96105 12.9261
v 1.23751 -5.28487 13.1247
v 1.22073 -5.29624 13.1191
v 1.22073 -5.3068 13.1009
v 1.23751 -5.30599 13.0883
v 1.2543 -5.29461 13.0939
v 1.2543 -5.28405 13.112
v 1.39354 -5.60775 13.3088
v 1.37915 -5.6175 13.304
v 1.37915 -5.62655 13.2885
v 1.39354 -5.62586 13.2776
v 1.40793 -5.61611 13.2824
v 1.40793 -5.60706 13.298
v 0.776162 -4.33129 12.5756
v 0.777185 -4.35691 12.5599
v 0.770458 -4.35691 12.5307
v 0.762708 -4.33129 12.517
v 0.761686 -4.30568 12.5327
v 0.768413 -4.30568 12.5619
v 1.16243 -4.26153 12.4837
v 1.16335 -4.28459 12.4696
v 1.15729 -4.28459 12.4433
v 1.15032 -4.26153 12.431
v 1.1494 -4.23848 12.4451
v 1.15545 -4.23848 12.4714
v 1.54869 -4.19178 12.3918
v 1.54951 -4.21227 12.3793
v 1.54413 -4.21227 12.3559
v 1.53793 -4.19178 12.345
v 1.53711 -4.17128 12.3575
v 1.54249 -4.17128 12.3809
v 1.93495 -4.12202 12.3
v 1.93567 -4.13995 12.289
v 1.93096 -4.13995 12.2685
v 1.92553 -4.12202 12.259
v 1.92482 -4.10409 12.2699
v 1.92953 -4.10409 12.2904
v 2.32122 -4.05226 12.2081
v 2.32183 -4.06763 12.1987
v 2.31779 -4.06763 12.1812
v 2.31314 -4.05226 12.173
v 2.31253 -4.03689 12.1824
v 2.31657 -4.03689 12.1999
v 0 0.125524 5.98906
v -0.0774514 0.069436 6.0711
v -0.0774514 -0.0560881 6.08205
v -1.09524e-17 -0.125524 6.01094
v 0.0774514 -0.069436 5.9289
v 0.0774514 0.0560881 5.91795
v 0.760769 0.17953 6.75383
v 0.691063 0.129051 6.82767
v 0.691063 0.0160794 6.83752
v 0.760769 -0.046413 6.77352
v 0.830476 0.00406626 6.69968
v 0.830476 0.117038 6.68983
v 1.52154 0.233537 7.5186
v 1.45958 0.188666 7.58423
v 1.45958 0.0882469 7.59299
v 1.52154 0.0326981 7.5361
v 1.5835 0.0775686 7.47047
v 1.5835 0.177988 7.46171
v 2.28231 0.287543 8.28337
v 2.22809 0.248281 8.3408
v 2.22809 0.160414 8.34846
v 2.28231 0.111809 8.29868
v 2.33652 0.151071 8.24125
v 2.33652 0.238938 8.23359
v 3.04308 0.341549 9.04814
v 2.99661 0.307896 9.09736
v 2.99661 0.232582 9.10393
v 3.04308 0.19092 9.06127
v 3.08955 0.224573 9.01204
v 3.08955 0.299888 9.00547
v 3.04308 0.305749 8.98731
v 2.98441 0.315061 9.03805
v 2.98441 0.275547 9.10544
v 3.04308 0.22672 9.12209
v 3.10174 0.217408 9.07135
v 3.10174 0.256922 9.00396
v 3.4304 0.883454 9.33511
v 3.3776 0.891835 9.38078
v 3.3776 0.856272 9.44143
v 3.4304 0.812328 9.45641
v 3.4832 0.803947 9.41074
v 3.4832 0.83951 9.35009
v 3.81772 1.46116 9.68291
v 3.77079 1.46861 9.7235
v 3.77079 1.437 9.77741
v 3.81772 1.39793 9.79073
v 3.86465 1.39049 9.75014
v 3.86465 1.4221 9.69623
v 4.20504 2.03886 10.0307
v 4.16397 2.04538 10.0662
v 4.16397 2.01772 10.1134
v 4.20504 1.98354 10.1251
v 4.2461 1.97702 10.0895
v 4.2461 2.00468 10.0424
v 4.59236 2.61657 10.3785
v 4.55716 2.62215 10.4089
v 4.55716 2.59845 10.4494
v 4.59236 2.56915 10.4594
v 4.62756 2.56356 10.4289
v 4.62756 2.58727 10.3885
v 4.59236 2.57734 10.3731
v 4.5531 2.59909 10.3913
v 4.5531 2.61461 10.4371
v 4.59236 2.60838 10.4648
v 4.63162 2.58662 10.4466
v 4.63162 2.5711 10.4007
v 4.78955 3.07527 10.2098
v 4.75422 3.09485 10.2262
v 4.75422 3.10881 10.2675
v 4.78955 3.1032 10.2924
v 4.82488 3.08362 10.276
v 4.82488 3.06966 10.2347
v 4.98674 3.5732 10.0465
v 4.95534 3.5906 10.0611
v 4.95534 3.60302 10.0978
v 4.98674 3.59803 10.1199
v 5.01815 3.58063 10.1053
v 5.01815 3.56821 10.0686
v 5.18393 4.07113 9.8832
v 5.15645 4.08636 9.89595
v 5.15645 4.09722 9.92807
v 5.18393 4.09285 9.94744
v 5.21141 4.07763 9.93469
v 5.21141 4.06677 9.90258
v 5.38112 4.56906 9.71992
v 5.35757 4.58211 9.73085
v 5.35757 4.59142 9.75837
v 5.38112 4.58768 9.77498
v 5.40468 4.57463 9.76405
v 5.40468 4.56532 9.73653
v 5.38112 4.55103 9.73504
v 5.35594 4.56738 9.73535
v 5.35594 4.59472 9.74776
v 5.38112 4.60571 9.75986
v 5.40631 4.58937 9.75955
v 5.40631 4.56202 9.74714
v 5.48152 4.71516 9.38079
v 5.45885 4.72987 9.38107
v 5.45885 4.75448 9.39225
v 5.48152 4.76438 9.40314
v 5.50419 4.74966 9.40286
v 5.50419 4.72505 9.39169
v 5.58191 4.87929 9.02655
v 5.56176 4.89237 9.0268
v 5.56176 4.91424 9.03673
v 5.58191 4.92304 9.04642
v 5.60206 4.90996 9.04617
v 5.60206 4.88809 9.03624
v 5.68231 5.04342 8.67231
v 5.66467 5.05487 8.67253
v 5.66467 5.07401 8.68122
v 5.68231 5.0817 8.68969
v 5.69994 5.07026 8.68947
v 5.69994 5.05112 8.68078
v 5.7827 5.20755 8.31807
v 5.76759 5.21736 8.31826
v 5.76759 5.23377 8.3257
v 5.7827 5.24036 8.33297
v 5.79781 5.23055 8.33278
v 5.79781 5.21415 8.32533
v 5.38112 4.58535 9.71824
v 5.35563 4.57685 9.73165
v 5.35563 4.56987 9.76086
v 5.38112 4.57139 9.77666
v 5.40662 4.57989 9.76325
v 5.40662 4.58687 9.73404
v 5.30129 4.96895 9.81305
v 5.27835 4.9613 9.82511
v 5.27835 4.95501 9.8514
v 5.30129 4.95638 9.86562
v 5.32423 4.96403 9.85355
v 5.32423 4.97031 9.82727
v 5.22145 5.35254 9.90785
v 5.20106 5.34574 9.91857
v 5.20106 5.34015 9.94194
v 5.22145 5.34137 9.95458
v 5.24184 5.34817 9.94385
v 5.24184 5.35375 9.92049
v 5.14161 5.73613 10.0027
v 5.12377 5.73018 10.012
v 5.12377 5.72529 10.0325
v 5.14161 5.72636 10.0435
v 5.15946 5.73231 10.0342
v 5.15946 5.73719 10.0137
v 5.06178 6.11973 10.0975
v 5.04648 6.11462 10.1055
v 5.04648 6.11043 10.123
v 5.06178 6.11135 10.1325
v 5.07707 6.11645 10.1245
v 5.07707 6.12064 10.1069
v 5.3873 4.57837 9.77684
v 5.39368 4.55423 9.76015
v 5.38751 4.55423 9.73077
v 5.37495 4.57837 9.71806
v 5.36857 4.60251 9.73475
v 5.37474 4.60251 9.76413
v 5.75284 4.72839 9.69694
v 5.75858 4.70666 9.68192
v 5.75302 4.70666 9.65547
v 5.74172 4.72839 9.64404
v 5.73597 4.75011 9.65906
v 5.74153 4.75011 9.68551
v 6.11837 4.8784 9.61704
v 6.12348 4.85909 9.60369
v 6.11854 4.85909 9.58018
v 6.10849 4.8784 9.57002
v 6.10338 4.89771 9.58337
v 6.10833 4.89771 9.60688
v 6.48391 5.02842 9.53714
v 6.48838 5.01152 9.52546
v 6.48405 5.01152 9.50489
v 6.47526 5.02842 9.496
v 6.47079 5.04531 9.50768
v 6.47512 5.04531 9.52825
v 6.84945 5.17843 9.45724
v 6.85328 5.16395 9.44723
v 6.84957 5.16395 9.4296
v 6.84203 5.17843 9.42198
v 6.8382 5.19292 9.43199
v 6.84191 5.19292 9.44962
v 4.59236 2.63557 10.3961
v 4.55049 2.61299 10.4052
v 4.55049 2.57027 10.4281
v 4.59236 2.55014 10.4418
v 4.63422 2.57273 10.4326
v 4.63422 2.61544 10.4098
v 4.55763 2.89472 10.8912
v 4.51995 2.87439 10.8994
v 4.51995 2.83595 10.92
v 4.55763 2.81783 10.9323
v 4.59531 2.83815 10.9241
v 4.59531 2.8766 10.9035
v 4.5229 3.15386 11.3863
v 4.48941 3.13579 11.3936
v 4.48941 3.10162 11.4119
v 4.5229 3.08551 11.4228
v 4.5564 3.10358 11.4155
v 4.5564 3.13775 11.3973
v 4.48818 3.413 11.8814
v 4.45887 3.39719 11.8878
v 4.45887 3.36729 11.9038
v 4.48818 3.3532 11.9134
v 4.51748 3.36901 11.907
v 4.51748 3.39891 11.891
v 4.45345 3.67215 12.3765
v 4.42833 3.65859 12.382
v 4.42833 3.63297 12.3957
v 4.45345 3.62089 12.4039
v 4.47857 3.63444 12.3984
v 4.47857 3.66007 12.3847
v 4.45345 3.65521 12.3614
v 4.42747 3.64977 12.3755
v 4.42747 3.64108 12.4042
v 4.45345 3.63783 12.4189
v 4.47943 3.64326 12.4049
v 4.47943 3.65195 12.3761
v 4.43577 4.03983 12.4808
v 4.41238 4.03494 12.4935
v 4.41238 4.02711 12.5194
v 4.43577 4.02419 12.5326
v 4.45915 4.02908 12.5199
v 4.45915 4.0369 12.4941
v 4.41809 4.42445 12.6003
v 4.3973 4.4201 12.6115
v 4.3973 4.41315 12.6345
v 4.41809 4.41055 12.6462
v 4.43887 4.4149 12.635
v 4.43887 4.42185 12.612
v 4.40041 4.80907 12.7197
v 4.38222 4.80527 12.7295
v 4.38222 4.79919 12.7496
v 4.40041 4.79691 12.7599
v 4.41859 4.80071 12.7501
v 4.41859 4.8068 12.7299
v 4.38273 5.1937 12.8391
v 4.36714 5.19043 12.8475
v 4.36714 5.18522 12.8647
v 4.38273 5.18327 12.8736
v 4.39831 5.18653 12.8651
v 4.39831 5.19174 12.8479
v 4.45345 3.67613 12.3951
v 4.43124 3.66356 12.3793
v 4.43124 3.63394 12.3743
v 4.45345 3.6169 12.3852
v 4.47565 3.62947 12.4011
v 4.47565 3.65909 12.406
v 4.24357 3.61631 12.7341
v 4.22358 3.605 12.7198
v 4.22358 3.57834 12.7154
v 4.24357 3.563 12.7251
v 4.26355 3.57431 12.7394
v 4.26355 3.60097 12.7439
v 4.03369 3.55649 13.073
v 4.01592 3.54643 13.0603
v 4.01592 3.52274 13.0564
v 4.03369 3.5091 13.0651
v 4.05145 3.51916 13.0777
v 4.05145 3.54285 13.0817
v 3.82381 3.49667 13.4119
v 3.80826 3.48787 13.4009
v 3.80826 3.46713 13.3974
v 3.82381 3.4552 13.405
v 3.83935 3.464 13.4161
v 3.83935 3.48473 13.4196
v 3.61393 3.43684 13.7509
v 3.60061 3.4293 13.7414
v 3.60061 3.41153 13.7384
v 3.61393 3.4013 13.7449
v 3.62725 3.40885 13.7544
v 3.62725 3.42662 13.7574
v 4.45345 3.67175 12.3739
v 4.43389 3.66843 12.3964
v 4.43389 3.64319 12.4127
v 4.45345 3.62128 12.4065
v 4.473 3.62461 12.3839
v 4.473 3.64984 12.3676
v 4.71918 3.83355 12.6303
v 4.70158 3.83056 12.6505
v 4.70158 3.80785 12.6652
v 4.71918 3.78813 12.6596
v 4.73678 3.79112 12.6393
v 4.73678 3.81383 12.6246
v 4.9849 3.99535 12.8866
v 4.96926 3.99269 12.9046
v 4.96926 3.9725 12.9177
v 4.9849 3.95497 12.9126
v 5.00055 3.95763 12.8946
v 5.00055 3.97782 12.8816
v 5.25063 4.15714 13.143
v 5.23694 4.15482 13.1587
v 5.23694 4.13715 13.1701
v 5.25063 4.12182 13.1657
v 5.26432 4.12414 13.15
v 5.26432 4.14181 13.1386
v 5.51636 4.31894 13.3993
v 5.50463 4.31695 13.4128
v 5.50463 4.30181 13.4226
v 5.51636 4.28866 13.4188
v 5.52809 4.29065 13.4053
v 5.52809 4.30579 13.3955
v 4.58837 2.59286 10.4672
v 4.60113 2.55233 10.444
v 4.60511 2.55233 10.3957
v 4.59634 2.59286 10.3707
v 4.58359 2.63339 10.3939
v 4.57961 2.63339 10.4422
v 5.12794 2.73698 10.5069
v 5.13942 2.70051 10.486
v 5.14301 2.70051 10.4425
v 5.13511 2.73698 10.42
v 5.12364 2.77346 10.4409
v 5.12005 2.77346 10.4844
v 5.66751 2.88111 10.5466
v 5.67771 2.84868 10.528
v 5.6809 2.84868 10.4894
v 5.67389 2.88111 10.4693
v 5.66368 2.91353 10.4879
v 5.66049 2.91353 10.5266
v 6.20708 3.02523 10.5863
v 6.216 2.99686 10.57
v 6.21879 2.99686 10.5362
v 6.21266 3.02523 10.5187
v 6.20373 3.05361 10.535
v 6.20094 3.05361 10.5687
v 6.74664 3.16936 10.6259
v 6.7543 3.14504 10.612
v 6.75669 3.14504 10.583
v 6.75143 3.16936 10.568
v 6.74377 3.19368 10.582
v 6.74138 3.19368 10.6109
v 6.74904 3.19857 10.59
v 6.72869 3.18773 10.6092
v 6.72869 3.15853 10.6162
v 6.74904 3.14015 10.604
v 6.76938 3.15099 10.5847
v 6.76938 3.18019 10.5777
v 7.00008 3.26902 10.8974
v 6.98177 3.25927 10.9147
v 6.98177 3.23299 10.921
v 7.00008 3.21645 10.91
v 7.0184 3.2262 10.8927
v 7.0184 3.25249 10.8864
v 7.25113 3.33948 11.2049
v 7.23485 3.33081 11.2203
v 7.23485 3.30745 11.2258
v 7.25113 3.29275 11.216
v 7.26741 3.30142 11.2006
v 7.26741 3.32478 11.1951
v 7.50218 3.40993 11.5123
v 7.48794 3.40235 11.5258
v 7.48794 3.38191 11.5307
v 7.50218 3.36905 11.5221
v 7.51642 3.37663 11.5086
v 7.51642 3.39707 11.5037
v 7.75323 3.48039 11.8197
v 7.74102 3.47389 11.8313
v 7.74102 3.45637 11.8355
v 7.75323 3.44534 11.8281
v 7.76544 3.45184 11.8166
v 7.76544 3.46937 11.8124
v 6.74904 3.1438 10.6127
v 6.73519 3.14502 10.5861
v 6.73519 3.17058 10.5704
v 6.74904 3.19492 10.5812
v 6.76288 3.1937 10.6078
v 6.76288 3.16814 10.6236
v 7.09023 3.03365 10.4285
v 7.07777 3.03475 10.4045
v 7.07777 3.05776 10.3903
v 7.09023 3.07966 10.4001
v 7.10269 3.07856 10.424
v 7.10269 3.05556 10.4382
v 7.43143 2.92351 10.2442
v 7.42035 2.92448 10.2229
v 7.42035 2.94493 10.2103
v 7.43143 2.9644 10.219
v 7.4425 2.96342 10.2403
v 7.4425 2.94297 10.2529
v 7.77262 2.81336 10.0599
v 7.76293 2.81421 10.0413
v 7.76293 2.8321 10.0302
v 7.77262 2.84914 10.0378
v 7.78231 2.84828 10.0565
v 7.78231 2.83039 10.0675
v 8.11382 2.70321 9.87563
v 8.10551 2.70394 9.85966
v 8.10551 2.71928 9.8502
v 8.11382 2.73388 9.85672
v 8.12212 2.73315 9.87269
v 8.12212 2.71781 9.88215
v 6.74904 3.17291 10.5672
v 6.72644 3.18392 10.5836
v 6.72644 3.18037 10.6134
v 6.74904 3.16581 10.6268
v 6.77163 3.1548 10.6104
v 6.77163 3.15835 10.5805
v 6.94864 3.52032 10.6115
v 6.92831 3.53023 10.6263
v 6.92831 3.52703 10.6532
v 6.94864 3.51393 10.6652
v 6.96898 3.50402 10.6504
v 6.96898 3.50721 10.6236
v 7.14825 3.86773 10.6559
v 7.13017 3.87653 10.6691
v 7.13017 3.87369 10.6929
v 7.14825 3.86204 10.7036
v 7.16632 3.85324 10.6905
v 7.16632 3.85608 10.6666
v 7.34785 4.21513 10.7003
v 7.33204 4.22284 10.7118
v 7.33204 4.22036 10.7327
v 7.34785 4.21016 10.7421
v 7.36367 4.20245 10.7306
v 7.36367 4.20494 10.7097
v 7.54746 4.56254 10.7447
v 7.5339 4.56915 10.7546
v 7.5339 4.56702 10.7725
v 7.54746 4.55828 10.7805
v 7.56102 4.55167 10.7706
v 7.56102 4.5538 10.7527
v 3.04308 0.335906 9.09004
v 2.97628 0.296204 9.08196
v 2.97628 0.226533 9.04663
v 3.04308 0.196563 9.01937
v 3.10987 0.236265 9.02744
v 3.10987 0.305937 9.06277
v 3.16673 -0.018313 9.77118
v 3.10662 -0.0540448 9.76392
v 3.10662 -0.116749 9.73212
v 3.16673 -0.143722 9.70758
v 3.22685 -0.10799 9.71485
v 3.22685 -0.0452855 9.74665
v 3.29039 -0.372532 10.4523
v 3.23695 -0.404294 10.4459
v 3.23695 -0.460031 10.4176
v 3.29039 -0.484007 10.3958
v 3.34382 -0.452245 10.4023
v 3.34382 -0.396508 10.4305
v 3.41404 -0.726752 11.1335
v 3.36729 -0.754543 11.1278
v 3.36729 -0.803313 11.1031
v 3.41404 -0.824292 11.084
v 3.4608 -0.7965 11.0897
v 3.4608 -0.74773 11.1144
v 3.5377 -1.08097 11.8146
v 3.49762 -1.10479 11.8098
v 3.49762 -1.1466 11.7886
v 3.5377 -1.16458 11.7722
v 3.57777 -1.14076 11.7771
v 3.57777 -1.09895 11.7983
v 3.5377 -1.07684 11.7781
v 3.49602 -1.09831 11.7902
v 3.49602 -1.14425 11.8056
v 3.5377 -1.16871 11.8088
v 3.57938 -1.14724 11.7966
v 3.57938 -1.1013 11.7813
v 3.60065 -0.905146 12.3073
v 3.56314 -0.924473 12.3182
v 3.56314 -0.965818 12.332
v 3.60065 -0.987835 12.3349
v 3.63816 -0.968508 12.324
v 3.63816 -0.927163 12.3101
v 3.66361 -0.733457 12.8365
v 3.63026 -0.750636 12.8462
v 3.63026 -0.787387 12.8584
v 3.66361 -0.806958 12.861
v 3.69695 -0.789778 12.8513
v 3.69695 -0.753028 12.839
v 3.72656 -0.561767 13.3656
v 3.69739 -0.576799 13.3741
v 3.69739 -0.608956 13.3849
v 3.72656 -0.626081 13.3871
v 3.75574 -0.611049 13.3786
v 3.75574 -0.578892 13.3679
v 3.78952 -0.390078 13.8948
v 3.76451 -0.402963 13.9021
v 3.76451 -0.430526 13.9113
v 3.78952 -0.445204 13.9132
v 3.81453 -0.432319 13.906
v 3.81453 -0.404756 13.8967
v 3.78952 -0.404315 13.8771
v 3.76359 -0.409125 13.8915
v 3.76359 -0.422451 13.9184
v 3.78952 -0.430967 13.9309
v 3.81544 -0.426157 13.9166
v 3.81544 -0.412831 13.8897
v 3.82157 -0.0455474 14.0581
v 3.79824 -0.0498762 14.0711
v 3.79824 -0.0618694 14.0953
v 3.82157 -0.0695337 14.1066
v 3.8449 -0.0652048 14.0936
v 3.8449 -0.0532117 14.0694
v 3.85362 0.31322 14.2391
v 3.83288 0.309373 14.2506
v 3.83288 0.298712 14.2722
v 3.85362 0.291899 14.2822
v 3.87436 0.295747 14.2707
v 3.87436 0.306408 14.2492
v 3.88567 0.671988 14.4201
v 3.86753 0.668621 14.4302
v 3.86753 0.659293 14.449
v 3.88567 0.653332 14.4578
v 3.90382 0.656699 14.4478
v 3.90382 0.666027 14.4289
v 3.91772 1.03076 14.6011
v 3.90217 1.02787 14.6098
v 3.90217 1.01987 14.6259
v 3.91772 1.01477 14.6334
v 3.93328 1.01765 14.6248
v 3.93328 1.02565 14.6087
v 3.78952 -0.38879 13.9124
v 3.76563 -0.400365 13.8983
v 3.76563 -0.429216 13.89
v 3.78952 -0.446492 13.8957
v 3.81341 -0.434917 13.9097
v 3.81341 -0.406066 13.9181
v 3.63022 -0.494389 14.2673
v 3.60872 -0.504806 14.2547
v 3.60872 -0.530772 14.2472
v 3.63022 -0.546321 14.2523
v 3.65172 -0.535903 14.2649
v 3.65172 -0.509937 14.2724
v 3.47092 -0.599988 14.6222
v 3.45181 -0.609248 14.611
v 3.45181 -0.632328 14.6043
v 3.47092 -0.646149 14.6089
v 3.49003 -0.63689 14.6201
v 3.49003 -0.613809 14.6268
v 3.31163 -0.705587 14.9772
v 3.2949 -0.713689 14.9673
v 3.2949 -0.733885 14.9615
v 3.31163 -0.745978 14.9655
v 3.32835 -0.737876 14.9753
v 3.32835 -0.71768 14.9812
v 3.15233 -0.811186 15.3321
v 3.13799 -0.818131 15.3237
v 3.13799 -0.835441 15.3187
v 3.15233 -0.845807 15.3221
v 3.16666 -0.838862 15.3305
v 3.16666 -0.821551 15.3355
v 3.78952 -0.390233 13.8918
v 3.77323 -0.395654 13.9164
v 3.77323 -0.423061 13.9287
v 3.78952 -0.445048 13.9163
v 3.80581 -0.439628 13.8917
v 3.80581 -0.412221 13.8794
v 4.10372 -0.28978 14.1235
v 4.08906 -0.294658 14.1456
v 4.08906 -0.319325 14.1567
v 4.10372 -0.339114 14.1456
v 4.11839 -0.334236 14.1234
v 4.11839 -0.309569 14.1123
v 4.41793 -0.189327 14.3552
v 4.4049 -0.193663 14.3749
v 4.4049 -0.215589 14.3847
v 4.41793 -0.233179 14.3748
v 4.43096 -0.228843 14.3551
v 4.43096 -0.206917 14.3453
v 4.73214 -0.088874 14.5869
v 4.72073 -0.0926682 14.6041
v 4.72073 -0.111853 14.6127
v 4.73214 -0.127245 14.6041
v 4.74354 -0.12345 14.5868
v 4.74354 -0.104265 14.5782
v 5.04634 0.0115791 14.8186
v 5.03657 0.00832697 14.8334
v 5.03657 -0.00811759 14.8407
v 5.04634 -0.02131 14.8333
v 5.05612 -0.0180578 14.8185
v 5.05612 -0.00161323 14.8112
v 3.5377 -1.09918 11.8357
v 3.49855 -1.09782 11.8072
v 3.49855 -1.12141 11.7649
v 3.5377 -1.14636 11.7511
v 3.57684 -1.14773 11.7796
v 3.57684 -1.12414 11.8219
v 3.3366 -1.55789 12.086
v 3.30137 -1.55666 12.0603
v 3.30137 -1.57789 12.0223
v 3.3366 -1.60035 12.0098
v 3.37183 -1.60158 12.0355
v 3.37183 -1.58035 12.0736
v 3.1355 -2.01659 12.3362
v 3.10418 -2.0155 12.3135
v 3.10418 -2.03437 12.2796
v 3.1355 -2.05433 12.2686
v 3.16681 -2.05543 12.2914
v 3.16681 -2.03655 12.3252
v 2.9344 -2.47529 12.5865
v 2.90699 -2.47434 12.5666
v 2.90699 -2.49085 12.5369
v 2.9344 -2.50832 12.5273
v 2.9618 -2.50927 12.5472
v 2.9618 -2.49276 12.5768
v 2.7333 -2.934 12.8368
v 2.70981 -2.93318 12.8197
v 2.70981 -2.94733 12.7943
v 2.7333 -2.96231 12.786
v 2.75678 -2.96312 12.8031
v 2.75678 -2.94897 12.8285
v 2.7333 -2.919 12.8186
v 2.70814 -2.93199 12.8086
v 2.70814 -2.96114 12.8014
v 2.7333 -2.9773 12.8042
v 2.75845 -2.96431 12.8142
v 2.75845 -2.93516 12.8214
v 2.63091 -3.01542 13.1964
v 2.60827 -3.02711 13.1874
v 2.60827 -3.05335 13.1809
v 2.63091 -3.06789 13.1834
v 2.65355 -3.0562 13.1924
v 2.65355 -3.02996 13.1989
v 2.52853 -3.11183 13.5742
v 2.50841 -3.12223 13.5662
v 2.50841 -3.14555 13.5604
v 2.52853 -3.15848 13.5626
v 2.54865 -3.14809 13.5707
v 2.54865 -3.12476 13.5764
v 2.42615 -3.20825 13.952
v 2.40854 -3.21735 13.9449
v 2.40854 -3.23775 13.9399
v 2.42615 -3.24907 13.9419
v 2.44375 -3.23997 13.9489
v 2.44375 -3.21956 13.9539
v 2.32376 -3.30467 14.3297
v 2.30867 -3.31247 14.3237
v 2.30867 -3.32996 14.3194
v 2.32376 -3.33965 14.3211
v 2.33885 -3.33186 14.3271
v 2.33885 -3.31437 14.3314
v 2.7333 -2.95729 12.84
v 2.71472 -2.93539 12.8312
v 2.71472 -2.92624 12.8026
v 2.7333 -2.93901 12.7828
v 2.75187 -2.96092 12.7915
v 2.75187 -2.97006 12.8201
v 2.45119 -3.23066 12.7495
v 2.43447 -3.21094 12.7416
v 2.43447 -3.20271 12.7158
v 2.45119 -3.2142 12.698
v 2.46791 -3.23392 12.7059
v 2.46791 -3.24215 12.7316
v 2.16909 -3.50402 12.6589
v 2.15423 -3.4865 12.6519
v 2.15423 -3.47918 12.629
v 2.16909 -3.48939 12.6132
v 2.18395 -3.50692 12.6202
v 2.18395 -3.51423 12.6431
v 1.88699 -3.77739 12.5684
v 1.87398 -3.76205 12.5623
v 1.87398 -3.75565 12.5422
v 1.88699 -3.76459 12.5284
v 1.89999 -3.77992 12.5345
v 1.89999 -3.78632 12.5545
v 1.60488 -4.05075 12.4779
v 1.59374 -4.03761 12.4726
v 1.59374 -4.03212 12.4555
v 1.60488 -4.03978 12.4436
v 1.61603 -4.05292 12.4488
v 1.61603 -4.05841 12.466
v 2.7333 -2.93179 12.8366
v 2.7095 -2.94877 12.8297
v 2.7095 -2.96513 12.8045
v 2.7333 -2.96451 12.7862
v 2.75709 -2.94753 12.7931
v 2.75709 -2.93117 12.8183
v 2.89592 -3.24274 13.035
v 2.8745 -3.25802 13.0288
v 2.8745 -3.27274 13.0061
v 2.89592 -3.27219 12.9897
v 2.91733 -3.25691 12.9958
v 2.91733 -3.24218 13.0185
v 3.05854 -3.55369 13.2334
v 3.0395 -3.56727 13.2279
v 3.0395 -3.58036 13.2078
v 3.05854 -3.57986 13.1931
v 3.07758 -3.56628 13.1986
v 3.07758 -3.55319 13.2188
v 3.22116 -3.86463 13.4318
v 3.2045 -3.87652 13.427
v 3.2045 -3.88797 13.4094
v 3.22116 -3.88754 13.3966
v 3.23782 -3.87565 13.4014
v 3.23782 -3.8642 13.419
v 3.38378 -4.17558 13.6302
v 3.36951 -4.18577 13.6261
v 3.36951 -4.19558 13.611
v 3.38378 -4.19521 13.6
v 3.39806 -4.18503 13.6042
v 3.39806 -4.17521 13.6193
v 3.5377 -1.07752 11.8107
v 3.51298 -1.11223 11.8337
v 3.51298 -1.15748 11.8164
v 3.5377 -1.16802 11.7762
v 3.56242 -1.13332 11.7531
v 3.56242 -1.08806 11.7704
v 3.99002 -1.1997 12.1172
v 3.96777 -1.23094 12.1379
v 3.96777 -1.27166 12.1224
v 3.99002 -1.28115 12.0861
v 4.01227 -1.24991 12.0654
v 4.01227 -1.20919 12.081
v 4.44234 -1.32188 12.4238
v 4.42256 -1.34964 12.4422
v 4.42256 -1.38584 12.4284
v 4.44234 -1.39428 12.3961
v 4.46211 -1.36651 12.3777
v 4.46211 -1.33031 12.3915
v 4.89466 -1.44405 12.7303
v 4.87735 -1.46835 12.7464
v 4.87735 -1.50002 12.7343
v 4.89466 -1.5074 12.7061
v 4.91196 -1.48311 12.69
v 4.91196 -1.45143 12.7021
v 5.34698 -1.56623 13.0368
v 5.33214 -1.58706 13.0506
v 5.33214 -1.61421 13.0403
v 5.34698 -1.62053 13.0161
v 5.36181 -1.59971 13.0023
v 5.36181 -1.57255 13.0126
v 5.34698 -1.56991 13.0077
v 5.32563 -1.57238 13.0287
v 5.32563 -1.59585 13.0474
v 5.34698 -1.61685 13.0452
v 5.36832 -1.61438 13.0242
v 5.36832 -1.59091 13.0055
v 5.57726 -1.36585 13.2682
v 5.55805 -1.36807 13.287
v 5.55805 -1.3892 13.3039
v 5.57726 -1.4081 13.3019
v 5.59647 -1.40588 13.283
v 5.59647 -1.38476 13.2661
v 5.80754 -1.1618 13.5286
v 5.79047 -1.16377 13.5454
v 5.79047 -1.18254 13.5604
v 5.80754 -1.19935 13.5586
v 5.82462 -1.19737 13.5418
v 5.82462 -1.1786 13.5268
v 6.03783 -0.957738 13.7891
v 6.02288 -0.959464 13.8038
v 6.02288 -0.975893 13.8169
v 6.03783 -0.990595 13.8153
v 6.05277 -0.988868 13.8006
v 6.05277 -0.97244 13.7875
v 6.26811 -0.75368 14.0495
v 6.2553 -0.75516 14.0621
v 6.2553 -0.769241 14.0733
v 6.26811 -0.781843 14.072
v 6.28092 -0.780363 14.0594
v 6.28092 -0.766282 14.0482
v 5.34698 -1.57568 13.0507
v 5.32208 -1.59062 13.043
v 5.32208 -1.60832 13.0188
v 5.34698 -1.61108 13.0022
v 5.37187 -1.59614 13.0099
v 5.37187 -1.57844 13.0341
v 5.46377 -1.88917 13.2756
v 5.44137 -1.90261 13.2687
v 5.44137 -1.91854 13.2469
v 5.46377 -1.92102 13.232
v 5.48617 -1.90758 13.2389
v 5.48617 -1.89165 13.2607
v 5.58057 -2.20265 13.5006
v 5.56066 -2.2146 13.4944
v 5.56066 -2.22876 13.475
v 5.58057 -2.23096 13.4617
v 5.60048 -2.21901 13.4679
v 5.60048 -2.20486 13.4873
v 5.69737 -2.51613 13.7255
v 5.67994 -2.52659 13.7201
v 5.67994 -2.53898 13.7031
v 5.69737 -2.54091 13.6915
v 5.71479 -2.53045 13.6969
v 5.71479 -2.51807 13.7139
v 5.81416 -2.82962 13.9504
v 5.79923 -2.83858 13.9458
v 5.79923 -2.8492 13.9312
v 5.81416 -2.85085 13.9213
v 5.8291 -2.84189 13.9259
v 5.8291 -2.83127 13.9405
v 5.35061 -1.59338 13.0563
v 5.35168 -1.61922 13.041
v 5.34805 -1.61922 13.0112
v 5.34334 -1.59338 12.9966
v 5.34227 -1.56754 13.0119
v 5.34591 -1.56754 13.0417
v 5.74787 -1.54827 13.0047
v 5.74884 -1.57153 12.991
v 5.74556 -1.57153 12.9642
v 5.74133 -1.54827 12.9511
v 5.74036 -1.52501 12.9648
v 5.74364 -1.52501 12.9916
v 6.14514 -1.50315 12.9532
v 6.14599 -1.52383 12.941
v 6.14308 -1.52383 12.9172
v 6.13931 -1.50315 12.9055
v 6.13846 -1.48248 12.9177
v 6.14137 -1.48248 12.9416
v 6.5424 -1.45804 12.9017
v 6.54315 -1.47613 12.891
v 6.5406 -1.47613 12.8702
v 6.5373 -1.45804 12.86
v 6.53655 -1.43995 12.8707
v 6.5391 -1.43995 12.8915
v 6.93966 -1.41293 12.8502
v 6.9403 -1.42843 12.8411
v 6.93812 -1.42843 12.8232
v 6.93529 -1.41293 12.8144
v 6.93465 -1.39742 12.8236
v 6.93683 -1.39742 12.8415
v 3.04305 0.266235 9.13282
v 3.04725 0.198711 9.09376
v 3.04728 0.198711 9.01564
v 3.0431 0.266235 8.97658
v 3.0389 0.333759 9.01564
v 3.03888 0.333759 9.09376
v 3.81916 0.31436 9.12526
v 3.82294 0.253589 9.09011
v 3.82297 0.253589 9.0198
v 3.81921 0.31436 8.98464
v 3.81543 0.375132 9.0198
v 3.81541 0.375132 9.0901
v 4.59528 0.362486 9.1177
v 4.59864 0.308467 9.08645
v 4.59866 0.308467 9.02395
v 4.59532 0.362486 8.9927
v 4.59196 0.416505 9.02395
v 4.59194 0.416505 9.08645
v 5.37139 0.410612 9.11013
v 5.37433 0.363345 9.08279
v 5.37434 0.363345 9.02811
v 5.37142 0.410612 9.00077
v 5.36848 0.457879 9.02811
v 5.36847 0.457879 9.08279
v 6.1475 0.458737 9.10257
v 6.15002 0.418223 9.07914
v 6.15003 0.418223 9.03226
v 6.14753 0.458737 9.00883
v 6.14501 0.499252 9.03226
v 6.14499 0.499252 9.07913
v 6.14751 0.507079 9.05271
v 6.11779 0.484736 9.08374
v 6.11779 0.436394 9.08673
v 6.14751 0.410396 9.05869
v 6.17724 0.432739 9.02766
v 6.17724 0.481081 9.02467
v 6.54252 0.526747 9.44902
v 6.51576 0.506638 9.47695
v 6.51576 0.46313 9.47965
v 6.54252 0.439731 9.45441
v 6.56927 0.45984 9.42648
v 6.56927 0.503348 9.42379
v 6.93752 0.546414 9.84534
v 6.91374 0.528539 9.87017
v 6.91374 0.489866 9.87256
v 6.93752 0.469067 9.85013
v 6.9613 0.486942 9.8253
v 6.9613 0.525615 9.82291
v 7.33252 0.566082 10.2417
v 7.31172 0.550441 10.2634
v 7.31172 0.516602 10.2655
v 7.33252 0.498403 10.2458
v 7.35333 0.514043 10.2241
v 7.35333 0.547883 10.222
v 7.72753 0.585749 10.638
v 7.70969 0.572343 10.6566
v 7.70969 0.543338 10.6584
v 7.72753 0.527739 10.6416
v 7.74536 0.541145 10.6229
v 7.74536 0.57015 10.6211
v 7.72753 0.572561 10.6142
v 7.70499 0.575681 10.6338
v 7.70499 0.559864 10.6594
v 7.72753 0.540927 10.6653
v 7.75007 0.537807 10.6457
v 7.75007 0.553624 10.6202
v 7.92863 0.86795 10.8008
v 7.90834 0.870758 10.8184
v 7.90834 0.856522 10.8414
v 7.92863 0.839479 10.8468
v 7.94891 0.836671 10.8291
v 7.94891 0.850907 10.8061
v 8.12973 1.16334 10.9874
v 8.1117 1.16583 11.0031
v 8.1117 1.15318 11.0235
v 8.12973 1.13803 11.0282
v 8.14776 1.13554 11.0125
v 8.14776 1.14819 10.9921
v 8.33083 1.45873 11.1739
v 8.31506 1.46091 11.1877
v 8.31506 1.44984 11.2055
v 8.33083 1.43658 11.2097
v 8.34661 1.4344 11.196
v 8.34661 1.44547 11.1781
v 8.53194 1.75412 11.3605
v 8.51841 1.75599 11.3723
v 8.51841 1.7465 11.3876
v 8.53194 1.73514 11.3911
v 8.54546 1.73326 11.3794
v 8.54546 1.74275 11.3641
v 7.72753 0.583174 10.654
v 7.70186 0.567979 10.6506
v 7.70186 0.54155 10.6363
v 7.72753 0.530314 10.6255
v 7.7532 0.545508 10.629
v 7.7532 0.571938 10.6432
v 7.79216 0.391642 11.0028
v 7.76905 0.377967 10.9997
v 7.76905 0.35418 10.9869
v 7.79216 0.344068 10.9771
v 7.81526 0.357743 10.9802
v 7.81526 0.38153 10.9931
v 7.85679 0.20011 11.3516
v 7.83625 0.187955 11.3488
v 7.83625 0.166811 11.3374
v 7.85679 0.157823 11.3288
v 7.87732 0.169978 11.3315
v 7.87732 0.191122 11.3429
v 7.92142 0.00857878 11.7003
v 7.90345 -0.00205726 11.6979
v 7.90345 -0.0205582 11.6879
v 7.92142 -0.0284231 11.6804
v 7.93939 -0.017787 11.6828
v 7.93939 0.000713896 11.6928
v 7.98605 -0.182953 12.0491
v 7.97065 -0.192069 12.047
v 7.97065 -0.207927 12.0385
v 7.98605 -0.214669 12.032
v 8.00145 -0.205552 12.0341
v 8.00145 -0.189694 12.0426
v 7.72752 0.556744 10.6698
v 7.72913 0.530787 10.6548
v 7.72914 0.530787 10.6248
v 7.72754 0.556744 10.6097
v 7.72592 0.5827 10.6248
v 7.72592 0.5827 10.6548
v 8.12986 0.581642 10.6669
v 8.13131 0.558281 10.6534
v 8.13131 0.558281 10.6264
v 8.12987 0.581642 10.6129
v 8.12842 0.605003 10.6264
v 8.12841 0.605003 10.6534
v 8.53219 0.606541 10.664
v 8.53348 0.585775 10.652
v 8.53349 0.585775 10.628
v 8.53221 0.606541 10.616
v 8.53092 0.627306 10.628
v 8.53091 0.627306 10.652
v 8.93453 0.631439 10.6612
v 8.93566 0.61327 10.6507
v 8.93567 0.61327 10.6296
v 8.93455 0.631439 10.6191
v 8.93342 0.649609 10.6296
v 8.93341 0.649609 10.6507
v 9.33687 0.656337 10.6583
v 9.33784 0.640764 10.6493
v 9.33785 0.640764 10.6313
v 9.33688 0.656337 10.6223
v 9.33592 0.671911 10.6313
v 9.33591 0.671911 10.6493
v 6.14751 0.421487 9.08666
v 6.11909 0.420395 9.04745
v 6.11909 0.457646 9.01649
v 6.14751 0.495988 9.02474
v 6.17593 0.49708 9.06395
v 6.17593 0.459829 9.0949
v 6.55929 0.182767 8.79181
v 6.53371 0.181784 8.75653
v 6.53371 0.21531 8.72867
v 6.55929 0.249819 8.73609
v 6.58487 0.250801 8.77138
v 6.58487 0.217275 8.79924
v 6.97107 -0.0559525 8.49697
v 6.94833 -0.0568259 8.46561
v 6.94833 -0.0270252 8.44084
v 6.97107 0.003649 8.44744
v 6.9938 0.00452243 8.4788
v 6.9938 -0.0252783 8.50357
v 7.38285 -0.294672 8.20213
v 7.36295 -0.295436 8.17468
v 7.36295 -0.269361 8.15301
v 7.38285 -0.242521 8.15879
v 7.40274 -0.241756 8.18623
v 7.40274 -0.267832 8.2079
v 7.79462 -0.533391 7.90728
v 7.77757 -0.534047 7.88376
v 7.77757 -0.511696 7.86519
v 7.79462 -0.48869 7.87014
v 7.81168 -0.488035 7.89366
v 7.81168 -0.510386 7.91223
v 7.79462 -0.508107 7.91859
v 7.77241 -0.523034 7.90497
v 7.77241 -0.525968 7.87509
v 7.79462 -0.513975 7.85882
v 7.81684 -0.499048 7.87244
v 7.81684 -0.496114 7.90233
v 8.00427 -0.851057 7.94925
v 7.98427 -0.864492 7.93699
v 7.98427 -0.867133 7.91009
v 8.00427 -0.856339 7.89546
v 8.02426 -0.842904 7.90771
v 8.02426 -0.840264 7.93461
v 8.21391 -1.19401 7.9799
v 8.19614 -1.20595 7.96901
v 8.19614 -1.2083 7.9451
v 8.21391 -1.1987 7.93209
v 8.23168 -1.18676 7.94298
v 8.23168 -1.18441 7.96689
v 8.42355 -1.53696 8.01056
v 8.408 -1.54741 8.00102
v 8.408 -1.54946 7.9801
v 8.42355 -1.54107 7.96872
v 8.4391 -1.53062 7.97825
v 8.4391 -1.52856 7.99917
v 8.63319 -1.87991 8.04121
v 8.61987 -1.88887 8.03304
v 8.61987 -1.89063 8.01511
v 8.63319 -1.88343 8.00535
v 8.64652 -1.87447 8.01352
v 8.64652 -1.87271 8.03146
v 7.79462 -0.540806 7.89268
v 7.76912 -0.5266 7.88563
v 7.76912 -0.496835 7.88166
v 7.79462 -0.481276 7.88473
v 7.82012 -0.495482 7.89178
v 7.82012 -0.525247 7.89576
v 7.87379 -0.590154 7.50051
v 7.85084 -0.577368 7.49416
v 7.85084 -0.55058 7.49058
v 7.87379 -0.536577 7.49335
v 7.89674 -0.549363 7.4997
v 7.89674 -0.576151 7.50328
v 7.95296 -0.639502 7.10833
v 7.93256 -0.628137 7.10269
v 7.93256 -0.604325 7.09951
v 7.95296 -0.591878 7.10197
v 7.97336 -0.603243 7.10761
v 7.97336 -0.627055 7.11079
v 8.03213 -0.688851 6.71616
v 8.01428 -0.678906 6.71122
v 8.01428 -0.658071 6.70844
v 8.03213 -0.64718 6.71059
v 8.04998 -0.657124 6.71553
v 8.04998 -0.67796 6.71831
v 8.1113 -0.738199 6.32398
v 8.096 -0.729675 6.31975
v 8.096 -0.711816 6.31736
v 8.1113 -0.702481 6.31921
v 8.1266 -0.711005 6.32344
v 8.1266 -0.728864 6.32582
v 7.79254 -0.511041 7.91867
v 7.793 -0.537041 7.90365
v 7.79508 -0.537041 7.87369
v 7.79671 -0.511041 7.85875
v 7.79625 -0.485041 7.87377
v 7.79416 -0.485041 7.90373
v 8.19478 -0.520102 7.94364
v 8.1952 -0.543501 7.93012
v 8.19707 -0.543501 7.90316
v 8.19853 -0.520102 7.88971
v 8.19812 -0.496702 7.90323
v 8.19624 -0.496702 7.93019
v 8.59703 -0.529162 7.96861
v 8.59739 -0.549962 7.95659
v 8.59906 -0.549962 7.93263
v 8.60036 -0.529162 7.92068
v 8.59999 -0.508362 7.93269
v 8.59833 -0.508362 7.95666
v 8.99927 -0.538223 7.99358
v 8.99959 -0.556422 7.98307
v 9.00105 -0.556422 7.9621
v 9.00219 -0.538223 7.95164
v 9.00186 -0.520023 7.96215
v 9.00041 -0.520023 7.98312
v 9.40151 -0.547283 8.01855
v 9.40179 -0.562883 8.00954
v 9.40304 -0.562883 7.99156
v 9.40401 -0.547283 7.9826
v 9.40374 -0.531684 7.99161
v 9.40249 -0.531684 8.00959
v 6.14751 0.462734 9.00743
v 6.11608 0.488415 9.03386
v 6.11608 0.484418 9.08213
v 6.14751 0.454741 9.10397
v 6.17895 0.42906 9.07754
v 6.17895 0.433057 9.02927
v 6.51823 0.880463 9.04688
v 6.48994 0.903575 9.07066
v 6.48994 0.899978 9.11411
v 6.51823 0.873269 9.13377
v 6.54652 0.850156 9.10998
v 6.54652 0.853754 9.06654
v 6.88894 1.29819 9.08633
v 6.86379 1.31874 9.10747
v 6.86379 1.31554 9.14609
v 6.88894 1.2918 9.16356
v 6.91408 1.27125 9.14242
v 6.91408 1.27445 9.10381
v 7.25965 1.71592 9.12578
v 7.23764 1.7339 9.14428
v 7.23764 1.7311 9.17807
v 7.25965 1.71032 9.19336
v 7.28165 1.69235 9.17486
v 7.28165 1.69515 9.14107
v 7.63036 2.13365 9.16523
v 7.6115 2.14906 9.18109
v 7.6115 2.14666 9.21005
v 7.63036 2.12885 9.22315
v 7.64922 2.11344 9.2073
v 7.64922 2.11584 9.17834
v 7.63036 2.10879 9.17426
v 7.60738 2.1281 9.17512
v 7.60738 2.15056 9.19505
v 7.63036 2.15371 9.21412
v 7.65334 2.1344 9.21327
v 7.65334 2.11194 9.19334
v 7.81909 2.34743 8.90982
v 7.79841 2.36481 8.91059
v 7.79841 2.38503 8.92852
v 7.81909 2.38787 8.94569
v 7.83977 2.37048 8.94492
v 7.83977 2.35027 8.92698
v 8.00783 2.58608 8.64537
v 7.98944 2.60153 8.64605
v 7.98944 2.6195 8.662
v 8.00783 2.62202 8.67726
v 8.02621 2.60657 8.67657
v 8.02621 2.5886 8.66063
v 8.19656 2.82472 8.38092
v 8.18048 2.83824 8.38152
v 8.18048 2.85397 8.39547
v 8.19656 2.85617 8.40882
v 8.21265 2.84265 8.40822
v 8.21265 2.82693 8.39427
v 8.3853 3.06337 8.11647
v 8.37151 3.07496 8.11699
v 8.37151 3.08843 8.12894
v 8.3853 3.09032 8.14039
v 8.39909 3.07874 8.13987
v 8.39909 3.06526 8.12792
v 7.63036 2.14906 9.17001
v 7.60451 2.14246 9.1838
v 7.60451 2.12466 9.20798
v 7.63036 2.11344 9.21837
v 7.65621 2.12004 9.20458
v 7.65621 2.13785 9.1804
v 7.67478 2.46988 9.41002
v 7.65152 2.46395 9.42243
v 7.65152 2.44792 9.44419
v 7.67478 2.43783 9.45354
v 7.69805 2.44377 9.44113
v 7.69805 2.45979 9.41937
v 7.71921 2.79071 9.65002
v 7.69853 2.78543 9.66105
v 7.69853 2.77119 9.6804
v 7.71921 2.76222 9.68871
v 7.73989 2.76749 9.67768
v 7.73989 2.78174 9.65833
v 7.76364 3.11154 9.89003
v 7.74554 3.10692 9.89968
v 7.74554 3.09445 9.91661
v 7.76364 3.08661 9.92388
v 7.78173 3.09122 9.91423
v 7.78173 3.10369 9.8973
v 7.80806 3.43236 10.13
v 7.79255 3.4284 10.1383
v 7.79255 3.41772 10.1528
v 7.80806 3.41099 10.159
v 7.82357 3.41495 10.1508
v 7.82357 3.42563 10.1363
v 7.63205 2.13125 9.22417
v 7.63298 2.10531 9.20908
v 7.63129 2.10531 9.1791
v 7.62867 2.13125 9.16421
v 7.62774 2.1572 9.1793
v 7.62943 2.1572 9.20928
v 8.03341 2.1588 9.19853
v 8.03424 2.13545 9.18495
v 8.03272 2.13545 9.15796
v 8.03036 2.1588 9.14456
v 8.02953 2.18215 9.15814
v 8.03105 2.18215 9.18513
v 8.43476 2.18635 9.17288
v 8.43551 2.1656 9.16081
v 8.43416 2.1656 9.13683
v 8.43206 2.18635 9.12491
v 8.43132 2.20711 9.13699
v 8.43267 2.20711 9.16097
v 8.83612 2.2139 9.14724
v 8.83677 2.19574 9.13668
v 8.83559 2.19574 9.11569
v 8.83376 2.2139 9.10527
v 8.83311 2.23206 9.11583
v 8.83429 2.23206 9.13682
v 9.23748 2.24145 9.1216
v 9.23804 2.22589 9.11254
v 9.23702 2.22589 9.09455
v 9.23545 2.24145 9.08562
v 9.23489 2.25702 9.09467
v 9.23591 2.25702 9.11266
f 6 5 4 3 2 1
f 1 2 8 7
f 2 3 9 8
f 3 4 10 9
f 4 5 11 10
f 5 6 12 11
f 6 1 7 12
f 7 8 14 13
f 8 9 15 14
f 9 10 16 15
f 10 11 17 16
f 11 12 18 17
f 12 7 13 18
f 13 14 20 19
f 14 15 21 20
f 15 16 22 21
f 16 17 23 22
f 17 18 24 23
f 18 13 19 24
f 19 20 26 25
f 20 21 27 26
f 21 22 28 27
f 22 23 29 28
f 23 24 30 29
f 24 19 25 30
f 25 26 27 28 29 30
f 36 35 34 33 32 31
f 31 32 38 37
f 32 33 39 38
f 33 34 40 39
f 34 35 41 40
f 35 36 42 41
f 36 31 37 42
f 37 38 44 43
f 38 39 45 44
f 39 40 46 45
f 40 41 47 46
f 41 42 48 47
f 42 37 43 48
f 43 44 50 49
f 44 45 51 50
f 45 46 52 51
f 46 47 53 52
f 47 48 54 53
f 48 43 49 54
f 49 50 56 55
f 50 51 57 56
f 51 52 58 57
f 52 53 59 58
f 53 54 60 59
f 54 49 55 60
f 55 56 57 58 59 60
f 66 65 64 63 62 61
f 61 62 68 67
f 62 63 69 68
f 63 64 70 69
f 64 65 71 70
f 65 66 72 71
f 66 61 67 72
f 67 68 74 73
f 68 69 75 74
f 69 70 76 75
f 70 71 77 76
f 71 72 78 77
f 72 67 73 78
f 73 74 80 79
f 74 75 81 80
f 75 76 82 81
f 76 77 83 82
f 77 78 84 83
f 78 73 79 84
f 79 80 86 85
f 80 81 87 86
f 81 82 88 87
f 82 83 89 88
f 83 84 90 89
f 84 79 85 90
f 85 86 87 88 89 90
f 96 95 94 93 92 91
f 91 92 98 97
f 92 93 99 98
f 93 94 100 99
f 94 95 101 100
f 95 96 102 101
f 96 91 97 102
f 97 98 104 103
f 98 99 105 104
f 99 100 106 105
f 100 101 107 106
f 101 102 108 107
f 102 97 103 108
f 103 104 110 109
f 104 105 111 110
f 105 106 112 111
f 106 107 113 112
f 107 108 114 113
f 108 103 109 114
f 109 110 116 115
f 110 111 117 116
f 111 112 118 117
f 112 113 119 118
f 113 114 120 119
f 114 109 115 120
f 115 116 117 118 119 120
f 126 125 124 123 122 121
f 121 122 128 127
f 122 123 129 128
f 123 124 130 129
f 124 125 131 130
f 125 126 132 131
f 126 121 127 132
f 127 128 134 133
f 128 129 135 134
f 129 130 136 135
f 130 131 137 136
f 131 132 138 137
f 132 127 133 138
f 133 134 140 139
f 134 135 141 140
f 135 136 142 141
f 136 137 143 142
f 137 138 144 143
f 138 133 139 144
f 139 140 146 145
f 140 141 147 146
f 141 142 148 147
f 142 143 149 148
f 143 144 150 149
f 144 139 145 150
f 145 146 147 148 149 150
f 156 155 154 153 152 151
f 151 152 158 157
f 152 153 159 158
f 153 154 160 159
f 154 155 161 160
f 155 156 162 161
f 156 151 157 162
f 157 158 164 163
f 158 159 165 164
f 159 160 166 165
f 160 161 167 166
f 161 162 168 167
f 162 157 163 168
f 163 164 170 169
f 164 165 171 170
f 165 166 172 171
f 166 167 173 172
f 167 168 174 173
f 168 163 169 174
f 169 170 176 175
f 170 171 177 176
f 171 172 178 177
f 172 173 179 178
f 173 174 180 179
f 174 169 175 180
f 175 176 177 178 179 180
f 186 185 184 183 182 181
f 181 182 188 187
f 182 183 189 188
f 183 184 190 189
f 184 185 191 190
f 185 186 192 191
f 186 181 187 192
f 187 188 194 193
f 188 189 195 194
f 189 190 196 195
f 190 191 197 196
f 191 192 198 197
f 192 187 193 198
f 193 194 200 199
f 194 195 201 200
f 195 196 202 201
f 196 197 203 202
f 197 198 204 203
f 198 193 199 204
f 199 200 206 205
f 200 201 207 206
f 201 202 208 207
f 202 203 209 208
f 203 204 210 209
f 204 199 205 210
f 205 206 207 208 209 210
f 216 215 214 213 212 211
f 211 212 218 217
f 212 213 219 218
f 213 214 220 219
f 214 215 221 220
f 215 216 222 221
f 216 211 217 222
f 217 218 224 223
f 218 219 225 224
f 219 220 226 225
f 220 221 227 226
f 221 222 228 227
f 222 217 223 228
f 223 224 230 229
f 224 225 231 230
f 225 226 232 231
f 226 227 233 232
f 227 228 234 233
f 228 223 229 234
f 229 230 236 235
f 230 231 237 236
f 231 232 238 237
f 232 233 239 238
f 233 234 240 239
f 234 229 235 240
f 235 236 237 238 239 240
f 246 245 244 243 242 241
f 241 242 248 247
f 242 243 249 248
f 243 244 250 249
f 244 245 251 250
f 245 246 252 251
f 246 241 247 252
f 247 248 254 253
f 248 249 255 254
f 249 250 256 255
f 250 251 257 256
f 251 252 258 257
f 252 247 253 258
f 253 254 260 259
f 254 255 261 260
f 255 256 262 261
f 256 257 263 262
f 257 258 264 263
f 258 253 259 264
f 259 260 266 265
f 260 261 267 266
f 261 262 268 267
f 262 263 269 268
f 263 264 270 269
f 264 259 265 270
f 265 266 267 268 269 270
f 276 275 274 273 272 271
f 271 272 278 277
f 272 273 279 278
f 273 274 280 279
f 274 275 281 280
f 275 276 282 281
f 276 271 277 282
f 277 278 284 283
f 278 279 285 284
f 279 280 286 285
f 280 281 287 286
f 281 282 288 287
f 282 277 283 288
f 283 284 290 289
f 284 285 291 290
f 285 286 292 291
f 286 287 293 292
f 287 288 294 293
f 288 283 289 294
f 289 290 296 295
f 290 291 297 296
f 291 292 298 297
f 292 293 299 298
f 293 294 300 299
f 294 289 295 300
f 295 296 297 298 299 300
f 306 305 304 303 302 301
f 301 302 308 307
f 302 303 309 308
f 303 304 310 309
f 304 305 311 310
f 305 306 312 311
f 306 301 307 312
f 307 308 314 313
f 308 309 315 314
f 309 310 316 315
f 310 311 317 316
f 311 312 318 317
f 312 307 313 318
f 313 314 320 319
f 314 315 321 320
f 315 316 322 321
f 316 317 323 322
f 317 318 324 323
f 318 313 319 324
f 319 320 326 325
f 320 321 327 326
f 321 322 328 327
f 322 323 329 328
f 323 324 330 329
f 324 319 325 330
f 325 326 327 328 329 330
f 336 335 334 333 332 331
f 331 332 338 337
f 332 333 339 338
f 333 334 340 339
f 334 335 341 340
f 335 336 342 341
f 336 331 337 342
f 337 338 344 343
f 338 339 345 344
f 339 340 346 345
f 340 341 347 346
f 341 342 348 347
f 342 337 343 348
f 343 344 350 349
f 344 345 351 350
f 345 346 352 351
f 346 347 353 352
f 347 348 354 353
f 348 343 349 354
f 349 350 356 355
f 350 351 357 356
f 351 352 358 357
f 352 353 359 358
f 353 354 360 359
f 354 349 355 360
f 355 356 357 358 359 360
f 366 365 364 363 362 361
f 361 362 368 367
f 362 363 369 368
f 363 364 370 369
f 364 365 371 370
f 365 366 372 371
f 366 361 367 372
f 367 368 374 373
f 368 369 375 374
f 369 370 376 375
f 370 371 377 376
f 371 372 378 377
f 372 367 373 378
f 373 374 380 379
f 374 375 381 380
f 375 376 382 381
f 376 377 383 382
f 377 378 384 383
f 378 373 379 384
f 379 380 386 385
f 380 381 387 386
f 381 382 388 387
f 382 383 389 388
f 383 384 390 389
f 384 379 385 390
f 385 386 387 388 389 390
f 396 395 394 393 392 391
f 391 392 398 397
f 392 393 399 398
f 393 394 400 399
f 394 395 401 400
f 395 396 402 401
f 396 391 397 402
f 397 398 404 403
f 398 399 405 404
f 399 400 406 405
f 400 401 407 406
f 401 402 408 407
f 402 397 403 408
f 403 404 410 409
f 404 405 411 410
f 405 406 412 411
f 406 407 413 412
f 407 408 414 413
f 408 403 409 414
f 409 410 416 415
f 410 411 417 416
f 411 412 418 417
f 412 413 419 418
f 413 414 420 419
f 414 409 415 420
f 415 416 417 418 419 420
f 426 425 424 423 422 421
f 421 422 428 427
f 422 423 429 428
f 423 424 430 429
f 424 425 431 430
f 425 426 432 431
f 426 421 427 432
f 427 428 434 433
f 428 429 435 434
f 429 430 436 435
f 430 431 437 436
f 431 432 438 437
f 432 427 433 438
f 433 434 440 439
f 434 435 441 440
f 435 436 442 441
f 436 437 443 442
f 437 438 444 443
f 438 433 439 444
f 439 440 446 445
f 440 441 447 446
f 441 442 448 447
f 442 443 449 448
f 443 444 450 449
f 444 439 445 450
f 445 446 447 448 449 450
f 456 455 454 453 452 451
f 451 452 458 457
f 452 453 459 458
f 453 454 460 459
f 454 455 461 460
f 455 456 462 461
f 456 451 457 462
f 457 458 464 463
f 458 459 465 464
f 459 460 466 465
f 460 461 467 466
f 461 462 468 467
f 462 457 463 468
f 463 464 470 469
f 464 465 471 470
f 465 466 472 471
f 466 467 473 472
f 467 468 474 473
f 468 463 469 474
f 469 470 476 475
f 470 471 477 476
f 471 472 478 477
f 472 473 479 478
f 473 474 480 479
f 474 469 475 480
f 475 476 477 478 479 480
f 486 485 484 483 482 481
f 481 482 488 487
f 482 483 489 488
f 483 484 490 489
f 484 485 491 490
f 485 486 492 491
f 486 481 487 492
f 487 488 494 493
f 488 489 495 494
f 489 490 496 495
f 490 491 497 496
f 491 492 498 497
f 492 487 493 498
f 493 494 500 499
f 494 495 501 500
f 495 496 502 501
f 496 497 503 502
f 497 498 504 503
f 498 493 499 504
f 499 500 506 505
f 500 501 507 506
f 501 502 508 507
f 502 503 509 508
f 503 504 510 509
f 504 499 505 510
f 505 506 507 508 509 510
f 516 515 514 513 512 511
f 511 512 518 517
f 512 513 519 518
f 513 514 520 519
f 514 515 521 520
f 515 516 522 521
f 516 511 517 522
f 517 518 524 523
f 518 519 525 524
f 519 520 526 525
f 520 521 527 526
f 521 522 528 527
f 522 517 523 528
f 523 524 530 529
f 524 525 531 530
f 525 526 532 531
f 526 527 533 532
f 527 528 534 533
f 528 523 529 534
f 529 530 536 535
f 530 531 537 536
f 531 532 538 537
f 532 533 539 538
f 533 534 540 539
f 534 529 535 540
f 535 536 537 538 539 540
f 546 545 544 543 542 541
f 541 542 548 547
f 542 543 549 548
f 543 544 550 549
f 544 545 551 550
f 545 546 552 551
f 546 541 547 552
f 547 548 554 553
f 548 549 555 554
f 549 550 556 555
f 550 551 557 556
f 551 552 558 557
f 552 547 553 558
f 553 554 560 559
f 554 555 561 560
f 555 556 562 561
f 556 557 563 562
f 557 558 564 563
f 558 553 559 564
f 559 560 566 565
f 560 561 567 566
f 561 562 568 567
f 562 563 569 568
f 563 564 570 569
f 564 559 565 570
f 565 566 567 568 569 570
f 576 575 574 573 572 571
f 571 572 578 577
f 572 573 579 578
f 573 574 580 579
f 574 575 581 580
f 575 576 582 581
f 576 571 577 582
f 577 578 584 583
f 578 579 585 584
f 579 580 586 585
f 580 581 587 586
f 581 582 588 587
f 582 577 583 588
f 583 584 590 589
f 584 585 591 590
f 585 586 592 591
f 586 587 593 592
f 587 588 594 593
f 588 583 589 594
f 589 590 596 595
f 590 591 597 596
f 591 592 598 597
f 592 593 599 598
f 593 594 600 599
f 594 589 595 600
f 595 596 597 598 599 600
f 606 605 604 603 602 601
f 601 602 608 607
f 602 603 609 608
f 603 604 610 609
f 604 605 611 610
f 605 606 612 611
f 606 601 607 612
f 607 608 614 613
f 608 609 615 614
f 609 610 616 615
f 610 611 617 616
f 611 612 618 617
f 612 607 613 618
f 613 614 620 619
f 614 615 621 620
f 615 616 622 621
f 616 617 623 622
f 617 618 624 623
f 618 613 619 624
f 619 620 626 625
f 620 621 627 626
f 621 622 628 627
f 622 623 629 628
f 623 624 630 629
f 624 619 625 630
f 625 626 627 628 629 630
f 636 635 634 633 632 631
f 631 632 638 637
f 632 633 639 638
f 633 634 640 639
f 634 635 641 640
f 635 636 642 641
f 636 631 637 642
f 637 638 644 643
f 638 639 645 644
f 639 640 646 645
f 640 641 647 646
f 641 642 648 647
f 642 637 643 648
f 643 644 650 649
f 644 645 651 650
f 645 646 652 651
f 646 647 653 652
f 647 648 654 653
f 648 643 649 654
f 649 650 656 655
f 650 651 657 656
f 651 652 658 657
f 652 653 659 658
f 653 654 660 659
f 654 649 655 660
f 655 656 657 658 659 660
f 666 665 664 663 662 661
f 661 662 668 667
f 662 663 669 668
f 663 664 670 669
f 664 665 671 670
f 665 666 672 671
f 666 661 667 672
f 667 668 674 673
f 668 669 675 674
f 669 670 676 675
f 670 671 677 676
f 671 672 678 677
f 672 667 673 678
f 673 674 680 679
f 674 675 681 680
f 675 676 682 681
f 676 677 683 682
f 677 678 684 683
f 678 673 679 684
f 679 680 686 685
f 680 681 687 686
f 681 682 688 687
f 682 683 689 688
f 683 684 690 689
f 684 679 685 690
f 685 686 687 688 689 690
f 696 695 694 693 692 691
f 691 692 698 697
f 692 693 699 698
f 693 694 700 699
f 694 695 701 700
f 695 696 702 701
f 696 691 697 702
f 697 698 704 703
f 698 699 705 704
f 699 700 706 705
f 700 701 707 706
f 701 702 708 707
f 702 697 703 708
f 703 704 710 709
f 704 705 711 710
f 705 706 712 711
f 706 707 713 712
f 707 708 714 713
f 708 703 709 714
f 709 710 716 715
f 710 711 717 716
f 711 712 718 717
f 712 713 719 718
f 713 714 720 719
f 714 709 715 720
f 715 716 717 718 719 720
f 726 725 724 723 722 721
f 721 722 728 727
f 722 723 729 728
f 723 724 730 729
f 724 725 731 730
f 725 726 732 731
f 726 721 727 732
f 727 728 734 733
f 728 729 735 734
f 729 730 736 735
f 730 731 737 736
f 731 732 738 737
f 732 727 733 738
f 733 734 740 739
f 734 735 741 740
f 735 736 742 741
f 736 737 743 742
f 737 738 744 743
f 738 733 739 744
f 739 740 746 745
f 740 741 747 746
f 741 742 748 747
f 742 743 749 748
f 743 744 750 749
f 744 739 745 750
f 745 746 747 748 749 750
f 756 755 754 753 752 751
f 751 752 758 757
f 752 753 759 758
f 753 754 760 759
f 754 755 761 760
f 755 756 762 761
f 756 751 757 762
f 757 758 764 763
f 758 759 765 764
f 759 760 766 765
f 760 761 767 766
f 761 762 768 767
f 762 757 763 768
f 763 764 770 769
f 764 765 771 770
f 765 766 772 771
f 766 767 773 772
f 767 768 774 773
f 768 763 769 774
f 769 770 776 775
f 770 771 777 776
f 771 772 778 777
f 772 773 779 778
f 773 774 780 779
f 774 769 775 780
f 775 776 777 778 779 780
f 786 785 784 783 782 781
f 781 782 788 787
f 782 783 789 788
f 783 784 790 789
f 784 785 791 790
f 785 786 792 791
f 786 781 787 792
f 787 788 794 793
f 788 789 795 794
f 789 790 796 795
f 790 791 797 796
f 791 792 798 797
f 792 787 793 798
f 793 794 800 799
f 794 795 801 800
f 795 796 802 801
f 796 797 803 802
f 797 798 804 803
f 798 793 799 804
f 799 800 806 805
f 800 801 807 806
f 801 802 808 807
f 802 803 809 808
f 803 804 810 809
f 804 799 805 810
f 805 806 807 808 809 810
f 816 815 814 813 812 811
f 811 812 818 817
f 812 813 819 818
f 813 814 820 819
f 814 815 821 820
f 815 816 822 821
f 816 811 817 822
f 817 818 824 823
f 818 819 825 824
f 819 820 826 825
f 820 821 827 826
f 821 822 828 827
f 822 817 823 828
f 823 824 830 829
f 824 825 831 830
f 825 826 832 831
f 826 827 833 832
f 827 828 834 833
f 828 823 829 834
f 829 830 836 835
f 830 831 837 836
f 831 832 838 837
f 832 833 839 838
f 833 834 840 839
f 834 829 835 840
f 835 836 837 838 839 840
f 846 845 844 843 842 841
f 841 842 848 847
f 842 843 849 848
f 843 844 850 849
f 844 845 851 850
f 845 846 852 851
f 846 841 847 852
f 847 848 854 853
f 848 849 855 854
f 849 850 856 855
f 850 851 857 856
f 851 852 858 857
f 852 847 853 858
f 853 854 860 859
f 854 855 861 860
f 855 856 862 861
f 856 857 863 862
f 857 858 864 863
f 858 853 859 864
f 859 860 866 865
f 860 861 867 866
f 861 862 868 867
f 862 863 869 868
f 863 864 870 869
f 864 859 865 870
f 865 866 867 868 869 870
f 876 875 874 873 872 871
f 871 872 878 877
f 872 873 879 878
f 873 874 880 879
f 874 875 881 880
f 875 876 882 881
f 876 871 877 882
f 877 878 884 883
f 878 879 885 884
f 879 880 886 885
f 880 881 887 886
f 881 882 888 887
f 882 877 883 888
f 883 884 890 889
f 884 885 891 890
f 885 886 892 891
f 886 887 893 892
f 887 888 894 893
f 888 883 889 894
f 889 890 896 895
f 890 891 897 896
f 891 892 898 897
f 892 893 899 898
f 893 894 900 899
f 894 889 895 900
f 895 896 897 898 899 900
f 906 905 904 903 902 901
f 901 902 908 907
f 902 903 909 908
f 903 904 910 909
f 904 905 911 910
f 905 906 912 911
f 906 901 907 912
f 907 908 914 913
f 908 909 915 914
f 909 910 916 915
f 910 911 917 916
f 911 912 918 917
f 912 907 913 918
f 913 914 920 919
f 914 915 921 920
f 915 916 922 921
f 916 917 923 922
f 917 918 924 923
f 918 913 919 924
f 919 920 926 925
f 920 921 927 926
f 921 922 928 927
f 922 923 929 928
f 923 924 930 929
f 924 919 925 930
f 925 926 927 928 929 930
f 936 935 934 933 932 931
f 931 932 938 937
f 932 933 939 938
f 933 934 940 939
f 934 935 941 940
f 935 936 942 941
f 936 931 937 942
f 937 938 944 943
f 938 939 945 944
f 939 940 946 945
f 940 941 947 946
f 941 942 948 947
f 942 937 943 948
f 943 944 950 949
f 944 945 951 950
f 945 946 952 951
f 946 947 953 952
f 947 948 954 953
f 948 943 949 954
f 949 950 956 955
f 950 951 957 956
f 951 952 958 957
f 952 953 959 958
f 953 954 960 959
f 954 949 955 960
f 955 956 957 958 959 960
f 966 965 964 963 962 961
f 961 962 968 967
f 962 963 969 968
f 963 964 970 969
f 964 965 971 970
f 965 966 972 971
f 966 961 967 972
f 967 968 974 973
f 968 969 975 974
f 969 970 976 975
f 970 971 977 976
f 971 972 978 977
f 972 967 973 978
f 973 974 980 979
f 974 975 981 980
f 975 976 982 981
f 976 977 983 982
f 977 978 984 983
f 978 973 979 984
f 979 980 986 985
f 980 981 987 986
f 981 982 988 987
f 982 983 989 988
f 983 984 990 989
f 984 979 985 990
f 985 986 987 988 989 990
f 996 995 994 993 992 991
f 991 992 998 997
f 992 993 999 998
f 993 994 1000 999
f 994 995 1001 1000
f 995 996 1002 1001
f 996 991 997 1002
f 997 998 1004 1003
f 998 999 1005 1004
f 999 1000 1006 1005
f 1000 1001 1007 1006
f 1001 1002 1008 1007
f 1002 997 1003 1008
f 1003 1004 1010 1009
f 1004 1005 1011 1010
f 1005 1006 1012 1011
f 1006 1007 1013 1012
f 1007 1008 1014 1013
f 1008 1003 1009 1014
f 1009 1010 1016 1015
f 1010 1011 1017 1016
f 1011 1012 1018 1017
f 1012 1013 1019 1018
f 1013 1014 1020 1019
f 1014 1009 1015 1020
f 1015 1016 1017 1018 1019 1020
f 1026 1025 1024 1023 1022 1021
f 1021 1022 1028 1027
f 1022 1023 1029 1028
f 1023 1024 1030 1029
f 1024 1025 1031 1030
f 1025 1026 1032 1031
f 1026 1021 1027 1032
f 1027 1028 1034 1033
f 1028 1029 1035 1034
f 1029 1030 1036 1035
f 1030 1031 1037 1036
f 1031 1032 1038 1037
f 1032 1027 1033 1038
f 1033 1034 1040 1039
f 1034 1035 1041 1040
f 1035 1036 1042 1041
f 1036 1037 1043 1042
f 1037 1038 1044 1043
f 1038 1033 1039 1044
f 1039 1040 1046 1045
f 1040 1041 1047 1046
f 1041 1042 1048 1047
f 1042 1043 1049 1048
f 1043 1044 1050 1049
f 1044 1039 1045 1050
f 1045 1046 1047 1048 1049 1050
f 1056 1055 1054 1053 1052 1051
f 1051 1052 1058 1057
f 1052 1053 1059 1058
f 1053 1054 1060 1059
f 1054 1055 1061 1060
f 1055 1056 1062 1061
f 1056 1051 1057 1062
f 1057 1058 1064 1063
f 1058 1059 1065 1064
f 1059 1060 1066 1065
f 1060 1061 1067 1066
f 1061 1062 1068 1067
f 1062 1057 1063 1068
f 1063 1064 1070 1069
f 1064 1065 1071 1070
f 1065 1066 1072 1071
f 1066 1067 1073 1072
f 1067 1068 1074 1073
f 1068 1063 1069 1074
f 1069 1070 1076 1075
f 1070 1071 1077 1076
f 1071 1072 1078 1077
f 1072 1073 1079 1078
f 1073 1074 1080 1079
f 1074 1069 1075 1080
f 1075 1076 1077 1078 1079 1080
f 1086 1085 1084 1083 1082 1081
f 1081 1082 1088 1087
f 1082 1083 1089 1088
f 1083 1084 1090 1089
f 1084 1085 1091 1090
f 1085 1086 1092 1091
f 1086 1081 1087 1092
f 1087 1088 1094 1093
f 1088 1089 1095 1094
f 1089 1090 1096 1095
f 1090 1091 1097 1096
f 1091 1092 1098 1097
f 1092 1087 1093 1098
f 1093 1094 1100 1099
f 1094 1095 1101 1100
f 1095 1096 1102 1101
f 1096 1097 1103 1102
f 1097 1098 1104 1103
f 1098 1093 1099 1104
f 1099 1100 1106 1105
f 1100 1101 1107 1106
f 1101 1102 1108 1107
f 1102 1103 1109 1108
f 1103 1104 1110 1109
f 1104 1099 1105 1110
f 1105 1106 1107 1108 1109 1110
f 1116 1115 1114 1113 1112 1111
f 1111 1112 1118 1117
f 1112 1113 1119 1118
f 1113 1114 1120 1119
f 1114 1115 1121 1120
f 1115 1116 1122 1121
f 1116 1111 1117 1122
f 1117 1118 1124 1123
f 1118 1119 1125 1124
f 1119 1120 1126 1125
f 1120 1121 1127 1126
f 1121 1122 1128 1127
f 1122 1117 1123 1128
f 1123 1124 1130 1129
f 1124 1125 1131 1130
f 1125 1126 1132 1131
f 1126 1127 1133 1132
f 1127 1128 1134 1133
f 1128 1123 1129 1134
f 1129 1130 1136 1135
f 1130 1131 1137 1136
f 1131 1132 1138 1137
f 1132 1133 1139 1138
f 1133 1134 1140 1139
f 1134 1129 1135 1140
f 1135 1136 1137 1138 1139 1140
f 1146 1145 1144 1143 1142 1141
f 1141 1142 1148 1147
f 1142 1143 1149 1148
f 1143 1144 1150 1149
f 1144 1145 1151 1150
f 1145 1146 1152 1151
f 1146 1141 1147 1152
f 1147 1148 1154 1153
f 1148 1149 1155 1154
f 1149 1150 1156 1155
f 1150 1151 1157 1156
f 1151 1152 1158 1157
f 1152 1147 1153 1158
f 1153 1154 1160 1159
f 1154 1155 1161 1160
f 1155 1156 1162 1161
f 1156 1157 1163 1162
f 1157 1158 1164 1163
f 1158 1153 1159 1164
f 1159 1160 1166 1165
f 1160 1161 1167 1166
f 1161 1162 1168 1167
f 1162 1163 1169 1168
f 1163 1164 1170 1169
f 1164 1159 1165 1170
f 1165 1166 1167 1168 1169 1170
f 1176 1175 1174 1173 1172 1171
f 1171 1172 1178 1177
f 1172 1173 1179 1178
f 1173 1174 1180 1179
f 1174 1175 1181 1180
f 1175 1176 1182 1181
f 1176 1171 1177 1182
f 1177 1178 1184 1183
f 1178 1179 1185 1184
f 1179 1180 1186 1185
f 1180 1181 1187 1186
f 1181 1182 1188 1187
f 1182 1177 1183 1188
f 1183 1184 1190 1189
f 1184 1185 1191 1190
f 1185 1186 1192 1191
f 1186 1187 1193 1192
f 1187 1188 1194 1193
f 1188 1183 1189 1194
f 1189 1190 1196 1195
f 1190 1191 1197 1196
f 1191 1192 1198 1197
f 1192 1193 1199 1198
f 1193 1194 1200 1199
f 1194 1189 1195 1200
f 1195 1196 1197 1198 1199 1200
f 1206 1205 1204 1203 1202 1201
f 1201 1202 1208 1207
f 1202 1203 1209 1208
f 1203 1204 1210 1209
f 1204 1205 1211 1210
f 1205 1206 1212 1211
f 1206 1201 1207 1212
f 1207 1208 1214 1213
f 1208 1209 1215 1214
f 1209 1210 1216 1215
f 1210 1211 1217 1216
f 1211 1212 1218 1217
f 1212 1207 1213 1218
f 1213 1214 1220 1219
f 1214 1215 1221 1220
f 1215 1216 1222 1221
f 1216 1217 1223 1222
f 1217 1218 1224 1223
f 1218 1213 1219 1224
f 1219 1220 1226 1225
f 1220 1221 1227 1226
f 1221 1222 1228 1227
f 1222 1223 1229 1228
f 1223 1224 1230 1229
f 1224 1219 1225 1230
f 1225 1226 1227 1228 1229 1230
f 1236 1235 1234 1233 1232 1231
f 1231 1232 1238 1237
f 1232 1233 1239 1238
f 1233 1234 1240 1239
f 1234 1235 1241 1240
f 1235 1236 1242 1241
f 1236 1231 1237 1242
f 1237 1238 1244 1243
f 1238 1239 1245 1244
f 1239 1240 1246 1245
f 1240 1241 1247 1246
f 1241 1242 1248 1247
f 1242 1237 1243 1248
f 1243 1244 1250 1249
f 1244 1245 1251 1250
f 1245 1246 1252 1251
f 1246 1247 1253 1252
f 1247 1248 1254 1253
f 1248 1243 1249 1254
f 1249 1250 1256 1255
f 1250 1251 1257 1256
f 1251 1252 1258 1257
f 1252 1253 1259 1258
f 1253 1254 1260 1259
f 1254 1249 1255 1260
f 1255 1256 1257 1258 1259 1260
f 1266 1265 1264 1263 1262 1261
f 1261 1262 1268 1267
f 1262 1263 1269 1268
f 1263 1264 1270 1269
f 1264 1265 1271 1270
f 1265 1266 1272 1271
f 1266 1261 1267 1272
f 1267 1268 1274 1273
f 1268 1269 1275 1274
f 1269 1270 1276 1275
f 1270 1271 1277 1276
f 1271 1272 1278 1277
f 1272 1267 1273 1278
f 1273 1274 1280 1279
f 1274 1275 1281 1280
f 1275 1276 1282 1281
f 1276 1277 1283 1282
f 1277 1278 1284 1283
f 1278 1273 1279 1284
f 1279 1280 1286 1285
f 1280 1281 1287 1286
f 1281 1282 1288 1287
f 1282 1283 1289 1288
f 1283 1284 1290 1289
f 1284 1279 1285 1290
f 1285 1286 1287 1288 1289 1290
f 1296 1295 1294 1293 1292 1291
f 1291 1292 1298 1297
f 1292 1293 1299 1298
f 1293 1294 1300 1299
f 1294 1295 1301 1300
f 1295 1296 1302 1301
f 1296 1291 1297 1302
f 1297 1298 1304 1303
f 1298 1299 1305 1304
f 1299 1300 1306 1305
f 1300 1301 1307 1306
f 1301 1302 1308 1307
f 1302 1297 1303 1308
f 1303 1304 1310 1309
f 1304 1305 1311 1310
f 1305 1306 1312 1311
f 1306 1307 1313 1312
f 1307 1308 1314 1313
f 1308 1303 1309 1314
f 1309 1310 1316 1315
f 1310 1311 1317 1316
f 1311 1312 1318 1317
f 1312 1313 1319 1318
f 1313 1314 1320 1319
f 1314 1309 1315 1320
f 1315 1316 1317 1318 1319 1320
f 1326 1325 1324 1323 1322 1321
f 1321 1322 1328 1327
f 1322 1323 1329 1328
f 1323 1324 1330 1329
f 1324 1325 1331 1330
f 1325 1326 1332 1331
f 1326 1321 1327 1332
f 1327 1328 1334 1333
f 1328 1329 1335 1334
f 1329 1330 1336 1335
f 1330 1331 1337 1336
f 1331 1332 1338 1337
f 1332 1327 1333 1338
f 1333 1334 1340 1339
f 1334 1335 1341 1340
f 1335 1336 1342 1341
f 1336 1337 1343 1342
f 1337 1338 1344 1343
f 1338 1333 1339 1344
f 1339 1340 1346 1345
f 1340 1341 1347 1346
f 1341 1342 1348 1347
f 1342 1343 1349 1348
f 1343 1344 1350 1349
f 1344 1339 1345 1350
f 1345 1346 1347 1348 1349 1350
f 1356 1355 1354 1353 1352 1351
f 1351 1352 1358 1357
f 1352 1353 1359 1358
f 1353 1354 1360 1359
f 1354 1355 1361 1360
f 1355 1356 1362 1361
f 1356 1351 1357 1362
f 1357 1358 1364 1363
f 1358 1359 1365 1364
f 1359 1360 1366 1365
f 1360 1361 1367 1366
f 1361 1362 1368 1367
f 1362 1357 1363 1368
f 1363 1364 1370 1369
f 1364 1365 1371 1370
f 1365 1366 1372 1371
f 1366 1367 1373 1372
f 1367 1368 1374 1373
f 1368 1363 1369 1374
f 1369 1370 1376 1375
f 1370 1371 1377 1376
f 1371 1372 1378 1377
f 1372 1373 1379 1378
f 1373 1374 1380 1379
f 1374 1369 1375 1380
f 1375 1376 1377 1378 1379 1380
f 1386 1385 1384 1383 1382 1381
f 1381 1382 1388 1387
f 1382 1383 1389 1388
f 1383 1384 1390 1389
f 1384 1385 1391 1390
f 1385 1386 1392 1391
f 1386 1381 1387 1392
f 1387 1388 1394 1393
f 1388 1389 1395 1394
f 1389 1390 1396 1395
f 1390 1391 1397 1396
f 1391 1392 1398 1397
f 1392 1387 1393 1398
f 1393 1394 1400 1399
f 1394 1395 1401 1400
f 1395 1396 1402 1401
f 1396 1397 1403 1402
f 1397 1398 1404 1403
f 1398 1393 1399 1404
f 1399 1400 1406 1405
f 1400 1401 1407 1406
f 1401 1402 1408 1407
f 1402 1403 1409 1408
f 1403 1404 1410 1409
f 1404 1399 1405 1410
f 1405 1406 1407 1408 1409 1410
f 1416 1415 1414 1413 1412 1411
f 1411 1412 1418 1417
f 1412 1413 1419 1418
f 1413 1414 1420 1419
f 1414 1415 1421 1420
f 1415 1416 1422 1421
f 1416 1411 1417 1422
f 1417 1418 1424 1423
f 1418 1419 1425 1424
f 1419 1420 1426 1425
f 1420 1421 1427 1426
f 1421 1422 1428 1427
f 1422 1417 1423 1428
f 1423 1424 1430 1429
f 1424 1425 1431 1430
f 1425 1426 1432 1431
f 1426 1427 1433 1432
f 1427 1428 1434 1433
f 1428 1423 1429 1434
f 1429 1430 1436 1435
f 1430 1431 1437 1436
f 1431 1432 1438 1437
f 1432 1433 1439 1438
f 1433 1434 1440 1439
f 1434 1429 1435 1440
f 1435 1436 1437 1438 1439 1440
f 1446 1445 1444 1443 1442 1441
f 1441 1442 1448 1447
f 1442 1443 1449 1448
f 1443 1444 1450 1449
f 1444 1445 1451 1450
f 1445 1446 1452 1451
f 1446 1441 1447 1452
f 1447 1448 1454 1453
f 1448 1449 1455 1454
f 1449 1450 1456 1455
f 1450 1451 1457 1456
f 1451 1452 1458 1457
f 1452 1447 1453 1458
f 1453 1454 1460 1459
f 1454 1455 1461 1460
f 1455 1456 1462 1461
f 1456 1457 1463 1462
f 1457 1458 1464 1463
f 1458 1453 1459 1464
f 1459 1460 1466 1465
f 1460 1461 1467 1466
f 1461 1462 1468 1467
f 1462 1463 1469 1468
f 1463 1464 1470 1469
f 1464 1459 1465 1470
f 1465 1466 1467 1468 1469 1470
f 1476 1475 1474 1473 1472 1471
f 1471 1472 1478 1477
f 1472 1473 1479 1478
f 1473 1474 1480 1479
f 1474 1475 1481 1480
f 1475 1476 1482 1481
f 1476 1471 1477 1482
f 1477 1478 1484 1483
f 1478 1479 1485 1484
f 1479 1480 1486 1485
f 1480 1481 1487 1486
f 1481 1482 1488 1487
f 1482 1477 1483 1488
f 1483 1484 1490 1489
f 1484 1485 1491 1490
f 1485 1486 1492 1491
f 1486 1487 1493 1492
f 1487 1488 1494 1493
f 1488 1483 1489 1494
f 1489 1490 1496 1495
f 1490 1491 1497 1496
f 1491 1492 1498 1497
f 1492 1493 1499 1498
f 1493 1494 1500 1499
f 1494 1489 1495 1500
f 1495 1496 1497 1498 1499 1500
f 1506 1505 1504 1503 1502 1501
f 1501 1502 1508 1507
f 1502 1503 1509 1508
f 1503 1504 1510 1509
f 1504 1505 1511 1510
f 1505 1506 1512 1511
f 1506 1501 1507 1512
f 1507 1508 1514 1513
f 1508 1509 1515 1514
f 1509 1510 1516 1515
f 1510 1511 1517 1516
f 1511 1512 1518 1517
f 1512 1507 1513 1518
f 1513 1514 1520 1519
f 1514 1515 1521 1520
f 1515 1516 1522 1521
f 1516 1517 1523 1522
f 1517 1518 1524 1523
f 1518 1513 1519 1524
f 1519 1520 1526 1525
f 1520 1521 1527 1526
f 1521 1522 1528 1527
f 1522 1523 1529 1528
f 1523 1524 1530 1529
f 1524 1519 1525 1530
f 1525 1526 1527 1528 1529 1530
f 1536 1535 1534 1533 1532 1531
f 1531 1532 1538 1537
f 1532 1533 1539 1538
f 1533 1534 1540 1539
f 1534 1535 1541 1540
f 1535 1536 1542 1541
f 1536 1531 1537 1542
f 1537 1538 1544 1543
f 1538 1539 1545 1544
f 1539 1540 1546 1545
f 1540 1541 1547 1546
f 1541 1542 1548 1547
f 1542 1537 1543 1548
f 1543 1544 1550 1549
f 1544 1545 1551 1550
f 1545 1546 1552 1551
f 1546 1547 1553 1552
f 1547 1548 1554 1553
f 1548 1543 1549 1554
f 1549 1550 1556 1555
f 1550 1551 1557 1556
f 1551 1552 1558 1557
f 1552 1553 1559 1558
f 1553 1554 1560 1559
f 1554 1549 1555 1560
f 1555 1556 1557 1558 1559 1560
f 1566 1565 1564 1563 1562 1561
f 1561 1562 1568 1567
f 1562 1563 1569 1568
f 1563 1564 1570 1569
f 1564 1565 1571 1570
f 1565 1566 1572 1571
f 1566 1561 1567 1572
f 1567 1568 1574 1573
f 1568 1569 1575 1574
f 1569 1570 1576 1575
f 1570 1571 1577 1576
f 1571 1572 1578 1577
f 1572 1567 1573 1578
f 1573 1574 1580 1579
f 1574 1575 1581 1580
f 1575 1576 1582 1581
f 1576 1577 1583 1582
f 1577 1578 1584 1583
f 1578 1573 1579 1584
f 1579 1580 1586 1585
f 1580 1581 1587 1586
f 1581 1582 1588 1587
f 1582 1583 1589 1588
f 1583 1584 1590 1589
f 1584 1579 1585 1590
f 1585 1586 1587 1588 1589 1590
f 1596 1595 1594 1593 1592 1591
f 1591 1592 1598 1597
f 1592 1593 1599 1598
f 1593 1594 1600 1599
f 1594 1595 1601 1600
f 1595 1596 1602 1601
f 1596 1591 1597 1602
f 1597 1598 1604 1603
f 1598 1599 1605 1604
f 1599 1600 1606 1605
f 1600 1601 1607 1606
f 1601 1602 1608 1607
f 1602 1597 1603 1608
f 1603 1604 1610 1609
f 1604 1605 1611 1610
f 1605 1606 1612 1611
f 1606 1607 1613 1612
f 1607 1608 1614 1613
f 1608 1603 1609 1614
f 1609 1610 1616 1615
f 1610 1611 1617 1616
f 1611 1612 1618 1617
f 1612 1613 1619 1618
f 1613 1614 1620 1619
f 1614 1609 1615 1620
f 1615 1616 1617 1618 1619 1620
f 1626 1625 1624 1623 1622 1621
f 1621 1622 1628 1627
f 1622 1623 1629 1628
f 1623 1624 1630 1629
f 1624 1625 1631 1630
f 1625 1626 1632 1631
f 1626 1621 1627 1632
f 1627 1628 1634 1633
f 1628 1629 1635 1634
f 1629 1630 1636 1635
f 1630 1631 1637 1636
f 1631 1632 1638 1637
f 1632 1627 1633 1638
f 1633 1634 1640 1639
f 1634 1635 1641 1640
f 1635 1636 1642 1641
f 1636 1637 1643 1642
f 1637 1638 1644 1643
f 1638 1633 1639 1644
f 1639 1640 1646 1645
f 1640 1641 1647 1646
f 1641 1642 1648 1647
f 1642 1643 1649 1648
f 1643 1644 1650 1649
f 1644 1639 1645 1650
f 1645 1646 1647 1648 1649 1650
f 1656 1655 1654 1653 1652 1651
f 1651 1652 1658 1657
f 1652 1653 1659 1658
f 1653 1654 1660 1659
f 1654 1655 1661 1660
f 1655 1656 1662 1661
f 1656 1651 1657 1662
f 1657 1658 1664 1663
f 1658 1659 1665 1664
f 1659 1660 1666 1665
f 1660 1661 1667 1666
f 1661 1662 1668 1667
f 1662 1657 1663 1668
f 1663 1664 1670 1669
f 1664 1665 1671 1670
f 1665 1666 1672 1671
f 1666 1667 1673 1672
f 1667 1668 1674 1673
f 1668 1663 1669 1674
f 1669 1670 1676 1675
f 1670 1671 1677 1676
f 1671 1672 1678 1677
f 1672 1673 1679 1678
f 1673 1674 1680 1679
f 1674 1669 1675 1680
f 1675 1676 1677 1678 1679 1680
f 1686 1685 1684 1683 1682 1681
f 1681 1682 1688 1687
f 1682 1683 1689 1688
f 1683 1684 1690 1689
f 1684 1685 1691 1690
f 1685 1686 1692 1691
f 1686 1681 1687 1692
f 1687 1688 1694 1693
f 1688 1689 1695 1694
f 1689 1690 1696 1695
f 1690 1691 1697 1696
f 1691 1692 1698 1697
f 1692 1687 1693 1698
f 1693 1694 1700 1699
f 1694 1695 1701 1700
f 1695 1696 1702 1701
f 1696 1697 1703 1702
f 1697 1698 1704 1703
f 1698 1693 1699 1704
f 1699 1700 1706 1705
f 1700 1701 1707 1706
f 1701 1702 1708 1707
f 1702 1703 1709 1708
f 1703 1704 1710 1709
f 1704 1699 1705 1710
f 1705 1706 1707 1708 1709 1710
f 1716 1715 1714 1713 1712 1711
f 1711 1712 1718 1717
f 1712 1713 1719 1718
f 1713 1714 1720 1719
f 1714 1715 1721 1720
f 1715 1716 1722 1721
f 1716 1711 1717 1722
f 1717 1718 1724 1723
f 1718 1719 1725 1724
f 1719 1720 1726 1725
f 1720 1721 1727 1726
f 1721 1722 1728 1727
f 1722 1717 1723 1728
f 1723 1724 1730 1729
f 1724 1725 1731 1730
f 1725 1726 1732 1731
f 1726 1727 1733 1732
f 1727 1728 1734 1733
f 1728 1723 1729 1734
f 1729 1730 1736 1735
f 1730 1731 1737 1736
f 1731 1732 1738 1737
f 1732 1733 1739 1738
f 1733 1734 1740 1739
f 1734 1729 1735 1740
f 1735 1736 1737 1738 1739 1740
f 1746 1745 1744 1743 1742 1741
f 1741 1742 1748 1747
f 1742 1743 1749 1748
f 1743 1744 1750 1749
f 1744 1745 1751 1750
f 1745 1746 1752 1751
f 1746 1741 1747 1752
f 1747 1748 1754 1753
f 1748 1749 1755 1754
f 1749 1750 1756 1755
f 1750 1751 1757 1756
f 1751 1752 1758 1757
f 1752 1747 1753 1758
f 1753 1754 1760 1759
f 1754 1755 1761 1760
f 1755 1756 1762 1761
f 1756 1757 1763 1762
f 1757 1758 1764 1763
f 1758 1753 1759 1764
f 1759 1760 1766 1765
f 1760 1761 1767 1766
f 1761 1762 1768 1767
f 1762 1763 1769 1768
f 1763 1764 1770 1769
f 1764 1759 1765 1770
f 1765 1766 1767 1768 1769 1770
f 1776 1775 1774 1773 1772 1771
f 1771 1772 1778 1777
f 1772 1773 1779 1778
f 1773 1774 1780 1779
f 1774 1775 1781 1780
f 1775 1776 1782 1781
f 1776 1771 1777 1782
f 1777 1778 1784 1783
f 1778 1779 1785 1784
f 1779 1780 1786 1785
f 1780 1781 1787 1786
f 1781 1782 1788 1787
f 1782 1777 1783 1788
f 1783 1784 1790 1789
f 1784 1785 1791 1790
f 1785 1786 1792 1791
f 1786 1787 1793 1792
f 1787 1788 1794 1793
f 1788 1783 1789 1794
f 1789 1790 1796 1795
f 1790 1791 1797 1796
f 1791 1792 1798 1797
f 1792 1793 1799 1798
f 1793 1794 1800 1799
f 1794 1789 1795 1800
f 1795 1796 1797 1798 1799 1800
f 1806 1805 1804 1803 1802 1801
f 1801 1802 1808 1807
f 1802 1803 1809 1808
f 1803 1804 1810 1809
f 1804 1805 1811 1810
f 1805 1806 1812 1811
f 1806 1801 1807 1812
f 1807 1808 1814 1813
f 1808 1809 1815 1814
f 1809 1810 1816 1815
f 1810 1811 1817 1816
f 1811 1812 1818 1817
f 1812 1807 1813 1818
f 1813 1814 1820 1819
f 1814 1815 1821 1820
f 1815 1816 1822 1821
f 1816 1817 1823 1822
f 1817 1818 1824 1823
f 1818 1813 1819 1824
f 1819 1820 1826 1825
f 1820 1821 1827 1826
f 1821 1822 1828 1827
f 1822 1823 1829 1828
f 1823 1824 1830 1829
f 1824 1819 1825 1830
f 1825 1826 1827 1828 1829 1830
f 1836 1835 1834 1833 1832 1831
f 1831 1832 1838 1837
f 1832 1833 1839 1838
f 1833 1834 1840 1839
f 1834 1835 1841 1840
f 1835 1836 1842 1841
f 1836 1831 1837 1842
f 1837 1838 1844 1843
f 1838 1839 1845 1844
f 1839 1840 1846 1845
f 1840 1841 1847 1846
f 1841 1842 1848 1847
f 1842 1837 1843 1848
f 1843 1844 1850 1849
f 1844 1845 1851 1850
f 1845 1846 1852 1851
f 1846 1847 1853 1852
f 1847 1848 1854 1853
f 1848 1843 1849 1854
f 1849 1850 1856 1855
f 1850 1851 1857 1856
f 1851 1852 1858 1857
f 1852 1853 1859 1858
f 1853 1854 1860 1859
f 1854 1849 1855 1860
f 1855 1856 1857 1858 1859 1860
f 1866 1865 1864 1863 1862 1861
f 1861 1862 1868 1867
f 1862 1863 1869 1868
f 1863 1864 1870 1869
f 1864 1865 1871 1870
f 1865 1866 1872 1871
f 1866 1861 1867 1872
f 1867 1868 1874 1873
f 1868 1869 1875 1874
f 1869 1870 1876 1875
f 1870 1871 1877 1876
f 1871 1872 1878 1877
f 1872 1867 1873 1878
f 1873 1874 1880 1879
f 1874 1875 1881 1880
f 1875 1876 1882 1881
f 1876 1877 1883 1882
f 1877 1878 1884 1883
f 1878 1873 1879 1884
f 1879 1880 1886 1885
f 1880 1881 1887 1886
f 1881 1882 1888 1887
f 1882 1883 1889 1888
f 1883 1884 1890 1889
f 1884 1879 1885 1890
f 1885 1886 1887 1888 1889 1890
f 1896 1895 1894 1893 1892 1891
f 1891 1892 1898 1897
f 1892 1893 1899 1898
f 1893 1894 1900 1899
f 1894 1895 1901 1900
f 1895 1896 1902 1901
f 1896 1891 1897 1902
f 1897 1898 1904 1903
f 1898 1899 1905 1904
f 1899 1900 1906 1905
f 1900 1901 1907 1906
f 1901 1902 1908 1907
f 1902 1897 1903 1908
f 1903 1904 1910 1909
f 1904 1905 1911 1910
f 1905 1906 1912 1911
f 1906 1907 1913 1912
f 1907 1908 1914 1913
f 1908 1903 1909 1914
f 1909 1910 1916 1915
f 1910 1911 1917 1916
f 1911 1912 1918 1917
f 1912 1913 1919 1918
f 1913 1914 1920 1919
f 1914 1909 1915 1920
f 1915 1916 1917 1918 1919 1920
f 1926 1925 1924 1923 1922 1921
f 1921 1922 1928 1927
f 1922 1923 1929 1928
f 1923 1924 1930 1929
f 1924 1925 1931 1930
f 1925 1926 1932 1931
f 1926 1921 1927 1932
f 1927 1928 1934 1933
f 1928 1929 1935 1934
f 1929 1930 1936 1935
f 1930 1931 1937 1936
f 1931 1932 1938 1937
f 1932 1927 1933 1938
f 1933 1934 1940 1939
f 1934 1935 1941 1940
f 1935 1936 1942 1941
f 1936 1937 1943 1942
f 1937 1938 1944 1943
f 1938 1933 1939 1944
f 1939 1940 1946 1945
f 1940 1941 1947 1946
f 1941 1942 1948 1947
f 1942 1943 1949 1948
f 1943 1944 1950 1949
f 1944 1939 1945 1950
f 1945 1946 1947 1948 1949 1950
f 1956 1955 1954 1953 1952 1951
f 1951 1952 1958 1957
f 1952 1953 1959 1958
f 1953 1954 1960 1959
f 1954 1955 1961 1960
f 1955 1956 1962 1961
f 1956 1951 1957 1962
f 1957 1958 1964 1963
f 1958 1959 1965 1964
f 1959 1960 1966 1965
f 1960 1961 1967 1966
f 1961 1962 1968 1967
f 1962 1957 1963 1968
f 1963 1964 1970 1969
f 1964 1965 1971 1970
f 1965 1966 1972 1971
f 1966 1967 1973 1972
f 1967 1968 1974 1973
f 1968 1963 1969 1974
f 1969 1970 1976 1975
f 1970 1971 1977 1976
f 1971 1972 1978 1977
f 1972 1973 1979 1978
f 1973 1974 1980 1979
f 1974 1969 1975 1980
f 1975 1976 1977 1978 1979 1980
f 1986 1985 1984 1983 1982 1981
f 1981 1982 1988 1987
f 1982 1983 1989 1988
f 1983 1984 1990 1989
f 1984 1985 1991 1990
f 1985 1986 1992 1991
f 1986 1981 1987 1992
f 1987 1988 1994 1993
f 1988 1989 1995 1994
f 1989 1990 1996 1995
f 1990 1991 1997 1996
f 1991 1992 1998 1997
f 1992 1987 1993 1998
f 1993 1994 2000 1999
f 1994 1995 2001 2000
f 1995 1996 2002 2001
f 1996 1997 2003 2002
f 1997 1998 2004 2003
f 1998 1993 1999 2004
f 1999 2000 2006 2005
f 2000 2001 2007 2006
f 2001 2002 2008 2007
f 2002 2003 2009 2008
f 2003 2004 2010 2009
f 2004 1999 2005 2010
f 2005 2006 2007 2008 2009 2010
f 2016 2015 2014 2013 2012 2011
f 2011 2012 2018 2017
f 2012 2013 2019 2018
f 2013 2014 2020 2019
f 2014 2015 2021 2020
f 2015 2016 2022 2021
f 2016 2011 2017 2022
f 2017 2018 2024 2023
f 2018 2019 2025 2024
f 2019 2020 2026 2025
f 2020 2021 2027 2026
f 2021 2022 2028 2027
f 2022 2017 2023 2028
f 2023 2024 2030 2029
f 2024 2025 2031 2030
f 2025 2026 2032 2031
f 2026 2027 2033 2032
f 2027 2028 2034 2033
f 2028 2023 2029 2034
f 2029 2030 2036 2035
f 2030 2031 2037 2036
f 2031 2032 2038 2037
f 2032 2033 2039 2038
f 2033 2034 2040 2039
f 2034 2029 2035 2040
f 2035 2036 2037 2038 2039 2040
f 2046 2045 2044 2043 2042 2041
f 2041 2042 2048 2047
f 2042 2043 2049 2048
f 2043 2044 2050 2049
f 2044 2045 2051 2050
f 2045 2046 2052 2051
f 2046 2041 2047 2052
f 2047 2048 2054 2053
f 2048 2049 2055 2054
f 2049 2050 2056 2055
f 2050 2051 2057 2056
f 2051 2052 2058 2057
f 2052 2047 2053 2058
f 2053 2054 2060 2059
f 2054 2055 2061 2060
f 2055 2056 2062 2061
f 2056 2057 2063 2062
f 2057 2058 2064 2063
f 2058 2053 2059 2064
f 2059 2060 2066 2065
f 2060 2061 2067 2066
f 2061 2062 2068 2067
f 2062 2063 2069 2068
f 2063 2064 2070 2069
f 2064 2059 2065 2070
f 2065 2066 2067 2068 2069 2070
f 2076 2075 2074 2073 2072 2071
f 2071 2072 2078 2077
f 2072 2073 2079 2078
f 2073 2074 2080 2079
f 2074 2075 2081 2080
f 2075 2076 2082 2081
f 2076 2071 2077 2082
f 2077 2078 2084 2083
f 2078 2079 2085 2084
f 2079 2080 2086 2085
f 2080 2081 2087 2086
f 2081 2082 2088 2087
f 2082 2077 2083 2088
f 2083 2084 2090 2089
f 2084 2085 2091 2090
f 2085 2086 2092 2091
f 2086 2087 2093 2092
f 2087 2088 2094 2093
f 2088 2083 2089 2094
f 2089 2090 2096 2095
f 2090 2091 2097 2096
f 2091 2092 2098 2097
f 2092 2093 2099 2098
f 2093 2094 2100 2099
f 2094 2089 2095 2100
f 2095 2096 2097 2098 2099 2100
f 2106 2105 2104 2103 2102 2101
f 2101 2102 2108 2107
f 2102 2103 2109 2108
f 2103 2104 2110 2109
f 2104 2105 2111 2110
f 2105 2106 2112 2111
f 2106 2101 2107 2112
f 2107 2108 2114 2113
f 2108 2109 2115 2114
f 2109 2110 2116 2115
f 2110 2111 2117 2116
f 2111 2112 2118 2117
f 2112 2107 2113 2118
f 2113 2114 2120 2119
f 2114 2115 2121 2120
f 2115 2116 2122 2121
f 2116 2117 2123 2122
f 2117 2118 2124 2123
f 2118 2113 2119 2124
f 2119 2120 2126 2125
f 2120 2121 2127 2126
f 2121 2122 2128 2127
f 2122 2123 2129 2128
f 2123 2124 2130 2129
f 2124 2119 2125 2130
f 2125 2126 2127 2128 2129 2130
f 2136 2135 2134 2133 2132 2131
f 2131 2132 2138 2137
f 2132 2133 2139 2138
f 2133 2134 2140 2139
f 2134 2135 2141 2140
f 2135 2136 2142 2141
f 2136 2131 2137 2142
f 2137 2138 2144 2143
f 2138 2139 2145 2144
f 2139 2140 2146 2145
f 2140 2141 2147 2146
f 2141 2142 2148 2147
f 2142 2137 2143 2148
f 2143 2144 2150 2149
f 2144 2145 2151 2150
f 2145 2146 2152 2151
f 2146 2147 2153 2152
f 2147 2148 2154 2153
f 2148 2143 2149 2154
f 2149 2150 2156 2155
f 2150 2151 2157 2156
f 2151 2152 2158 2157
f 2152 2153 2159 2158
f 2153 2154 2160 2159
f 2154 2149 2155 2160
f 2155 2156 2157 2158 2159 2160
f 2166 2165 2164 2163 2162 2161
f 2161 2162 2168 2167
f 2162 2163 2169 2168
f 2163 2164 2170 2169
f 2164 2165 2171 2170
f 2165 2166 2172 2171
f 2166 2161 2167 2172
f 2167 2168 2174 2173
f 2168 2169 2175 2174
f 2169 2170 2176 2175
f 2170 2171 2177 2176
f 2171 2172 2178 2177
f 2172 2167 2173 2178
f 2173 2174 2180 2179
f 2174 2175 2181 2180
f 2175 2176 2182 2181
f 2176 2177 2183 2182
f 2177 2178 2184 2183
f 2178 2173 2179 2184
f 2179 2180 2186 2185
f 2180 2181 2187 2186
f 2181 2182 2188 2187
f 2182 2183 2189 2188
f 2183 2184 2190 2189
f 2184 2179 2185 2190
f 2185 2186 2187 2188 2189 2190
f 2196 2195 2194 2193 2192 2191
f 2191 2192 2198 2197
f 2192 2193 2199 2198
f 2193 2194 2200 2199
f 2194 2195 2201 2200
f 2195 2196 2202 2201
f 2196 2191 2197 2202
f 2197 2198 2204 2203
f 2198 2199 2205 2204
f 2199 2200 2206 2205
f 2200 2201 2207 2206
f 2201 2202 2208 2207
f 2202 2197 2203 2208
f 2203 2204 2210 2209
f 2204 2205 2211 2210
f 2205 2206 2212 2211
f 2206 2207 2213 2212
f 2207 2208 2214 2213
f 2208 2203 2209 2214
f 2209 2210 2216 2215
f 2210 2211 2217 2216
f 2211 2212 2218 2217
f 2212 2213 2219 2218
f 2213 2214 2220 2219
f 2214 2209 2215 2220
f 2215 2216 2217 2218 2219 2220
f 2226 2225 2224 2223 2222 2221
f 2221 2222 2228 2227
f 2222 2223 2229 2228
f 2223 2224 2230 2229
f 2224 2225 2231 2230
f 2225 2226 2232 2231
f 2226 2221 2227 2232
f 2227 2228 2234 2233
f 2228 2229 2235 2234
f 2229 2230 2236 2235
f 2230 2231 2237 2236
f 2231 2232 2238 2237
f 2232 2227 2233 2238
f 2233 2234 2240 2239
f 2234 2235 2241 2240
f 2235 2236 2242 2241
f 2236 2237 2243 2242
f 2237 2238 2244 2243
f 2238 2233 2239 2244
f 2239 2240 2246 2245
f 2240 2241 2247 2246
f 2241 2242 2248 2247
f 2242 2243 2249 2248
f 2243 2244 2250 2249
f 2244 2239 2245 2250
f 2245 2246 2247 2248 2249 2250
f 2256 2255 2254 2253 2252 2251
f 2251 2252 2258 2257
f 2252 2253 2259 2258
f 2253 2254 2260 2259
f 2254 2255 2261 2260
f 2255 2256 2262 2261
f 2256 2251 2257 2262
f 2257 2258 2264 2263
f 2258 2259 2265 2264
f 2259 2260 2266 2265
f 2260 2261 2267 2266
f 2261 2262 2268 2267
f 2262 2257 2263 2268
f 2263 2264 2270 2269
f 2264 2265 2271 2270
f 2265 2266 2272 2271
f 2266 2267 2273 2272
f 2267 2268 2274 2273
f 2268 2263 2269 2274
f 2269 2270 2276 2275
f 2270 2271 2277 2276
f 2271 2272 2278 2277
f 2272 2273 2279 2278
f 2273 2274 2280 2279
f 2274 2269 2275 2280
f 2275 2276 2277 2278 2279 2280
f 2286 2285 2284 2283 2282 2281
f 2281 2282 2288 2287
f 2282 2283 2289 2288
f 2283 2284 2290 2289
f 2284 2285 2291 2290
f 2285 2286 2292 2291
f 2286 2281 2287 2292
f 2287 2288 2294 2293
f 2288 2289 2295 2294
f 2289 2290 2296 2295
f 2290 2291 2297 2296
f 2291 2292 2298 2297
f 2292 2287 2293 2298
f 2293 2294 2300 2299
f 2294 2295 2301 2300
f 2295 2296 2302 2301
f 2296 2297 2303 2302
f 2297 2298 2304 2303
f 2298 2293 2299 2304
f 2299 2300 2306 2305
f 2300 2301 2307 2306
f 2301 2302 2308 2307
f 2302 2303 2309 2308
f 2303 2304 2310 2309
f 2304 2299 2305 2310
f 2305 2306 2307 2308 2309 2310
f 2316 2315 2314 2313 2312 2311
f 2311 2312 2318 2317
f 2312 2313 2319 2318
f 2313 2314 2320 2319
f 2314 2315 2321 2320
f 2315 2316 2322 2321
f 2316 2311 2317 2322
f 2317 2318 2324 2323
f 2318 2319 2325 2324
f 2319 2320 2326 2325
f 2320 2321 2327 2326
f 2321 2322 2328 2327
f 2322 2317 2323 2328
f 2323 2324 2330 2329
f 2324 2325 2331 2330
f 2325 2326 2332 2331
f 2326 2327 2333 2332
f 2327 2328 2334 2333
f 2328 2323 2329 2334
f 2329 2330 2336 2335
f 2330 2331 2337 2336
f 2331 2332 2338 2337
f 2332 2333 2339 2338
f 2333 2334 2340 2339
f 2334 2329 2335 2340
f 2335 2336 2337 2338 2339 2340
f 2346 2345 2344 2343 2342 2341
f 2341 2342 2348 2347
f 2342 2343 2349 2348
f 2343 2344 2350 2349
f 2344 2345 2351 2350
f 2345 2346 2352 2351
f 2346 2341 2347 2352
f 2347 2348 2354 2353
f 2348 2349 2355 2354
f 2349 2350 2356 2355
f 2350 2351 2357 2356
f 2351 2352 2358 2357
f 2352 2347 2353 2358
f 2353 2354 2360 2359
f 2354 2355 2361 2360
f 2355 2356 2362 2361
f 2356 2357 2363 2362
f 2357 2358 2364 2363
f 2358 2353 2359 2364
f 2359 2360 2366 2365
f 2360 2361 2367 2366
f 2361 2362 2368 2367
f 2362 2363 2369 2368
f 2363 2364 2370 2369
f 2364 2359 2365 2370
f 2365 2366 2367 2368 2369 2370
f 2376 2375 2374 2373 2372 2371
f 2371 2372 2378 2377
f 2372 2373 2379 2378
f 2373 2374 2380 2379
f 2374 2375 2381 2380
f 2375 2376 2382 2381
f 2376 2371 2377 2382
f 2377 2378 2384 2383
f 2378 2379 2385 2384
f 2379 2380 2386 2385
f 2380 2381 2387 2386
f 2381 2382 2388 2387
f 2382 2377 2383 2388
f 2383 2384 2390 2389
f 2384 2385 2391 2390
f 2385 2386 2392 2391
f 2386 2387 2393 2392
f 2387 2388 2394 2393
f 2388 2383 2389 2394
f 2389 2390 2396 2395
f 2390 2391 2397 2396
f 2391 2392 2398 2397
f 2392 2393 2399 2398
f 2393 2394 2400 2399
f 2394 2389 2395 2400
f 2395 2396 2397 2398 2399 2400
f 2406 2405 2404 2403 2402 2401
f 2401 2402 2408 2407
f 2402 2403 2409 2408
f 2403 2404 2410 2409
f 2404 2405 2411 2410
f 2405 2406 2412 2411
f 2406 2401 2407 2412
f 2407 2408 2414 2413
f 2408 2409 2415 2414
f 2409 2410 2416 2415
f 2410 2411 2417 2416
f 2411 2412 2418 2417
f 2412 2407 2413 2418
f 2413 2414 2420 2419
f 2414 2415 2421 2420
f 2415 2416 2422 2421
f 2416 2417 2423 2422
f 2417 2418 2424 2423
f 2418 2413 2419 2424
f 2419 2420 2426 2425
f 2420 2421 2427 2426
f 2421 2422 2428 2427
f 2422 2423 2429 2428
f 2423 2424 2430 2429
f 2424 2419 2425 2430
f 2425 2426 2427 2428 2429 2430
f 2436 2435 2434 2433 2432 2431
f 2431 2432 2438 2437
f 2432 2433 2439 2438
f 2433 2434 2440 2439
f 2434 2435 2441 2440
f 2435 2436 2442 2441
f 2436 2431 2437 2442
f 2437 2438 2444 2443
f 2438 2439 2445 2444
f 2439 2440 2446 2445
f 2440 2441 2447 2446
f 2441 2442 2448 2447
f 2442 2437 2443 2448
f 2443 2444 2450 2449
f 2444 2445 2451 2450
f 2445 2446 2452 2451
f 2446 2447 2453 2452
f 2447 2448 2454 2453
f 2448 2443 2449 2454
f 2449 2450 2456 2455
f 2450 2451 2457 2456
f 2451 2452 2458 2457
f 2452 2453 2459 2458
f 2453 2454 2460 2459
f 2454 2449 2455 2460
f 2455 2456 2457 2458 2459 2460
f 2466 2465 2464 2463 2462 2461
f 2461 2462 2468 2467
f 2462 2463 2469 2468
f 2463 2464 2470 2469
f 2464 2465 2471 2470
f 2465 2466 2472 2471
f 2466 2461 2467 2472
f 2467 2468 2474 2473
f 2468 2469 2475 2474
f 2469 2470 2476 2475
f 2470 2471 2477 2476
f 2471 2472 2478 2477
f 2472 2467 2473 2478
f 2473 2474 2480 2479
f 2474 2475 2481 2480
f 2475 2476 2482 2481
f 2476 2477 2483 2482
f 2477 2478 2484 2483
f 2478 2473 2479 2484
f 2479 2480 2486 2485
f 2480 2481 2487 2486
f 2481 2482 2488 2487
f 2482 2483 2489 2488
f 2483 2484 2490 2489
f 2484 2479 2485 2490
f 2485 2486 2487 2488 2489 2490
f 2496 2495 2494 2493 2492 2491
f 2491 2492 2498 2497
f 2492 2493 2499 2498
f 2493 2494 2500 2499
f 2494 2495 2501 2500
f 2495 2496 2502 2501
f 2496 2491 2497 2502
f 2497 2498 2504 2503
f 2498 2499 2505 2504
f 2499 2500 2506 2505
f 2500 2501 2507 2506
f 2501 2502 2508 2507
f 2502 2497 2503 2508
f 2503 2504 2510 2509
f 2504 2505 2511 2510
f 2505 2506 2512 2511
f 2506 2507 2513 2512
f 2507 2508 2514 2513
f 2508 2503 2509 2514
f 2509 2510 2516 2515
f 2510 2511 2517 2516
f 2511 2512 2518 2517
f 2512 2513 2519 2518
f 2513 2514 2520 2519
f 2514 2509 2515 2520
f 2515 2516 2517 2518 2519 2520
f 2526 2525 2524 2523 2522 2521
f 2521 2522 2528 2527
f 2522 2523 2529 2528
f 2523 2524 2530 2529
f 2524 2525 2531 2530
f 2525 2526 2532 2531
f 2526 2521 2527 2532
f 2527 2528 2534 2533
f 2528 2529 2535 2534
f 2529 2530 2536 2535
f 2530 2531 2537 2536
f 2531 2532 2538 2537
f 2532 2527 2533 2538
f 2533 2534 2540 2539
f 2534 2535 2541 2540
f 2535 2536 2542 2541
f 2536 2537 2543 2542
f 2537 2538 2544 2543
f 2538 2533 2539 2544
f 2539 2540 2546 2545
f 2540 2541 2547 2546
f 2541 2542 2548 2547
f 2542 2543 2549 2548
f 2543 2544 2550 2549
f 2544 2539 2545 2550
f 2545 2546 2547 2548 2549 2550
f 2556 2555 2554 2553 2552 2551
f 2551 2552 2558 2557
f 2552 2553 2559 2558
f 2553 2554 2560 2559
f 2554 2555 2561 2560
f 2555 2556 2562 2561
f 2556 2551 2557 2562
f 2557 2558 2564 2563
f 2558 2559 2565 2564
f 2559 2560 2566 2565
f 2560 2561 2567 2566
f 2561 2562 2568 2567
f 2562 2557 2563 2568
f 2563 2564 2570 2569
f 2564 2565 2571 2570
f 2565 2566 2572 2571
f 2566 2567 2573 2572
f 2567 2568 2574 2573
f 2568 2563 2569 2574
f 2569 2570 2576 2575
f 2570 2571 2577 2576
f 2571 2572 2578 2577
f 2572 2573 2579 2578
f 2573 2574 2580 2579
f 2574 2569 2575 2580
f 2575 2576 2577 2578 2579 2580
f 2586 2585 2584 2583 2582 2581
f 2581 2582 2588 2587
f 2582 2583 2589 2588
f 2583 2584 2590 2589
f 2584 2585 2591 2590
f 2585 2586 2592 2591
f 2586 2581 2587 2592
f 2587 2588 2594 2593
f 2588 2589 2595 2594
f 2589 2590 2596 2595
f 2590 2591 2597 2596
f 2591 2592 2598 2597
f 2592 2587 2593 2598
f 2593 2594 2600 2599
f 2594 2595 2601 2600
f 2595 2596 2602 2601
f 2596 2597 2603 2602
f 2597 2598 2604 2603
f 2598 2593 2599 2604
f 2599 2600 2606 2605
f 2600 2601 2607 2606
f 2601 2602 2608 2607
f 2602 2603 2609 2608
f 2603 2604 2610 2609
f 2604 2599 2605 2610
f 2605 2606 2607 2608 2609 2610
f 2616 2615 2614 2613 2612 2611
f 2611 2612 2618 2617
f 2612 2613 2619 2618
f 2613 2614 2620 2619
f 2614 2615 2621 2620
f 2615 2616 2622 2621
f 2616 2611 2617 2622
f 2617 2618 2624 2623
f 2618 2619 2625 2624
f 2619 2620 2626 2625
f 2620 2621 2627 2626
f 2621 2622 2628 2627
f 2622 2617 2623 2628
f 2623 2624 2630 2629
f 2624 2625 2631 2630
f 2625 2626 2632 2631
f 2626 2627 2633 2632
f 2627 2628 2634 2633
f 2628 2623 2629 2634
f 2629 2630 2636 2635
f 2630 2631 2637 2636
f 2631 2632 2638 2637
f 2632 2633 2639 2638
f 2633 2634 2640 2639
f 2634 2629 2635 2640
f 2635 2636 2637 2638 2639 2640
f 2646 2645 2644 2643 2642 2641
f 2641 2642 2648 2647
f 2642 2643 2649 2648
f 2643 2644 2650 2649
f 2644 2645 2651 2650
f 2645 2646 2652 2651
f 2646 2641 2647 2652
f 2647 2648 2654 2653
f 2648 2649 2655 2654
f 2649 2650 2656 2655
f 2650 2651 2657 2656
f 2651 2652 2658 2657
f 2652 2647 2653 2658
f 2653 2654 2660 2659
f 2654 2655 2661 2660
f 2655 2656 2662 2661
f 2656 2657 2663 2662
f 2657 2658 2664 2663
f 2658 2653 2659 2664
f 2659 2660 2666 2665
f 2660 2661 2667 2666
f 2661 2662 2668 2667
f 2662 2663 2669 2668
f 2663 2664 2670 2669
f 2664 2659 2665 2670
f 2665 2666 2667 2668 2669 2670
f 2676 2675 2674 2673 2672 2671
f 2671 2672 2678 2677
f 2672 2673 2679 2678
f 2673 2674 2680 2679
f 2674 2675 2681 2680
f 2675 2676 2682 2681
f 2676 2671 2677 2682
f 2677 2678 2684 2683
f 2678 2679 2685 2684
f 2679 2680 2686 2685
f 2680 2681 2687 2686
f 2681 2682 2688 2687
f 2682 2677 2683 2688
f 2683 2684 2690 2689
f 2684 2685 2691 2690
f 2685 2686 2692 2691
f 2686 2687 2693 2692
f 2687 2688 2694 2693
f 2688 2683 2689 2694
f 2689 2690 2696 2695
f 2690 2691 2697 2696
f 2691 2692 2698 2697
f 2692 2693 2699 2698
f 2693 2694 2700 2699
f 2694 2689 2695 2700
f 2695 2696 2697 2698 2699 2700
f 2706 2705 2704 2703 2702 2701
f 2701 2702 2708 2707
f 2702 2703 2709 2708
f 2703 2704 2710 2709
f 2704 2705 2711 2710
f 2705 2706 2712 2711
f 2706 2701 2707 2712
f 2707 2708 2714 2713
f 2708 2709 2715 2714
f 2709 2710 2716 2715
f 2710 2711 2717 2716
f 2711 2712 2718 2717
f 2712 2707 2713 2718
f 2713 2714 2720 2719
f 2714 2715 2721 2720
f 2715 2716 2722 2721
f 2716 2717 2723 2722
f 2717 2718 2724 2723
f 2718 2713 2719 2724
f 2719 2720 2726 2725
f 2720 2721 2727 2726
f 2721 2722 2728 2727
f 2722 2723 2729 2728
f 2723 2724 2730 2729
f 2724 2719 2725 2730
f 2725 2726 2727 2728 2729 2730
f 2736 2735 2734 2733 2732 2731
f 2731 2732 2738 2737
f 2732 2733 2739 2738
f 2733 2734 2740 2739
f 2734 2735 2741 2740
f 2735 2736 2742 2741
f 2736 2731 2737 2742
f 2737 2738 2744 2743
f 2738 2739 2745 2744
f 2739 2740 2746 2745
f 2740 2741 2747 2746
f 2741 2742 2748 2747
f 2742 2737 2743 2748
f 2743 2744 2750 2749
f 2744 2745 2751 2750
f 2745 2746 2752 2751
f 2746 2747 2753 2752
f 2747 2748 2754 2753
f 2748 2743 2749 2754
f 2749 2750 2756 2755
f 2750 2751 2757 2756
f 2751 2752 2758 2757
f 2752 2753 2759 2758
f 2753 2754 2760 2759
f 2754 2749 2755 2760
f 2755 2756 2757 2758 2759 2760
f 2766 2765 2764 2763 2762 2761
f 2761 2762 2768 2767
f 2762 2763 2769 2768
f 2763 2764 2770 2769
f 2764 2765 2771 2770
f 2765 2766 2772 2771
f 2766 2761 2767 2772
f 2767 2768 2774 2773
f 2768 2769 2775 2774
f 2769 2770 2776 2775
f 2770 2771 2777 2776
f 2771 2772 2778 2777
f 2772 2767 2773 2778
f 2773 2774 2780 2779
f 2774 2775 2781 2780
f 2775 2776 2782 2781
f 2776 2777 2783 2782
f 2777 2778 2784 2783
f 2778 2773 2779 2784
f 2779 2780 2786 2785
f 2780 2781 2787 2786
f 2781 2782 2788 2787
f 2782 2783 2789 2788
f 2783 2784 2790 2789
f 2784 2779 2785 2790
f 2785 2786 2787 2788 2789 2790
f 2796 2795 2794 2793 2792 2791
f 2791 2792 2798 2797
f 2792 2793 2799 2798
f 2793 2794 2800 2799
f 2794 2795 2801 2800
f 2795 2796 2802 2801
f 2796 2791 2797 2802
f 2797 2798 2804 2803
f 2798 2799 2805 2804
f 2799 2800 2806 2805
f 2800 2801 2807 2806
f 2801 2802 2808 2807
f 2802 2797 2803 2808
f 2803 2804 2810 2809
f 2804 2805 2811 2810
f 2805 2806 2812 2811
f 2806 2807 2813 2812
f 2807 2808 2814 2813
f 2808 2803 2809 2814
f 2809 2810 2816 2815
f 2810 2811 2817 2816
f 2811 2812 2818 2817
f 2812 2813 2819 2818
f 2813 2814 2820 2819
f 2814 2809 2815 2820
f 2815 2816 2817 2818 2819 2820
f 2826 2825 2824 2823 2822 2821
f 2821 2822 2828 2827
f 2822 2823 2829 2828
f 2823 2824 2830 2829
f 2824 2825 2831 2830
f 2825 2826 2832 2831
f 2826 2821 2827 2832
f 2827 2828 2834 2833
f 2828 2829 2835 2834
f 2829 2830 2836 2835
f 2830 2831 2837 2836
f 2831 2832 2838 2837
f 2832 2827 2833 2838
f 2833 2834 2840 2839
f 2834 2835 2841 2840
f 2835 2836 2842 2841
f 2836 2837 2843 2842
f 2837 2838 2844 2843
f 2838 2833 2839 2844
f 2839 2840 2846 2845
f 2840 2841 2847 2846
f 2841 2842 2848 2847
f 2842 2843 2849 2848
f 2843 2844 2850 2849
f 2844 2839 2845 2850
f 2845 2846 2847 2848 2849 2850
f 2856 2855 2854 2853 2852 2851
f 2851 2852 2858 2857
f 2852 2853 2859 2858
f 2853 2854 2860 2859
f 2854 2855 2861 2860
f 2855 2856 2862 2861
f 2856 2851 2857 2862
f 2857 2858 2864 2863
f 2858 2859 2865 2864
f 2859 2860 2866 2865
f 2860 2861 2867 2866
f 2861 2862 2868 2867
f 2862 2857 2863 2868
f 2863 2864 2870 2869
f 2864 2865 2871 2870
f 2865 2866 2872 2871
f 2866 2867 2873 2872
f 2867 2868 2874 2873
f 2868 2863 2869 2874
f 2869 2870 2876 2875
f 2870 2871 2877 2876
f 2871 2872 2878 2877
f 2872 2873 2879 2878
f 2873 2874 2880 2879
f 2874 2869 2875 2880
f 2875 2876 2877 2878 2879 2880
f 2886 2885 2884 2883 2882 2881
f 2881 2882 2888 2887
f 2882 2883 2889 2888
f 2883 2884 2890 2889
f 2884 2885 2891 2890
f 2885 2886 2892 2891
f 2886 2881 2887 2892
f 2887 2888 2894 2893
f 2888 2889 2895 2894
f 2889 2890 2896 2895
f 2890 2891 2897 2896
f 2891 2892 2898 2897
f 2892 2887 2893 2898
f 2893 2894 2900 2899
f 2894 2895 2901 2900
f 2895 2896 2902 2901
f 2896 2897 2903 2902
f 2897 2898 2904 2903
f 2898 2893 2899 2904
f 2899 2900 2906 2905
f 2900 2901 2907 2906
f 2901 2902 2908 2907
f 2902 2903 2909 2908
f 2903 2904 2910 2909
f 2904 2899 2905 2910
f 2905 2906 2907 2908 2909 2910
f 2916 2915 2914 2913 2912 2911
f 2911 2912 2918 2917
f 2912 2913 2919 2918
f 2913 2914 2920 2919
f 2914 2915 2921 2920
f 2915 2916 2922 2921
f 2916 2911 2917 2922
f 2917 2918 2924 2923
f 2918 2919 2925 2924
f 2919 2920 2926 2925
f 2920 2921 2927 2926
f 2921 2922 2928 2927
f 2922 2917 2923 2928
f 2923 2924 2930 2929
f 2924 2925 2931 2930
f 2925 2926 2932 2931
f 2926 2927 2933 2932
f 2927 2928 2934 2933
f 2928 2923 2929 2934
f 2929 2930 2936 2935
f 2930 2931 2937 2936
f 2931 2932 2938 2937
f 2932 2933 2939 2938
f 2933 2934 2940 2939
f 2934 2929 2935 2940
f 2935 2936 2937 2938 2939 2940
f 2946 2945 2944 2943 2942 2941
f 2941 2942 2948 2947
f 2942 2943 2949 2948
f 2943 2944 2950 2949
f 2944 2945 2951 2950
f 2945 2946 2952 2951
f 2946 2941 2947 2952
f 2947 2948 2954 2953
f 2948 2949 2955 2954
f 2949 2950 2956 2955
f 2950 2951 2957 2956
f 2951 2952 2958 2957
f 2952 2947 2953 2958
f 2953 2954 2960 2959
f 2954 2955 2961 2960
f 2955 2956 2962 2961
f 2956 2957 2963 2962
f 2957 2958 2964 2963
f 2958 2953 2959 2964
f 2959 2960 2966 2965
f 2960 2961 2967 2966
f 2961 2962 2968 2967
f 2962 2963 2969 2968
f 2963 2964 2970 2969
f 2964 2959 2965 2970
f 2965 2966 2967 2968 2969 2970
f 2976 2975 2974 2973 2972 2971
f 2971 2972 2978 2977
f 2972 2973 2979 2978
f 2973 2974 2980 2979
f 2974 2975 2981 2980
f 2975 2976 2982 2981
f 2976 2971 2977 2982
f 2977 2978 2984 2983
f 2978 2979 2985 2984
f 2979 2980 2986 2985
f 2980 2981 2987 2986
f 2981 2982 2988 2987
f 2982 2977 2983 2988
f 2983 2984 2990 2989
f 2984 2985 2991 2990
f 2985 2986 2992 2991
f 2986 2987 2993 2992
f 2987 2988 2994 2993
f 2988 2983 2989 2994
f 2989 2990 2996 2995
f 2990 2991 2997 2996
f 2991 2992 2998 2997
f 2992 2993 2999 2998
f 2993 2994 3000 2999
f 2994 2989 2995 3000
f 2995 2996 2997 2998 2999 3000
f 3006 3005 3004 3003 3002 3001
f 3001 3002 3008 3007
f 3002 3003 3009 3008
f 3003 3004 3010 3009
f 3004 3005 3011 3010
f 3005 3006 3012 3011
f 3006 3001 3007 3012
f 3007 3008 3014 3013
f 3008 3009 3015 3014
f 3009 3010 3016 3015
f 3010 3011 3017 3016
f 3011 3012 3018 3017
f 3012 3007 3013 3018
f 3013 3014 3020 3019
f 3014 3015 3021 3020
f 3015 3016 3022 3021
f 3016 3017 3023 3022
f 3017 3018 3024 3023
f 3018 3013 3019 3024
f 3019 3020 3026 3025
f 3020 3021 3027 3026
f 3021 3022 3028 3027
f 3022 3023 3029 3028
f 3023 3024 3030 3029
f 3024 3019 3025 3030
f 3025 3026 3027 3028 3029 3030
f 3036 3035 3034 3033 3032 3031
f 3031 3032 3038 3037
f 3032 3033 3039 3038
f 3033 3034 3040 3039
f 3034 3035 3041 3040
f 3035 3036 3042 3041
f 3036 3031 3037 3042
f 3037 3038 3044 3043
f 3038 3039 3045 3044
f 3039 3040 3046 3045
f 3040 3041 3047 3046
f 3041 3042 3048 3047
f 3042 3037 3043 3048
f 3043 3044 3050 3049
f 3044 3045 3051 3050
f 3045 3046 3052 3051
f 3046 3047 3053 3052
f 3047 3048 3054 3053
f 3048 3043 3049 3054
f 3049 3050 3056 3055
f 3050 3051 3057 3056
f 3051 3052 3058 3057
f 3052 3053 3059 3058
f 3053 3054 3060 3059
f 3054 3049 3055 3060
f 3055 3056 3057 3058 3059 3060
f 3066 3065 3064 3063 3062 3061
f 3061 3062 3068 3067
f 3062 3063 3069 3068
f 3063 3064 3070 3069
f 3064 3065 3071 3070
f 3065 3066 3072 3071
f 3066 3061 3067 3072
f 3067 3068 3074 3073
f 3068 3069 3075 3074
f 3069 3070 3076 3075
f 3070 3071 3077 3076
f 3071 3072 3078 3077
f 3072 3067 3073 3078
f 3073 3074 3080 3079
f 3074 3075 3081 3080
f 3075 3076 3082 3081
f 3076 3077 3083 3082
f 3077 3078 3084 3083
f 3078 3073 3079 3084
f 3079 3080 3086 3085
f 3080 3081 3087 3086
f 3081 3082 3088 3087
f 3082 3083 3089 3088
f 3083 3084 3090 3089
f 3084 3079 3085 3090
f 3085 3086 3087 3088 3089 3090
f 3096 3095 3094 3093 3092 3091
f 3091 3092 3098 3097
f 3092 3093 3099 3098
f 3093 3094 3100 3099
f 3094 3095 3101 3100
f 3095 3096 3102 3101
f 3096 3091 3097 3102
f 3097 3098 3104 3103
f 3098 3099 3105 3104
f 3099 3100 3106 3105
f 3100 3101 3107 3106
f 3101 3102 3108 3107
f 3102 3097 3103 3108
f 3103 3104 3110 3109
f 3104 3105 3111 3110
f 3105 3106 3112 3111
f 3106 3107 3113 3112
f 3107 3108 3114 3113
f 3108 3103 3109 3114
f 3109 3110 3116 3115
f 3110 3111 3117 3116
f 3111 3112 3118 3117
f 3112 3113 3119 3118
f 3113 3114 3120 3119
f 3114 3109 3115 3120
f 3115 3116 3117 3118 3119 3120
f 3126 3125 3124 3123 3122 3121
f 3121 3122 3128 3127
f 3122 3123 3129 3128
f 3123 3124 3130 3129
f 3124 3125 3131 3130
f 3125 3126 3132 3131
f 3126 3121 3127 3132
f 3127 3128 3134 3133
f 3128 3129 3135 3134
f 3129 3130 3136 3135
f 3130 3131 3137 3136
f 3131 3132 3138 3137
f 3132 3127 3133 3138
f 3133 3134 3140 3139
f 3134 3135 3141 3140
f 3135 3136 3142 3141
f 3136 3137 3143 3142
f 3137 3138 3144 3143
f 3138 3133 3139 3144
f 3139 3140 3146 3145
f 3140 3141 3147 3146
f 3141 3142 3148 3147
f 3142 3143 3149 3148
f 3143 3144 3150 3149
f 3144 3139 3145 3150
f 3145 3146 3147 3148 3149 3150
f 3156 3155 3154 3153 3152 3151
f 3151 3152 3158 3157
f 3152 3153 3159 3158
f 3153 3154 3160 3159
f 3154 3155 3161 3160
f 3155 3156 3162 3161
f 3156 3151 3157 3162
f 3157 3158 3164 3163
f 3158 3159 3165 3164
f 3159 3160 3166 3165
f 3160 3161 3167 3166
f 3161 3162 3168 3167
f 3162 3157 3163 3168
f 3163 3164 3170 3169
f 3164 3165 3171 3170
f 3165 3166 3172 3171
f 3166 3167 3173 3172
f 3167 3168 3174 3173
f 3168 3163 3169 3174
f 3169 3170 3176 3175
f 3170 3171 3177 3176
f 3171 3172 3178 3177
f 3172 3173 3179 3178
f 3173 3174 3180 3179
f 3174 3169 3175 3180
f 3175 3176 3177 3178 3179 3180
f 3186 3185 3184 3183 3182 3181
f 3181 3182 3188 3187
f 3182 3183 3189 3188
f 3183 3184 3190 3189
f 3184 3185 3191 3190
f 3185 3186 3192 3191
f 3186 3181 3187 3192
f 3187 3188 3194 3193
f 3188 3189 3195 3194
f 3189 3190 3196 3195
f 3190 3191 3197 3196
f 3191 3192 3198 3197
f 3192 3187 3193 3198
f 3193 3194 3200 3199
f 3194 3195 3201 3200
f 3195 3196 3202 3201
f 3196 3197 3203 3202
f 3197 3198 3204 3203
f 3198 3193 3199 3204
f 3199 3200 3206 3205
f 3200 3201 3207 3206
f 3201 3202 3208 3207
f 3202 3203 3209 3208
f 3203 3204 3210 3209
f 3204 3199 3205 3210
f 3205 3206 3207 3208 3209 3210
f 3216 3215 3214 3213 3212 3211
f 3211 3212 3218 3217
f 3212 3213 3219 3218
f 3213 3214 3220 3219
f 3214 3215 3221 3220
f 3215 3216 3222 3221
f 3216 3211 3217 3222
f 3217 3218 3224 3223
f 3218 3219 3225 3224
f 3219 3220 3226 3225
f 3220 3221 3227 3226
f 3221 3222 3228 3227
f 3222 3217 3223 3228
f 3223 3224 3230 3229
f 3224 3225 3231 3230
f 3225 3226 3232 3231
f 3226 3227 3233 3232
f 3227 3228 3234 3233
f 3228 3223 3229 3234
f 3229 3230 3236 3235
f 3230 3231 3237 3236
f 3231 3232 3238 3237
f 3232 3233 3239 3238
f 3233 3234 3240 3239
f 3234 3229 3235 3240
f 3235 3236 3237 3238 3239 3240
f 3246 3245 3244 3243 3242 3241
f 3241 3242 3248 3247
f 3242 3243 3249 3248
f 3243 3244 3250 3249
f 3244 3245 3251 3250
f 3245 3246 3252 3251
f 3246 3241 3247 3252
f 3247 3248 3254 3253
f 3248 3249 3255 3254
f 3249 3250 3256 3255
f 3250 3251 3257 3256
f 3251 3252 3258 3257
f 3252 3247 3253 3258
f 3253 3254 3260 3259
f 3254 3255 3261 3260
f 3255 3256 3262 3261
f 3256 3257 3263 3262
f 3257 3258 3264 3263
f 3258 3253 3259 3264
f 3259 3260 3266 3265
f 3260 3261 3267 3266
f 3261 3262 3268 3267
f 3262 3263 3269 3268
f 3263 3264 3270 3269
f 3264 3259 3265 3270
f 3265 3266 3267 3268 3269 3270
f 3276 3275 3274 3273 3272 3271
f 3271 3272 3278 3277
f 3272 3273 3279 3278
f 3273 3274 3280 3279
f 3274 3275 3281 3280
f 3275 3276 3282 3281
f 3276 3271 3277 3282
f 3277 3278 3284 3283
f 3278 3279 3285 3284
f 3279 3280 3286 3285
f 3280 3281 3287 3286
f 3281 3282 3288 3287
f 3282 3277 3283 3288
f 3283 3284 3290 3289
f 3284 3285 3291 3290
f 3285 3286 3292 3291
f 3286 3287 3293 3292
f 3287 3288 3294 3293
f 3288 3283 3289 3294
f 3289 3290 3296 3295
f 3290 3291 3297 3296
f 3291 3292 3298 3297
f 3292 3293 3299 3298
f 3293 3294 3300 3299
f 3294 3289 3295 3300
f 3295 3296 3297 3298 3299 3300
f 3306 3305 3304 3303 3302 3301
f 3301 3302 3308 3307
f 3302 3303 3309 3308
f 3303 3304 3310 3309
f 3304 3305 3311 3310
f 3305 3306 3312 3311
f 3306 3301 3307 3312
f 3307 3308 3314 3313
f 3308 3309 3315 3314
f 3309 3310 3316 3315
f 3310 3311 3317 3316
f 3311 3312 3318 3317
f 3312 3307 3313 3318
f 3313 3314 3320 3319
f 3314 3315 3321 3320
f 3315 3316 3322 3321
f 3316 3317 3323 3322
f 3317 3318 3324 3323
f 3318 3313 3319 3324
f 3319 3320 3326 3325
f 3320 3321 3327 3326
f 3321 3322 3328 3327
f 3322 3323 3329 3328
f 3323 3324 3330 3329
f 3324 3319 3325 3330
f 3325 3326 3327 3328 3329 3330
f 3336 3335 3334 3333 3332 3331
f 3331 3332 3338 3337
f 3332 3333 3339 3338
f 3333 3334 3340 3339
f 3334 3335 3341 3340
f 3335 3336 3342 3341
f 3336 3331 3337 3342
f 3337 3338 3344 3343
f 3338 3339 3345 3344
f 3339 3340 3346 3345
f 3340 3341 3347 3346
f 3341 3342 3348 3347
f 3342 3337 3343 3348
f 3343 3344 3350 3349
f 3344 3345 3351 3350
f 3345 3346 3352 3351
f 3346 3347 3353 3352
f 3347 3348 3354 3353
f 3348 3343 3349 3354
f 3349 3350 3356 3355
f 3350 3351 3357 3356
f 3351 3352 3358 3357
f 3352 3353 3359 3358
f 3353 3354 3360 3359
f 3354 3349 3355 3360
f 3355 3356 3357 3358 3359 3360
f 3366 3365 3364 3363 3362 3361
f 3361 3362 3368 3367
f 3362 3363 3369 3368
f 3363 3364 3370 3369
f 3364 3365 3371 3370
f 3365 3366 3372 3371
f 3366 3361 3367 3372
f 3367 3368 3374 3373
f 3368 3369 3375 3374
f 3369 3370 3376 3375
f 3370 3371 3377 3376
f 3371 3372 3378 3377
f 3372 3367 3373 3378
f 3373 3374 3380 3379
f 3374 3375 3381 3380
f 3375 3376 3382 3381
f 3376 3377 3383 3382
f 3377 3378 3384 3383
f 3378 3373 3379 3384
f 3379 3380 3386 3385
f 3380 3381 3387 3386
f 3381 3382 3388 3387
f 3382 3383 3389 3388
f 3383 3384 3390 3389
f 3384 3379 3385 3390
f 3385 3386 3387 3388 3389 3390
f 3396 3395 3394 3393 3392 3391
f 3391 3392 3398 3397
f 3392 3393 3399 3398
f 3393 3394 3400 3399
f 3394 3395 3401 3400
f 3395 3396 3402 3401
f 3396 3391 3397 3402
f 3397 3398 3404 3403
f 3398 3399 3405 3404
f 3399 3400 3406 3405
f 3400 3401 3407 3406
f 3401 3402 3408 3407
f 3402 3397 3403 3408
f 3403 3404 3410 3409
f 3404 3405 3411 3410
f 3405 3406 3412 3411
f 3406 3407 3413 3412
f 3407 3408 3414 3413
f 3408 3403 3409 3414
f 3409 3410 3416 3415
f 3410 3411 3417 3416
f 3411 3412 3418 3417
f 3412 3413 3419 3418
f 3413 3414 3420 3419
f 3414 3409 3415 3420
f 3415 3416 3417 3418 3419 3420
f 3426 3425 3424 3423 3422 3421
f 3421 3422 3428 3427
f 3422 3423 3429 3428
f 3423 3424 3430 3429
f 3424 3425 3431 3430
f 3425 3426 3432 3431
f 3426 3421 3427 3432
f 3427 3428 3434 3433
f 3428 3429 3435 3434
f 3429 3430 3436 3435
f 3430 3431 3437 3436
f 3431 3432 3438 3437
f 3432 3427 3433 3438
f 3433 3434 3440 3439
f 3434 3435 3441 3440
f 3435 3436 3442 3441
f 3436 3437 3443 3442
f 3437 3438 3444 3443
f 3438 3433 3439 3444
f 3439 3440 3446 3445
f 3440 3441 3447 3446
f 3441 3442 3448 3447
f 3442 3443 3449 3448
f 3443 3444 3450 3449
f 3444 3439 3445 3450
f 3445 3446 3447 3448 3449 3450
f 3456 3455 3454 3453 3452 3451
f 3451 3452 3458 3457
f 3452 3453 3459 3458
f 3453 3454 3460 3459
f 3454 3455 3461 3460
f 3455 3456 3462 3461
f 3456 3451 3457 3462
f 3457 3458 3464 3463
f 3458 3459 3465 3464
f 3459 3460 3466 3465
f 3460 3461 3467 3466
f 3461 3462 3468 3467
f 3462 3457 3463 3468
f 3463 3464 3470 3469
f 3464 3465 3471 3470
f 3465 3466 3472 3471
f 3466 3467 3473 3472
f 3467 3468 3474 3473
f 3468 3463 3469 3474
f 3469 3470 3476 3475
f 3470 3471 3477 3476
f 3471 3472 3478 3477
f 3472 3473 3479 3478
f 3473 3474 3480 3479
f 3474 3469 3475 3480
f 3475 3476 3477 3478 3479 3480
f 3486 3485 3484 3483 3482 3481
f 3481 3482 3488 3487
f 3482 3483 3489 3488
f 3483 3484 3490 3489
f 3484 3485 3491 3490
f 3485 3486 3492 3491
f 3486 3481 3487 3492
f 3487 3488 3494 3493
f 3488 3489 3495 3494
f 3489 3490 3496 3495
f 3490 3491 3497 3496
f 3491 3492 3498 3497
f 3492 3487 3493 3498
f 3493 3494 3500 3499
f 3494 3495 3501 3500
f 3495 3496 3502 3501
f 3496 3497 3503 3502
f 3497 3498 3504 3503
f 3498 3493 3499 3504
f 3499 3500 3506 3505
f 3500 3501 3507 3506
f 3501 3502 3508 3507
f 3502 3503 3509 3508
f 3503 3504 3510 3509
f 3504 3499 3505 3510
f 3505 3506 3507 3508 3509 3510
f 3516 3515 3514 3513 3512 3511
f 3511 3512 3518 3517
f 3512 3513 3519 3518
f 3513 3514 3520 3519
f 3514 3515 3521 3520
f 3515 3516 3522 3521
f 3516 3511 3517 3522
f 3517 3518 3524 3523
f 3518 3519 3525 3524
f 3519 3520 3526 3525
f 3520 3521 3527 3526
f 3521 3522 3528 3527
f 3522 3517 3523 3528
f 3523 3524 3530 3529
f 3524 3525 3531 3530
f 3525 3526 3532 3531
f 3526 3527 3533 3532
f 3527 3528 3534 3533
f 3528 3523 3529 3534
f 3529 3530 3536 3535
f 3530 3531 3537 3536
f 3531 3532 3538 3537
f 3532 3533 3539 3538
f 3533 3534 3540 3539
f 3534 3529 3535 3540
f 3535 3536 3537 3538 3539 3540
f 3546 3545 3544 3543 3542 3541
f 3541 3542 3548 3547
f 3542 3543 3549 3548
f 3543 3544 3550 3549
f 3544 3545 3551 3550
f 3545 3546 3552 3551
f 3546 3541 3547 3552
f 3547 3548 3554 3553
f 3548 3549 3555 3554
f 3549 3550 3556 3555
f 3550 3551 3557 3556
f 3551 3552 3558 3557
f 3552 3547 3553 3558
f 3553 3554 3560 3559
f 3554 3555 3561 3560
f 3555 3556 3562 3561
f 3556 3557 3563 3562
f 3557 3558 3564 3563
f 3558 3553 3559 3564
f 3559 3560 3566 3565
f 3560 3561 3567 3566
f 3561 3562 3568 3567
f 3562 3563 3569 3568
f 3563 3564 3570 3569
f 3564 3559 3565 3570
f 3565 3566 3567 3568 3569 3570
f 3576 3575 3574 3573 3572 3571
f 3571 3572 3578 3577
f 3572 3573 3579 3578
f 3573 3574 3580 3579
f 3574 3575 3581 3580
f 3575 3576 3582 3581
f 3576 3571 3577 3582
f 3577 3578 3584 3583
f 3578 3579 3585 3584
f 3579 3580 3586 3585
f 3580 3581 3587 3586
f 3581 3582 3588 3587
f 3582 3577 3583 3588
f 3583 3584 3590 3589
f 3584 3585 3591 3590
f 3585 3586 3592 3591
f 3586 3587 3593 3592
f 3587 3588 3594 3593
f 3588 3583 3589 3594
f 3589 3590 3596 3595
f 3590 3591 3597 3596
f 3591 3592 3598 3597
f 3592 3593 3599 3598
f 3593 3594 3600 3599
f 3594 3589 3595 3600
f 3595 3596 3597 3598 3599 3600
f 3606 3605 3604 3603 3602 3601
f 3601 3602 3608 3607
f 3602 3603 3609 3608
f 3603 3604 3610 3609
f 3604 3605 3611 3610
f 3605 3606 3612 3611
f 3606 3601 3607 3612
f 3607 3608 3614 3613
f 3608 3609 3615 3614
f 3609 3610 3616 3615
f 3610 3611 3617 3616
f 3611 3612 3618 3617
f 3612 3607 3613 3618
f 3613 3614 3620 3619
f 3614 3615 3621 3620
f 3615 3616 3622 3621
f 3616 3617 3623 3622
f 3617 3618 3624 3623
f 3618 3613 3619 3624
f 3619 3620 3626 3625
f 3620 3621 3627 3626
f 3621 3622 3628 3627
f 3622 3623 3629 3628
f 3623 3624 3630 3629
f 3624 3619 3625 3630
f 3625 3626 3627 3628 3629 3630
